--------- beginning of main
09-16 17:02:26.771  1583  2182 I libsensor-displayalgo: the value of channelCali C:2445.034835,R:1417.808603,G:848.710419,B:563.090898,scales C:1.053362,R:0.940208,G:1.080438,B:1.016771
09-16 17:02:26.771  2350  2350 D WifiHAL : WifiRequest::create vendor command to iface 37, vendor_id=0x1a11, subcmd=0x1200, res=0
09-16 17:02:26.772  1583  2182 D libsensor-displayalgo: brightness:8191.000000,flat_mode:0.000000,R1:5811.911392,G1:4513.642911,B1:12977.546040,R2:4438.250133,G2:2914.314339,B2:12489.199109,R3:8163.021303,G3:7272.050112,B3:13792.414453,R4:6143.469282,G4:4921.768769,B4:13006.279290,EVENT C:6338.000000,R:3508.000000,G:2896.000000,B:1700.000000, lux: 187.947998
09-16 17:02:26.780  2350  2350 I WifiHAL : LLS RSP: data=0xb40000750e29d660, len=4292
09-16 17:02:26.781  2350  2350 I WifiHAL : LLS check_data_sanity: 1801: current_radio_stat->num_channels=28
09-16 17:02:26.781  2350  2350 I WifiHAL : LLS check_data_sanity: 1801: current_radio_stat->num_channels=0
09-16 17:02:26.781  2350  2350 I WifiHAL : LLS check_data_sanity: confirmed_size=4292, len=4292
--------- beginning of system
09-16 17:02:26.809  2628  2628 D ArtChoreographerMonitor: invoke error.
09-16 17:02:26.811  2628  2628 D ControlCenterHeaderExpandController: onExpansionChanged: progress =  0.0
09-16 17:02:26.817  2628  2628 D ControlCenterHeaderExpandController: onExpansionChanged: progress =  0.0
09-16 17:02:26.835  1064  1064 I BufferQueueProducer: [StatusBar#106](this:0xb400007b642df2b0,id:-1,api:0,p:-1,c:1064) queueBuffer: fps=0.66 dur=1510.43 max=1510.43 min=1510.43
09-16 17:02:26.838   969   969 I hwcomposer: [HWCDisplay] [Display_0 (type:1, mode:2)] fps:1.986766,dur:1509.99,max:1373.88,min:15.07  
09-16 17:02:26.838  2628  2628 D ControlCenterHeaderExpandController: onExpansionChanged: progress =  0.0
09-16 17:02:26.839   969  1656 I android.hardware.graphics.composer@3.2-service: Sensor: notify citsensorservice to trigger cwb
09-16 17:02:26.839  1583  2176 I libsensor-frameBufferManager: request dump start
09-16 17:02:26.839  1583  2176 D libcomposer_ext: ClientImplAidl::getDispDump(), dpy 1, dst (160, 120), dump_point 1, release_fence -1
09-16 17:02:26.841   969   969 D libcomposer_ext: DeviceImplAidl::syncPerform(14), client_handle: 1
09-16 17:02:26.841   969   969 D libcomposer_ext: DeviceImplAidl::DeviceClientContextAidl::ParseGetDispDump()
09-16 17:02:26.841   969   969 D libcomposer_ext: DeviceImplAidl::ParseGetDispDump(), dpy 1, dst (160, 120), dump_point 1
09-16 17:02:26.841   969   969 I hwcomposer: [HWC] getDispDump(), dpy 1, (822,7,982,127), (160, 120), (1, 2), (-1), (-1), (0xb400006f50ca61b0)  
09-16 17:02:26.841   969   969 I hwcomposer: [DRMDEV] isSupportWbParams(), id_crtc 103, id_connector 34, dump_point 1, src(160, 120), dst(160, 120), config 0  
09-16 17:02:26.842   969   969 E hwcomposer: [DRMDEV] isSupportWbParams(), disp(1220, 2712)  
09-16 17:02:26.842   969   969 I hwcomposer: [DISP_DUMP] setDumpBuf(), dpy(0), src(822, 7, 982, 127), dst(160, 120), (1, 2), -1, (-1), (0xb400006f50ca61b0)  
09-16 17:02:26.842   969   969 I hwcomposer: [HWC] (0)fire a callback of refresh to SF[9]  
09-16 17:02:26.856   969   969 D libcomposer_ext: DeviceImplAidl::DeviceClientContextAidl::NotifyDispDumpReady()
09-16 17:02:26.857  1583  1583 D libcomposer_ext: ClientCallbackAidl::asyncPerform(15)
09-16 17:02:26.857  1583  1583 D libcomposer_ext: ClientImplAidl::ParseNotifyDispDumpReady()
09-16 17:02:26.871  1583  2182 I libsensor-displayalgo: the value of channelCali C:2445.034835,R:1417.808603,G:848.710419,B:563.090898,scales C:1.053362,R:0.940208,G:1.080438,B:1.016771
09-16 17:02:26.871  1583  2182 D libsensor-displayalgo: brightness:8191.000000,flat_mode:0.000000,R1:5811.911392,G1:4513.642911,B1:12977.546040,R2:4438.250133,G2:2914.314339,B2:12489.199109,R3:8163.021303,G3:7272.050112,B3:13792.414453,R4:6143.469282,G4:4921.768769,B4:13006.279290,EVENT C:6345.000000,R:3512.000000,G:2899.000000,B:1701.000000, lux: 188.299149
09-16 17:02:26.878   979  1143 E HfLooper: sensor imu_hand_detect in hal data=1000,999,0,0,10148,109
09-16 17:02:26.886  1583  2177 D libsensor-parseRGB: the value of RGB [51.410767 45.829881 74.068405]
09-16 17:02:26.973  1583  2182 I libsensor-displayalgo: the value of channelCali C:2445.034835,R:1417.808603,G:848.710419,B:563.090898,scales C:1.053362,R:0.940208,G:1.080438,B:1.016771
09-16 17:02:26.973  1583  2182 D libsensor-displayalgo: brightness:8191.000000,flat_mode:0.000000,R1:5811.911392,G1:4513.642911,B1:12977.546040,R2:4438.250133,G2:2914.314339,B2:12489.199109,R3:8163.021303,G3:7272.050112,B3:13792.414453,R4:6143.469282,G4:4921.768769,B4:13006.279290,EVENT C:6349.000000,R:3510.000000,G:2901.000000,B:1700.000000, lux: 197.314865
09-16 17:02:26.985   969  1669 I hwcomposer: [HWC] (0)fire a callback of refresh to SF[4]  
09-16 17:02:27.006  2628  2628 D ArtChoreographerMonitor: invoke error.
09-16 17:02:27.013  1064  1064 I BufferQueueProducer: [FramebufferSurface](this:0xb400007aa4096710,id:-1,api:1,p:1064,c:1064) queueBuffer: fps=0.65 dur=1549.46 max=1549.46 min=1549.46
09-16 17:02:27.112  1808  2301 I SmartPower: com.google.android.cellbroadcastreceiver/10268(30310): background->idle(3004ms) R(broadcast start Intent { act=android.intent.action.SERVICE_STATE flg=0x1000010 (has extras) }) adj=905.
09-16 17:02:27.268   993  1035 I libPerfCtl: xgfGetFPS pid:2628 fps:-1
09-16 17:02:27.269   993  1035 I libPerfCtl: xgfGetFPS pid:6607 fps:-1
09-16 17:02:27.269   993  1035 I libPerfCtl: xgfGetFPS pid:24065 fps:-1
09-16 17:02:27.283   979  1143 E HfLooper: sensor imu_hand_detect in hal data=1000,999,0,0,10068,47
09-16 17:02:27.607  2614  2614 W Settings: Setting airplane_mode_on has moved from android.provider.Settings.System to android.provider.Settings.Global, returning read-only value.
09-16 17:02:27.609  2614  2614 W Settings: Setting airplane_mode_on has moved from android.provider.Settings.System to android.provider.Settings.Global, returning read-only value.
09-16 17:02:27.614  2614 19671 D NetworkSpeedTracker: updateSignalInfo lteRsrp=-96lteSnr=-2,phoneId=0
09-16 17:02:27.615  2614 19671 D NetworkSpeedTracker: updateSignalInfo nrRsrp= -109,nrSnr= -7,phoneId= 0
09-16 17:02:27.615  2614  3126 D SelfStudyController: handleMessage msg.what is 1035
09-16 17:02:27.617 15795 15795 D YellowPage.Network: onSignalStrengthsChanged()
09-16 17:02:27.618  2614  3113 D MiuiTelephonyDFS: msg.what = 2
09-16 17:02:27.618  2614  3113 D MiuiTelephonyDFS: getVoiceRat = 13
09-16 17:02:27.618  2614  3113 D MiuiTelephonyDFS: getRsrp = -96
09-16 17:02:27.619  2614  3113 D MiuiTelephonyDFS: getVoiceRat = 13
09-16 17:02:27.619  2614  3113 D MiuiTelephonyDFS: getSnr = -2
09-16 17:02:27.619  2614  3113 D MiSight::  constructEvent id=915100005
09-16 17:02:27.619  2614  3113 D MiSight::  sendEvent id=915100005
09-16 17:02:27.619  2614  3113 D MiSightJni: MiSight: Java_com_miui_misight_MiSight_nativeSendEvent enter called. '{"SNRValue":-2}'
09-16 17:02:27.621  2614  3113 D MiEvent : MiEvent: this 0x6c9d9a80c0, paylod=0xb400006efa4db670
09-16 17:02:27.622  2614  3113 D MiEvent : flatten EventId 915100005 -t 1758052947 -paraList {"SNRValue":-2}
09-16 17:02:27.623  2614  3113 I MiEvent : report:no open miev 2
09-16 17:02:27.623  2614  3113 D MiEvent : ~MiEvent: this 0x6c9d9a80c0, paylod=0xb400006efa4db670
09-16 17:02:27.624  2614  3113 E MiSightJni: MiSight: nativeSendEvent fail
09-16 17:02:27.624  2614  3113 D MiuiTelephonyDFS: msg.what = 3
09-16 17:02:27.630 15795 15795 D YellowPage.Network: onSignalStrengthsChanged()
09-16 17:02:27.633  2614 19671 D NetworkSpeedTracker: updateSignalInfo lteRsrp=-96lteSnr=-2,phoneId=0
09-16 17:02:27.633  2614 19671 D NetworkSpeedTracker: updateSignalInfo nrRsrp= -109,nrSnr= -7,phoneId= 0
09-16 17:02:27.633  2614  3126 D SelfStudyController: handleMessage msg.what is 1035
09-16 17:02:27.635  2614  3113 D MiuiTelephonyDFS: msg.what = 2
09-16 17:02:27.635  2614  3113 D MiuiTelephonyDFS: getVoiceRat = 13
09-16 17:02:27.635  2614  3113 D MiuiTelephonyDFS: getRsrp = -96
09-16 17:02:27.636  2614  3113 D MiuiTelephonyDFS: getVoiceRat = 13
09-16 17:02:27.636  2614  3113 D MiuiTelephonyDFS: getSnr = -2
09-16 17:02:27.636  2614  3113 D MiSight::  constructEvent id=915100005
09-16 17:02:27.636  2614  3113 D MiSight::  sendEvent id=915100005
09-16 17:02:27.636  2614  3113 D MiSightJni: MiSight: Java_com_miui_misight_MiSight_nativeSendEvent enter called. '{"SNRValue":-2}'
09-16 17:02:27.636  2614  3113 D MiEvent : MiEvent: this 0x6c9d9a80c0, paylod=0xb400006efa4db670
09-16 17:02:27.636  2614  3113 D MiEvent : flatten EventId 915100005 -t 1758052947 -paraList {"SNRValue":-2}
09-16 17:02:27.636  2614  3113 I MiEvent : report:no open miev 2
09-16 17:02:27.636  2614  3113 D MiEvent : ~MiEvent: this 0x6c9d9a80c0, paylod=0xb400006efa4db670
09-16 17:02:27.636  2614  3113 E MiSightJni: MiSight: nativeSendEvent fail
09-16 17:02:27.684   979  1143 E HfLooper: sensor imu_hand_detect in hal data=1000,999,0,0,10048,24
09-16 17:02:27.730   571  6093 I keystore2: system/security/keystore2/watchdog/src/lib.rs:319 - Watchdog thread idle -> terminating. Have a great day.
09-16 17:02:27.972  1583  2182 I libsensor-displayalgo: the value of channelCali C:2445.034835,R:1417.808603,G:848.710419,B:563.090898,scales C:1.053362,R:0.940208,G:1.080438,B:1.016771
09-16 17:02:27.972  1583  2182 D libsensor-displayalgo: brightness:8191.000000,flat_mode:0.000000,R1:5811.911392,G1:4513.642911,B1:12977.546040,R2:4438.250133,G2:2914.314339,B2:12489.199109,R3:8163.021303,G3:7272.050112,B3:13792.414453,R4:6143.469282,G4:4921.768769,B4:13006.279290,EVENT C:6335.000000,R:3517.000000,G:2891.000000,B:1698.000000, lux: 187.284088
09-16 17:02:28.019  6607  6174 I Finsky  : [3106] Triggered update for experiment package com.google.android.finsky.stable.
09-16 17:02:28.035  6607  6174 I Finsky  : [3106] Already at the latest configurations for experiment package com.google.android.finsky.stable.
09-16 17:02:28.035  6607  6174 I Finsky  : [3106] Triggered update for experiment package com.google.android.finsky.regular.
09-16 17:02:28.041  6607  6174 I Finsky  : [3106] Already at the latest configurations for experiment package com.google.android.finsky.regular.
09-16 17:02:28.041  6607  6174 I Finsky  : [3106] Triggered update for experiment package com.google.android.finsky.regular.
09-16 17:02:28.047  6607  6174 I Finsky  : [3106] Already at the latest configurations for experiment package com.google.android.finsky.regular.
09-16 17:02:28.047  6607  6174 I Finsky  : [3106] Triggered update for experiment package com.google.android.finsky.regular.
09-16 17:02:28.053  6607  6174 I Finsky  : [3106] Already at the latest configurations for experiment package com.google.android.finsky.regular.
09-16 17:02:28.053  6607  6174 I Finsky  : [3106] Triggered update for experiment package com.google.android.finsky.regular.
09-16 17:02:28.056  6607  6174 I Finsky  : [3106] Already at the latest configurations for experiment package com.google.android.finsky.regular.
09-16 17:02:28.069  1583  2182 I libsensor-displayalgo: the value of channelCali C:2445.034835,R:1417.808603,G:848.710419,B:563.090898,scales C:1.053362,R:0.940208,G:1.080438,B:1.016771
09-16 17:02:28.069  1583  2182 D libsensor-displayalgo: brightness:8191.000000,flat_mode:0.000000,R1:5811.911392,G1:4513.642911,B1:12977.546040,R2:4438.250133,G2:2914.314339,B2:12489.199109,R3:8163.021303,G3:7272.050112,B3:13792.414453,R4:6143.469282,G4:4921.768769,B4:13006.279290,EVENT C:6207.000000,R:3454.000000,G:2828.000000,B:1665.000000, lux: 180.531952
09-16 17:02:28.083   979  1143 E HfLooper: sensor imu_hand_detect in hal data=1000,999,0,0,10152,160
09-16 17:02:28.170  1583  2182 I libsensor-displayalgo: the value of channelCali C:2445.034835,R:1417.808603,G:848.710419,B:563.090898,scales C:1.053362,R:0.940208,G:1.080438,B:1.016771
09-16 17:02:28.170  1583  2182 D libsensor-displayalgo: brightness:8191.000000,flat_mode:0.000000,R1:5811.911392,G1:4513.642911,B1:12977.546040,R2:4438.250133,G2:2914.314339,B2:12489.199109,R3:8163.021303,G3:7272.050112,B3:13792.414453,R4:6143.469282,G4:4921.768769,B4:13006.279290,EVENT C:5999.000000,R:3343.000000,G:2725.000000,B:1609.000000, lux: 170.136292
09-16 17:02:28.266  1808  2297 E HyperSentinel: -------------------------------------------------------
09-16 17:02:28.266  1808  2297 E HyperSentinel: Event_OpenFileFDSize
09-16 17:02:28.266  1808  2297 E HyperSentinel: -> audit event by proc 1808 "system_server": Fd increasement, peak, 1219 -> 1049
09-16 17:02:28.267  1808  2296 D MiuiSentinelService: begin judgment FdAmountLeakException
09-16 17:02:28.269  1808  1900 I ThermalObserver: Temperature control has been released.
09-16 17:02:28.269   993  1035 I libPerfCtl: xgfGetFPS pid:2628 fps:-1
09-16 17:02:28.269   993  1035 I libPerfCtl: xgfGetFPS pid:6607 fps:-1
09-16 17:02:28.269   993  1035 I libPerfCtl: xgfGetFPS pid:24065 fps:-1
09-16 17:02:28.271  1583  2182 I libsensor-displayalgo: the value of channelCali C:2445.034835,R:1417.808603,G:848.710419,B:563.090898,scales C:1.053362,R:0.940208,G:1.080438,B:1.016771
09-16 17:02:28.272  1583  2182 D libsensor-displayalgo: brightness:8191.000000,flat_mode:0.000000,R1:5811.911392,G1:4513.642911,B1:12977.546040,R2:4438.250133,G2:2914.314339,B2:12489.199109,R3:8163.021303,G3:7272.050112,B3:13792.414453,R4:6143.469282,G4:4921.768769,B4:13006.279290,EVENT C:5891.000000,R:3294.000000,G:2673.000000,B:1581.000000, lux: 164.109009
09-16 17:02:28.374  1583  2182 I libsensor-displayalgo: the value of channelCali C:2445.034835,R:1417.808603,G:848.710419,B:563.090898,scales C:1.053362,R:0.940208,G:1.080438,B:1.016771
09-16 17:02:28.375  1583  2182 D libsensor-displayalgo: brightness:8191.000000,flat_mode:0.000000,R1:5811.911392,G1:4513.642911,B1:12977.546040,R2:4438.250133,G2:2914.314339,B2:12489.199109,R3:8163.021303,G3:7272.050112,B3:13792.414453,R4:6143.469282,G4:4921.768769,B4:13006.279290,EVENT C:5883.000000,R:3291.000000,G:2669.000000,B:1579.000000, lux: 163.629807
09-16 17:02:28.375  1583  2182 I libsensor-displayalgo: ##### the value of lux: 164.109009, cct: 0.000000
09-16 17:02:28.375  1583  2182 I libsensor-ssccalapi: Enter calibrateApi process_msg
09-16 17:02:28.375  1583  2182 I libsensor-ssccalapi: Sensorgroup get sensor, find 33171111 sensor success
09-16 17:02:28.376  1583  2182 E HfManager: successfully try 1 times to wait device ready
09-16 17:02:28.379  1583  2182 E libsensor-ssccalapi: [CAL_LUX_VALUE_NOTIFY] 201.000000 164.109009 0.000000 =>   104 164109     0
09-16 17:02:28.381  1583  2182 E HfManager: HfManager::configCalibration sensor = 108 err = 0
09-16 17:02:28.441  1808  2737 D SLM-SRV-SLAService: checktemp temperature = 33909 temperature_average = 33794 isPerformanceMode = false thermal_enable_slm = true
09-16 17:02:28.467   979  1143 I HfLooper: sensor light = 164.000000
09-16 17:02:28.468  1516  2357 D AALService: [CRTC_103] onALIChanged: 186 -> 164
09-16 17:02:28.470  1583  2182 I libsensor-displayalgo: the value of channelCali C:2445.034835,R:1417.808603,G:848.710419,B:563.090898,scales C:1.053362,R:0.940208,G:1.080438,B:1.016771
09-16 17:02:28.470  1583  2182 D libsensor-displayalgo: brightness:8191.000000,flat_mode:0.000000,R1:5811.911392,G1:4513.642911,B1:12977.546040,R2:4438.250133,G2:2914.314339,B2:12489.199109,R3:8163.021303,G3:7272.050112,B3:13792.414453,R4:6143.469282,G4:4921.768769,B4:13006.279290,EVENT C:5922.000000,R:3312.000000,G:2687.000000,B:1588.000000, lux: 165.624924
09-16 17:02:28.486   979  1143 E HfLooper: sensor imu_hand_detect in hal data=1000,999,0,0,10203,147
09-16 17:02:28.572  1583  2182 I libsensor-displayalgo: the value of channelCali C:2445.034835,R:1417.808603,G:848.710419,B:563.090898,scales C:1.053362,R:0.940208,G:1.080438,B:1.016771
09-16 17:02:28.573  1583  2182 D libsensor-displayalgo: brightness:8191.000000,flat_mode:0.000000,R1:5811.911392,G1:4513.642911,B1:12977.546040,R2:4438.250133,G2:2914.314339,B2:12489.199109,R3:8163.021303,G3:7272.050112,B3:13792.414453,R4:6143.469282,G4:4921.768769,B4:13006.279290,EVENT C:5921.000000,R:3315.000000,G:2691.000000,B:1591.000000, lux: 165.134842
09-16 17:02:28.673  1583  2182 I libsensor-displayalgo: the value of channelCali C:2445.034835,R:1417.808603,G:848.710419,B:563.090898,scales C:1.053362,R:0.940208,G:1.080438,B:1.016771
09-16 17:02:28.674  1583  2182 D libsensor-displayalgo: brightness:8191.000000,flat_mode:0.000000,R1:5811.911392,G1:4513.642911,B1:12977.546040,R2:4438.250133,G2:2914.314339,B2:12489.199109,R3:8163.021303,G3:7272.050112,B3:13792.414453,R4:6143.469282,G4:4921.768769,B4:13006.279290,EVENT C:5903.000000,R:3307.000000,G:2680.000000,B:1586.000000, lux: 164.237656
09-16 17:02:28.743  1808  1808 E AmlWifiScoreReportInjector: current network is in roaming environment
09-16 17:02:28.744  1808  1808 I AmlMiuiThirdPartScorer: same score, no send
09-16 17:02:28.770  1583  2182 I libsensor-displayalgo: the value of channelCali C:2445.034835,R:1417.808603,G:848.710419,B:563.090898,scales C:1.053362,R:0.940208,G:1.080438,B:1.016771
09-16 17:02:28.771  1583  2182 D libsensor-displayalgo: brightness:8191.000000,flat_mode:0.000000,R1:5811.911392,G1:4513.642911,B1:12977.546040,R2:4438.250133,G2:2914.314339,B2:12489.199109,R3:8163.021303,G3:7272.050112,B3:13792.414453,R4:6143.469282,G4:4921.768769,B4:13006.279290,EVENT C:5903.000000,R:3301.000000,G:2679.000000,B:1585.000000, lux: 164.672028
09-16 17:02:28.871  1583  2182 I libsensor-displayalgo: the value of channelCali C:2445.034835,R:1417.808603,G:848.710419,B:563.090898,scales C:1.053362,R:0.940208,G:1.080438,B:1.016771
09-16 17:02:28.872  1583  2182 D libsensor-displayalgo: brightness:8191.000000,flat_mode:0.000000,R1:5811.911392,G1:4513.642911,B1:12977.546040,R2:4438.250133,G2:2914.314339,B2:12489.199109,R3:8163.021303,G3:7272.050112,B3:13792.414453,R4:6143.469282,G4:4921.768769,B4:13006.279290,EVENT C:5895.000000,R:3296.000000,G:2674.000000,B:1583.000000, lux: 164.374100
09-16 17:02:28.881   979  1143 E HfLooper: sensor imu_hand_detect in hal data=1000,999,0,0,10204,147
09-16 17:02:28.973  1583  2182 I libsensor-displayalgo: the value of channelCali C:2445.034835,R:1417.808603,G:848.710419,B:563.090898,scales C:1.053362,R:0.940208,G:1.080438,B:1.016771
09-16 17:02:28.973  1583  2182 D libsensor-displayalgo: brightness:8191.000000,flat_mode:0.000000,R1:5811.911392,G1:4513.642911,B1:12977.546040,R2:4438.250133,G2:2914.314339,B2:12489.199109,R3:8163.021303,G3:7272.050112,B3:13792.414453,R4:6143.469282,G4:4921.768769,B4:13006.279290,EVENT C:5871.000000,R:3284.000000,G:2662.000000,B:1574.000000, lux: 163.111969
09-16 17:02:29.070  1583  2182 I libsensor-displayalgo: the value of channelCali C:2445.034835,R:1417.808603,G:848.710419,B:563.090898,scales C:1.053362,R:0.940208,G:1.080438,B:1.016771
09-16 17:02:29.070  1583  2182 D libsensor-displayalgo: brightness:8191.000000,flat_mode:0.000000,R1:5811.911392,G1:4513.642911,B1:12977.546040,R2:4438.250133,G2:2914.314339,B2:12489.199109,R3:8163.021303,G3:7272.050112,B3:13792.414453,R4:6143.469282,G4:4921.768769,B4:13006.279290,EVENT C:5854.000000,R:3278.000000,G:2657.000000,B:1573.000000, lux: 161.909637
09-16 17:02:29.170  1583  2182 I libsensor-displayalgo: the value of channelCali C:2445.034835,R:1417.808603,G:848.710419,B:563.090898,scales C:1.053362,R:0.940208,G:1.080438,B:1.016771
09-16 17:02:29.171  1583  2182 D libsensor-displayalgo: brightness:8191.000000,flat_mode:0.000000,R1:5811.911392,G1:4513.642911,B1:12977.546040,R2:4438.250133,G2:2914.314339,B2:12489.199109,R3:8163.021303,G3:7272.050112,B3:13792.414453,R4:6143.469282,G4:4921.768769,B4:13006.279290,EVENT C:5836.000000,R:3265.000000,G:2646.000000,B:1568.000000, lux: 161.336746
09-16 17:02:29.269   993  1035 I libPerfCtl: xgfGetFPS pid:2628 fps:-1
09-16 17:02:29.271  1583  2182 I libsensor-displayalgo: the value of channelCali C:2445.034835,R:1417.808603,G:848.710419,B:563.090898,scales C:1.053362,R:0.940208,G:1.080438,B:1.016771
09-16 17:02:29.272  1583  2182 D libsensor-displayalgo: brightness:8191.000000,flat_mode:0.000000,R1:5811.911392,G1:4513.642911,B1:12977.546040,R2:4438.250133,G2:2914.314339,B2:12489.199109,R3:8163.021303,G3:7272.050112,B3:13792.414453,R4:6143.469282,G4:4921.768769,B4:13006.279290,EVENT C:5803.000000,R:3245.000000,G:2630.000000,B:1558.000000, lux: 159.817734
09-16 17:02:29.284   979  1143 E HfLooper: sensor imu_hand_detect in hal data=1000,999,0,0,10096,87
09-16 17:02:29.320  2628  2628 D ArtChoreographerMonitor: invoke error.
09-16 17:02:29.325  2628  2628 D ControlCenterHeaderExpandController: onExpansionChanged: progress =  0.0
09-16 17:02:29.337  2628  2628 D ControlCenterHeaderExpandController: onExpansionChanged: progress =  0.0
09-16 17:02:29.343  1064  1064 I BufferQueueProducer: [StatusBar#106](this:0xb400007b642df2b0,id:-1,api:0,p:-1,c:1064) queueBuffer: fps=0.40 dur=2507.35 max=2507.35 min=2507.35
09-16 17:02:29.343  2628  2628 D ControlCenterHeaderExpandController: onExpansionChanged: progress =  0.0
09-16 17:02:29.346   969   969 I hwcomposer: [HWCDisplay] [Display_0 (type:1, mode:2)] fps:1.196360,dur:2507.61,max:2331.67,min:17.42  
09-16 17:02:29.347   969  1656 I android.hardware.graphics.composer@3.2-service: Sensor: notify citsensorservice to trigger cwb
09-16 17:02:29.348  1583  2176 I libsensor-frameBufferManager: request dump start
09-16 17:02:29.348  1583  2176 D libcomposer_ext: ClientImplAidl::getDispDump(), dpy 1, dst (160, 120), dump_point 1, release_fence -1
09-16 17:02:29.350   969   969 D libcomposer_ext: DeviceImplAidl::syncPerform(14), client_handle: 1
09-16 17:02:29.350   969   969 D libcomposer_ext: DeviceImplAidl::DeviceClientContextAidl::ParseGetDispDump()
09-16 17:02:29.350   969   969 D libcomposer_ext: DeviceImplAidl::ParseGetDispDump(), dpy 1, dst (160, 120), dump_point 1
09-16 17:02:29.350   969   969 I hwcomposer: [HWC] getDispDump(), dpy 1, (822,7,982,127), (160, 120), (1, 2), (-1), (-1), (0xb400006f50ca62d0)  
09-16 17:02:29.351   969   969 I hwcomposer: [DRMDEV] isSupportWbParams(), id_crtc 103, id_connector 34, dump_point 1, src(160, 120), dst(160, 120), config 0  
09-16 17:02:29.351   969   969 E hwcomposer: [DRMDEV] isSupportWbParams(), disp(1220, 2712)  
09-16 17:02:29.351   969   969 I hwcomposer: [DISP_DUMP] setDumpBuf(), dpy(0), src(822, 7, 982, 127), dst(160, 120), (1, 2), -1, (-1), (0xb400006f50ca62d0)  
09-16 17:02:29.351   969   969 I hwcomposer: [HWC] (0)fire a callback of refresh to SF[9]  
09-16 17:02:29.363   969   969 D libcomposer_ext: DeviceImplAidl::DeviceClientContextAidl::NotifyDispDumpReady()
09-16 17:02:29.365  1583  1583 D libcomposer_ext: ClientCallbackAidl::asyncPerform(15)
09-16 17:02:29.365  1583  1583 D libcomposer_ext: ClientImplAidl::ParseNotifyDispDumpReady()
09-16 17:02:29.369  1583  2182 I libsensor-displayalgo: the value of channelCali C:2445.034835,R:1417.808603,G:848.710419,B:563.090898,scales C:1.053362,R:0.940208,G:1.080438,B:1.016771
09-16 17:02:29.369  1583  2182 D libsensor-displayalgo: brightness:8191.000000,flat_mode:0.000000,R1:5811.911392,G1:4513.642911,B1:12977.546040,R2:4438.250133,G2:2914.314339,B2:12489.199109,R3:8163.021303,G3:7272.050112,B3:13792.414453,R4:6143.469282,G4:4921.768769,B4:13006.279290,EVENT C:5775.000000,R:3231.000000,G:2615.000000,B:1549.000000, lux: 158.406342
09-16 17:02:29.393  1583  2177 D libsensor-parseRGB: the value of RGB [51.410767 45.829881 74.068405]
09-16 17:02:29.471  1583  2182 I libsensor-displayalgo: the value of channelCali C:2445.034835,R:1417.808603,G:848.710419,B:563.090898,scales C:1.053362,R:0.940208,G:1.080438,B:1.016771
09-16 17:02:29.472  1583  2182 D libsensor-displayalgo: brightness:8191.000000,flat_mode:0.000000,R1:5811.911392,G1:4513.642911,B1:12977.546040,R2:4438.250133,G2:2914.314339,B2:12489.199109,R3:8163.021303,G3:7272.050112,B3:13792.414453,R4:6143.469282,G4:4921.768769,B4:13006.279290,EVENT C:5766.000000,R:3230.000000,G:2612.000000,B:1548.000000, lux: 157.643845
09-16 17:02:29.489   969  1669 I hwcomposer: [HWC] (0)fire a callback of refresh to SF[4]  
09-16 17:02:29.504  1064  1064 I BufferQueueProducer: [FramebufferSurface](this:0xb400007aa4096710,id:-1,api:1,p:1064,c:1064) queueBuffer: fps=0.40 dur=2490.76 max=2490.76 min=2490.76
09-16 17:02:29.510  2628  2628 D ArtChoreographerMonitor: invoke error.
09-16 17:02:29.688   979  1143 E HfLooper: sensor imu_hand_detect in hal data=1000,1000,0,0,10046,27
09-16 17:02:29.797  2350  2350 D WifiHAL : WifiRequest::create vendor command to iface 37, vendor_id=0x1a11, subcmd=0x1200, res=0
09-16 17:02:29.816  2350  2350 I WifiHAL : LLS RSP: data=0xb40000750e29d660, len=4292
09-16 17:02:29.816  2350  2350 I WifiHAL : LLS check_data_sanity: 1801: current_radio_stat->num_channels=28
09-16 17:02:29.816  2350  2350 I WifiHAL : LLS check_data_sanity: 1801: current_radio_stat->num_channels=0
09-16 17:02:29.816  2350  2350 I WifiHAL : LLS check_data_sanity: confirmed_size=4292, len=4292
09-16 17:02:30.087   979  1143 E HfLooper: sensor imu_hand_detect in hal data=1000,999,0,0,10034,13
09-16 17:02:30.220  1808  2160 I MIUIInput: [MotionEvent] notifyMotion - eventTime=19073487076000, deviceId=6, source=0x1002, policyFlags=0x0, action=0x0, flags=0x0, downTime=19073487076000
09-16 17:02:30.221  1132  1132 I touch_boost: enable=1, boost_up=0, boost_down=1, render_deboost=0, active_time=100, duration=50, idleprefer(TA,FG)=(1,1), util(TA,FG)=(1,1), freq(c0,c1,c2)=(1100000,1400000,400000)
09-16 17:02:30.221  1132  1132 I mtkpower_client: perf_lock_acq, hdl:0, dur:50, num:14, pid:1132, tid:1132
09-16 17:02:30.223  1808  2159 I MIUIInput: [MotionEvent] publisher action=0x0, deviceId=6, 19073487, channel '27c0ed6 com.android.chrome/org.chromium.chrome.browser.customtabs.TranslucentCustomTabActivity (server)'
09-16 17:02:30.223  1808  2159 I MIUIInput: [MotionEvent] publisher action=0x0, deviceId=6, 19073487, channel '[Gesture Monitor] miui-touch-fod (server)'
09-16 17:02:30.223  1808  2159 I MIUIInput: [MotionEvent] publisher action=0x0, deviceId=6, 19073487, channel '[Gesture Monitor] miui-gesture (server)'
09-16 17:02:30.223  1132  1132 I mtkpower_client: IMtkPowerService_isDeclared 1
09-16 17:02:30.224  1808  2286 I ProcessManager: getRenderThreadTidByPid, caller=1808
09-16 17:02:30.224  7072  7072 I MIUIInput: [MotionEvent] ViewRootImpl windowName 'com.android.chrome/org.chromium.chrome.browser.customtabs.TranslucentCustomTabActivity', { action=ACTION_DOWN, id[0]=0, pointerCount=1, eventTime=19073487, downTime=19073487, phoneEventTime=17:02:30.220 } moveCount:0
09-16 17:02:30.225  1064  1703 D DisplayModeController: setDesiredMode 4627039422300187648 {mode={fps=120.00 Hz, modePtr={id=2, vsyncRate=120.00 Hz, peakRefreshRate=120.00 Hz}}, emitEvent=true, force=false}
09-16 17:02:30.225  1001  1098 I libPowerHal: [perfLockAcq] idx:0 hdl:12110 hint:25 pid:1001 tid:1001 duration:10000 lock_user:vendor.mediatek => ret_hdl:12110
09-16 17:02:30.226  1064  1703 D Scheduler: MtkOverrideDuration: update vsync 120
09-16 17:02:30.226  1064  1703 E SurfaceFlinger: MtkDuration override mode is disabled
09-16 17:02:30.226  1064  1703 D Scheduler: MtkOverrideDuration: reset override duration
09-16 17:02:30.226  1064  1703 I PowerHalWrapper: updateFps(): 120
09-16 17:02:30.226  1132  1132 I mtkpower_client: ret_hdl:12111
09-16 17:02:30.227   969   969 I hwcomposer: [HWCDisplay] (0) setActiveConfigWithConstraints config:2  
09-16 17:02:30.227   969   969 I hwcomposer: [HWCDisplay] setActiveConfigWithConstraints(), now 19073494635059, diff 271000, estimated_applied_time 16666667 queued_size:0  
09-16 17:02:30.227  1001  1098 I libPowerHal: [perfLockAcq] idx:1 hdl:12111 hint:-1 pid:1132 tid:1132 duration:50 lock_user:touch_boost => ret_hdl:12111
09-16 17:02:30.227  1001  1098 I libPowerHal: [setClusterFreq] touch_boost set cpufreq[0] min:1100000 max:-1 cpufreq[1] min:1400000 max:-1 cpufreq[2] min:400000 max:-1 
09-16 17:02:30.228  1001  1098 I libPowerHal: [setClusterFreq]  set cpu_ctrl cpufreq: 1100000 -1 1400000 -1 -1 -1 
09-16 17:02:30.228  1001  1098 I libPowerHal: [PE] touch_boost update cmd:1404100, param:1
09-16 17:02:30.228  1001  1098 I libPowerHal: [PE] touch_boost update cmd:1404300, param:1
09-16 17:02:30.228   969  1656 I android.hardware.graphics.composer@3.2-service: Sensor: notify citsensorservice to trigger cwb
09-16 17:02:30.229  1583  2176 I libsensor-frameBufferManager: request dump start
09-16 17:02:30.229  1583  2176 D libcomposer_ext: ClientImplAidl::getDispDump(), dpy 1, dst (160, 120), dump_point 1, release_fence -1
09-16 17:02:30.229   969   969 D libcomposer_ext: DeviceImplAidl::syncPerform(14), client_handle: 1
09-16 17:02:30.229   969   969 D libcomposer_ext: DeviceImplAidl::DeviceClientContextAidl::ParseGetDispDump()
09-16 17:02:30.229   969   969 D libcomposer_ext: DeviceImplAidl::ParseGetDispDump(), dpy 1, dst (160, 120), dump_point 1
09-16 17:02:30.229   969   969 I hwcomposer: [HWC] getDispDump(), dpy 1, (822,7,982,127), (160, 120), (1, 2), (-1), (-1), (0xb400006f50ca3030)  
09-16 17:02:30.229   969   969 I hwcomposer: [DRMDEV] isSupportWbParams(), id_crtc 103, id_connector 34, dump_point 1, src(160, 120), dst(160, 120), config 2  
09-16 17:02:30.229   969   969 E hwcomposer: [DRMDEV] isSupportWbParams(), disp(1220, 2712)  
09-16 17:02:30.229   969   969 I hwcomposer: [DISP_DUMP] setDumpBuf(), dpy(0), src(822, 7, 982, 127), dst(160, 120), (1, 2), -1, (-1), (0xb400006f50ca3030)  
09-16 17:02:30.230   969   969 I hwcomposer: [HWC] (0)fire a callback of refresh to SF[9]  
09-16 17:02:30.234  1001  1098 I libPowerHal: [PE] touch_boost update cmd:1408100, param:1
09-16 17:02:30.234  1001  1098 I libPowerHal: [PE] touch_boost update cmd:1408300, param:1
09-16 17:02:30.237   969  1721 I hwcomposer: [HWCDisplay] updateAppliedConfigState: applied config complete[idx:19073511301726, config:2]  
09-16 17:02:30.240  1064  1064 I PowerHalWrapper: updateFps(): 120
09-16 17:02:30.241  1064  1064 I PowerHalWrapper: updateFps(): 120
09-16 17:02:30.243   969   969 D libcomposer_ext: DeviceImplAidl::DeviceClientContextAidl::NotifyDispDumpReady()
09-16 17:02:30.244  1583  1583 D libcomposer_ext: ClientCallbackAidl::asyncPerform(15)
09-16 17:02:30.244  1583  1583 D libcomposer_ext: ClientImplAidl::ParseNotifyDispDumpReady()
09-16 17:02:30.263  1583  2177 D libsensor-parseRGB: the value of RGB [51.410767 45.829881 74.068405]
09-16 17:02:30.269   993  1035 I libPerfCtl: xgfGetFPS pid:2628 fps:-1
09-16 17:02:30.269  1583  2182 I libsensor-displayalgo: the value of channelCali C:2445.034835,R:1417.808603,G:848.710419,B:563.090898,scales C:1.053362,R:0.940208,G:1.080438,B:1.016771
09-16 17:02:30.269  1583  2182 D libsensor-displayalgo: brightness:8191.000000,flat_mode:0.000000,R1:5811.911392,G1:4513.642911,B1:12977.546040,R2:4438.250133,G2:2914.314339,B2:12489.199109,R3:8163.021303,G3:7272.050112,B3:13792.414453,R4:6143.469282,G4:4921.768769,B4:13006.279290,EVENT C:5721.000000,R:3207.000000,G:2589.000000,B:1536.000000, lux: 155.366684
09-16 17:02:30.271  1132  1132 I touch_boost: enable=0, boost_up=0, boost_down=1, render_deboost=0, active_time=100, duration=50, idleprefer(TA,FG)=(1,1), util(TA,FG)=(1,1), freq(c0,c1,c2)=(1100000,1400000,400000)
09-16 17:02:30.271  1132  1132 I mtkpower_client: perf_lock_rel, hdl:12111, tid:1132
09-16 17:02:30.272  1132  1132 I mtkpower_client: IMtkPowerService_isDeclared 1
09-16 17:02:30.273  1001  1098 I libPowerHal: [perfLockRel] hdl:12111, idx:1
09-16 17:02:30.274  1001  1098 I libPowerHal: [setClusterFreq]  set cpu_ctrl cpufreq: -1 -1 -1 -1 -1 -1 
09-16 17:02:30.274  1001  1098 I libPowerHal: [PD] touch_boost update cmd:1404100 param:0
09-16 17:02:30.274  1001  1098 I libPowerHal: [PD] touch_boost update cmd:1404300 param:0
09-16 17:02:30.274  1001  1098 I libPowerHal: [PD] touch_boost update cmd:1408100 param:0
09-16 17:02:30.282  1001  1098 I libPowerHal: [PD] touch_boost update cmd:1408300 param:0
09-16 17:02:30.289   969  1669 I hwcomposer: [HWC] (0)fire a callback of refresh to SF[4]  
09-16 17:02:30.302  1808  1882 D PerfMTKStubImpl: perfLockAcquire
09-16 17:02:30.302  1808  2286 I ProcessManager: getRenderThreadTidByPid, caller=1808
09-16 17:02:30.303  1808  1882 I mtkpower_client: perf_lock_acq, hdl:12088, dur:2000, num:6, pid:1808, tid:1882
09-16 17:02:30.306  1808  1882 I mtkpower_client: ret_hdl:12112
09-16 17:02:30.306  1001  1098 I libPowerHal: [perfLockAcq] idx:1 hdl:12112 hint:-1 pid:1808 tid:1882 duration:2000 lock_user:system_server => ret_hdl:12112
09-16 17:02:30.306  1001  1098 I libPowerHal: [setClusterFreq] system_server set cpufreq[0] min:1000000 max:-1 cpufreq[1] min:1000000 max:-1 cpufreq[2] min:1000000 max:-1 
09-16 17:02:30.306  1001  1098 I libPowerHal: [setClusterFreq]  set cpu_ctrl cpufreq: 1000000 -1 1000000 -1 1000000 -1 
09-16 17:02:30.307  1001  1098 I libPowerHal: [perfLockAcq] idx:8 hdl:12113 hint:49 pid:1001 tid:1001 duration:3000 lock_user:vendor.mediatek => ret_hdl:12113
09-16 17:02:30.307  1001  1098 I libPowerHal: [PE] MTKPOWER_HINT_UX_SCROLLING_COMMON update cmd:1404300, param:1
09-16 17:02:30.308  1001  1098 I libPowerHal: [PE] MTKPOWER_HINT_UX_SCROLLING_COMMON update cmd:1438400, param:0
09-16 17:02:30.308  1001  1098 I libPowerHal: [PE] MTKPOWER_HINT_UX_SCROLLING_COMMON update cmd:1438500, param:0
09-16 17:02:30.308  1001  1098 I libPowerHal: [PE] MTKPOWER_HINT_UX_SCROLLING_COMMON update cmd:1438700, param:0
09-16 17:02:30.308  1001  1098 I libPowerHal: [PE] MTKPOWER_HINT_UX_SCROLLING_COMMON update cmd:1438800, param:0
09-16 17:02:30.308  1001  1098 I libPowerHal: [set_sched_ta_mask] 240 (0xf0)
09-16 17:02:30.308  1001  1098 I libPowerHal: [PE] MTKPOWER_HINT_UX_SCROLLING_COMMON update ONESHOT(set) cmd:1448000 param:240
09-16 17:02:30.316  1064  1064 I BufferQueueProducer: [com.android.chrome/ChromeChildSurface#8442](this:0xb400007b6437ee90,id:-1,api:0,p:-1,c:1064) queueBuffer: fps=2.10 dur=12402.81 max=12194.80 min=7.75
09-16 17:02:30.323  1808  2133 I mtkpower_client: perf_lock_acq, hdl:12058, dur:3000, num:2, pid:1808, tid:2133
09-16 17:02:30.324  1001  1098 I libPowerHal: [perfLockAcq] idx:10 hdl:12114 hint:-1 pid:1808 tid:2133 duration:3000 lock_user:system_server => ret_hdl:12114
09-16 17:02:30.325  1001  1098 I libPowerHal: [PE] system_server update cmd:3408500, param:0
09-16 17:02:30.325  1001  1098 I libPowerHal: [PE] system_server update cmd:3408500, param:0
09-16 17:02:30.325  1001  1098 I libPowerHal: [PE] system_server update cmd:3408500, param:0
09-16 17:02:30.325  1001  1098 I libPowerHal: [touch_boost_enabled] value:0
09-16 17:02:30.325  1808  2133 I mtkpower_client: ret_hdl:12114
09-16 17:02:30.325  1001  1098 I libPowerHal: [PE] system_server update cmd:3408500 param:0
09-16 17:02:30.325  1001  1072 I libPowerHal: [force_stop_touch_boost] force stop touch boost,
09-16 17:02:30.325  1132  1132 I touch_boost: enable=0, boost_up=0, boost_down=0, render_deboost=0, active_time=100, duration=50, idleprefer(TA,FG)=(1,1), util(TA,FG)=(1,1), freq(c0,c1,c2)=(1100000,1400000,400000)
09-16 17:02:30.325  1808  2133 I mtkpower_client: perf_lock_rel, hdl:12114, tid:2133
09-16 17:02:30.327  1001  1098 I libPowerHal: [perfLockRel] hdl:12114, idx:10
09-16 17:02:30.327  1001  1098 I libPowerHal: [PD] system_server update cmd:3408500 param:1
09-16 17:02:30.327  1001  1098 I libPowerHal: [PD] system_server update cmd:3408500 param:0
09-16 17:02:30.327  1001  1098 I libPowerHal: [PD] system_server update cmd:3408500 param:1
09-16 17:02:30.327  1001  1098 I libPowerHal: [touch_boost_enabled] value:-1
09-16 17:02:30.327  1001  1098 I libPowerHal: [PD] system_server update cmd:3408500 param:-1
09-16 17:02:30.350   969   969 I hwcomposer: [HWCDisplay] [Display_0 (type:1, mode:2)] fps:9.953876,dur:1004.63,max:723.01,min:7.38  
09-16 17:02:30.436   969  1656 I android.hardware.graphics.composer@3.2-service: Sensor: notify citsensorservice to trigger cwb
09-16 17:02:30.438  1583  2176 I libsensor-frameBufferManager: request dump start
09-16 17:02:30.438  1583  2176 D libcomposer_ext: ClientImplAidl::getDispDump(), dpy 1, dst (160, 120), dump_point 1, release_fence -1
09-16 17:02:30.438   969   969 D libcomposer_ext: DeviceImplAidl::syncPerform(14), client_handle: 1
09-16 17:02:30.438   969   969 D libcomposer_ext: DeviceImplAidl::DeviceClientContextAidl::ParseGetDispDump()
09-16 17:02:30.438   969   969 D libcomposer_ext: DeviceImplAidl::ParseGetDispDump(), dpy 1, dst (160, 120), dump_point 1
09-16 17:02:30.438   969   969 I hwcomposer: [HWC] getDispDump(), dpy 1, (822,7,982,127), (160, 120), (1, 2), (-1), (-1), (0xb400006f50ca61b0)  
09-16 17:02:30.439   969   969 I hwcomposer: [DRMDEV] isSupportWbParams(), id_crtc 103, id_connector 34, dump_point 1, src(160, 120), dst(160, 120), config 2  
09-16 17:02:30.439   969   969 E hwcomposer: [DRMDEV] isSupportWbParams(), disp(1220, 2712)  
09-16 17:02:30.439   969   969 I hwcomposer: [DISP_DUMP] setDumpBuf(), dpy(0), src(822, 7, 982, 127), dst(160, 120), (1, 2), -1, (-1), (0xb400006f50ca61b0)  
09-16 17:02:30.439   969   969 I hwcomposer: [HWC] (0)fire a callback of refresh to SF[9]  
09-16 17:02:30.442   969   969 D libcomposer_ext: DeviceImplAidl::DeviceClientContextAidl::NotifyDispDumpReady()
09-16 17:02:30.442  1583  1583 D libcomposer_ext: ClientCallbackAidl::asyncPerform(15)
09-16 17:02:30.442  1583  1583 D libcomposer_ext: ClientImplAidl::ParseNotifyDispDumpReady()
09-16 17:02:30.462  1583  2177 D libsensor-parseRGB: the value of RGB [51.410767 45.829881 74.068405]
09-16 17:02:30.469  1583  2182 I libsensor-displayalgo: the value of channelCali C:2445.034835,R:1417.808603,G:848.710419,B:563.090898,scales C:1.053362,R:0.940208,G:1.080438,B:1.016771
09-16 17:02:30.469  1583  2182 D libsensor-displayalgo: brightness:8191.000000,flat_mode:0.000000,R1:5811.911392,G1:4513.642911,B1:12977.546040,R2:4438.250133,G2:2914.314339,B2:12489.199109,R3:8163.021303,G3:7272.050112,B3:13792.414453,R4:6143.469282,G4:4921.768769,B4:13006.279290,EVENT C:5722.000000,R:3206.000000,G:2591.000000,B:1537.000000, lux: 155.443192
09-16 17:02:30.474  2614  2614 W Settings: Setting airplane_mode_on has moved from android.provider.Settings.System to android.provider.Settings.Global, returning read-only value.
09-16 17:02:30.479  2614  2614 W Settings: Setting airplane_mode_on has moved from android.provider.Settings.System to android.provider.Settings.Global, returning read-only value.
09-16 17:02:30.486   979  1143 E HfLooper: sensor imu_hand_detect in hal data=1000,999,0,0,10051,51
09-16 17:02:30.545  2614  2614 I Telephony: TelecomAccountRegistry$TelecomAccountTelephonyCallback: onServiceStateChanged: newState=0, mServiceState=0
09-16 17:02:30.545  2614  2614 D PhoneInterfaceManager: isRttSupported: carrier: false, device: true, mtk: true
09-16 17:02:30.546  1808  2133 W ContextImpl: Calling a method in the system process without a qualified user: android.app.ContextImpl.sendBroadcastMultiplePermissions:1310 android.content.Context.sendBroadcastMultiplePermissions:2536 com.android.server.TelephonyRegistry.broadcastServiceStateChanged:3793 com.android.server.TelephonyRegistry.notifyServiceStateForPhoneId:1837 com.android.internal.telephony.ITelephonyRegistry$Stub.onTransact:546 
09-16 17:02:30.546  2614  2614 I Telephony: isRttCurrentlySupported -- regular acct, hasVoiceAvailability: true
09-16 17:02:30.546  2614  2614 I Telephony:  isRttSupported: false
09-16 17:02:30.546  2614  2614 I Telephony:  alwaysAllowWhileRoaming: false
09-16 17:02:30.546  2614  2614 I Telephony:  isRoaming: false
09-16 17:02:30.546  2614  2614 I Telephony:  isOnWfc: false
09-16 17:02:30.546  2614  2614 D PhoneInterfaceManager: isRttSupported: carrier: false, device: true, mtk: true
09-16 17:02:30.547  2614  2614 I Telephony: isRttCurrentlySupported -- regular acct, hasVoiceAvailability: false
09-16 17:02:30.547  2614  2614 I Telephony:  isRttSupported: false
09-16 17:02:30.547  2614  2614 I Telephony:  alwaysAllowWhileRoaming: false
09-16 17:02:30.547  2614  2614 I Telephony:  isRoaming: false
09-16 17:02:30.547  2614  2614 I Telephony:  isOnWfc: false
09-16 17:02:30.547  1808  2133 W ContextImpl: Calling a method in the system process without a qualified user: android.app.ContextImpl.sendBroadcastMultiplePermissions:1343 com.android.server.TelephonyRegistry.broadcastServiceStateChanged:3798 com.android.server.TelephonyRegistry.notifyServiceStateForPhoneId:1837 com.android.internal.telephony.ITelephonyRegistry$Stub.onTransact:546 android.os.Binder.execTransactInternal:1512 
09-16 17:02:30.548  1808  2133 W ContextImpl: Calling a method in the system process without a qualified user: android.app.ContextImpl.sendBroadcastMultiplePermissions:1343 com.android.server.TelephonyRegistry.broadcastServiceStateChanged:3807 com.android.server.TelephonyRegistry.notifyServiceStateForPhoneId:1837 com.android.internal.telephony.ITelephonyRegistry$Stub.onTransact:546 android.os.Binder.execTransactInternal:1512 
09-16 17:02:30.549  1808  2133 W ContextImpl: Calling a method in the system process without a qualified user: android.app.ContextImpl.sendBroadcastMultiplePermissions:1343 com.android.server.TelephonyRegistry.broadcastServiceStateChanged:3813 com.android.server.TelephonyRegistry.notifyServiceStateForPhoneId:1837 com.android.internal.telephony.ITelephonyRegistry$Stub.onTransact:546 android.os.Binder.execTransactInternal:1512 
09-16 17:02:30.550  2614 19671 D NetworkSpeedTracker: processServiceStateChangeEvent phoneId=0
09-16 17:02:30.550  2614  3070 D FivegOfflineStatistic: phoneId0, curRilRat = 14; mLsatRilRat = 14
09-16 17:02:30.550  2614  3126 D SelfStudyController: handleMessage msg.what is 1027
09-16 17:02:30.550  2614  3113 D MiuiTelephonyDFS: msg.what = 1
09-16 17:02:30.550  2614  3113 D MiSight::  constructEvent id=915100002
09-16 17:02:30.550  2614  3070 I RoamingManager: processServiceState phoneId: 0 simOperatorNumeric:72410 networkOperatorNumeric:72410 isHome:true
09-16 17:02:30.550  2614  3113 D MiSight::  sendEvent id=915100002
09-16 17:02:30.550  2614  3113 D MiSightJni: MiSight: Java_com_miui_misight_MiSight_nativeSendEvent enter called. '{"fromRAT":13,"toRAT":13}'
09-16 17:02:30.550  2614  3113 D MiEvent : MiEvent: this 0x6c9d9a80a0, paylod=0xb400006efa4db670
09-16 17:02:30.551  2614  3113 D MiEvent : flatten EventId 915100002 -t 1758052950 -paraList {"fromRAT":13,"toRAT":13}
09-16 17:02:30.551  2614  3113 I MiEvent : report:no open miev 2
09-16 17:02:30.551  2614  3113 D MiEvent : ~MiEvent: this 0x6c9d9a80a0, paylod=0xb400006efa4db670
09-16 17:02:30.551  2614  3113 E MiSightJni: MiSight: nativeSendEvent fail
09-16 17:02:30.551  2614  3094 D ModemDFS: processServiceStateChangeEvent phoneId=0
09-16 17:02:30.551  2614  3094 D ModemDFS: newVoiceReg:0,oldVoiceReg=0
09-16 17:02:30.551  2614  3070 I RoamingManager: processServiceState lastRoamingMode: 0 newRoamingMode:0
09-16 17:02:30.554  1808  1904 I SmartPower: com.google.android.cellbroadcastreceiver/10268(30310): idle->background(3442ms) R(broadcast start Intent { act=android.intent.action.SERVICE_STATE flg=0x1000010 (has extras) }) adj=905.
09-16 17:02:30.555  2628  2628 D MiuiCarrierTextController: updateCarrierText: 2 [VIVO, VIVO]
09-16 17:02:30.555  2628  2628 D MiuiCarrierTextController: fireCarrierTextChanged: VIVO carrierCount: 2 pos: 0 listeners: 9
09-16 17:02:30.555 30310 30310 D CellBroadcastReceiver: onReceive Intent { act=android.intent.action.SERVICE_STATE flg=0x1000010 cmp=com.google.android.cellbroadcastreceiver/com.android.cellbroadcastreceiver.CellBroadcastReceiver (has extras) }
09-16 17:02:30.555  2628  2628 D MiuiCarrierTextController: fireCarrierTextChanged: VIVO carrierCount: 2 pos: 1 listeners: 9
09-16 17:02:30.556  1808  2213 I MiuiNetworkPolicy: updateUidState uid = 10268, uidState = 11
09-16 17:02:30.557 30310 30310 D CellBroadcastReceiver: onServiceStateChanged, ss: 0
09-16 17:02:30.557 30310 30310 D CellBroadcastReceiver: networkOperator: 72410
09-16 17:02:30.558 30310 30310 D CellBroadcastReceiver: update supported roaming operator as 
09-16 17:02:30.562  1808  2030 W ContextImpl: Calling a method in the system process without a qualified user: android.app.ContextImpl.sendBroadcastMultiplePermissions:1310 android.content.Context.sendBroadcastMultiplePermissions:2536 com.android.server.TelephonyRegistry.broadcastServiceStateChanged:3793 com.android.server.TelephonyRegistry.notifyServiceStateForPhoneId:1837 com.android.internal.telephony.ITelephonyRegistry$Stub.onTransact:546 
09-16 17:02:30.562  1808  2213 I MiuiNetworkPolicy: updateUidState uid = 10268, uidState = 19
09-16 17:02:30.563  1808  2030 W ContextImpl: Calling a method in the system process without a qualified user: android.app.ContextImpl.sendBroadcastMultiplePermissions:1343 com.android.server.TelephonyRegistry.broadcastServiceStateChanged:3798 com.android.server.TelephonyRegistry.notifyServiceStateForPhoneId:1837 com.android.internal.telephony.ITelephonyRegistry$Stub.onTransact:546 android.os.Binder.execTransactInternal:1512 
09-16 17:02:30.564  1808  2030 W ContextImpl: Calling a method in the system process without a qualified user: android.app.ContextImpl.sendBroadcastMultiplePermissions:1343 com.android.server.TelephonyRegistry.broadcastServiceStateChanged:3807 com.android.server.TelephonyRegistry.notifyServiceStateForPhoneId:1837 com.android.internal.telephony.ITelephonyRegistry$Stub.onTransact:546 android.os.Binder.execTransactInternal:1512 
09-16 17:02:30.565  2628  2628 D ArtChoreographerMonitor: invoke error.
09-16 17:02:30.565  1808  2030 W ContextImpl: Calling a method in the system process without a qualified user: android.app.ContextImpl.sendBroadcastMultiplePermissions:1343 com.android.server.TelephonyRegistry.broadcastServiceStateChanged:3813 com.android.server.TelephonyRegistry.notifyServiceStateForPhoneId:1837 com.android.internal.telephony.ITelephonyRegistry$Stub.onTransact:546 android.os.Binder.execTransactInternal:1512 
09-16 17:02:30.565  2628  2628 D MiuiCarrierTextLayout: normal_control_center handleTwoCarriers: widthLeft:98 widthRight:98 availableWidth:948
09-16 17:02:30.566  2614 19671 D NetworkSpeedTracker: processServiceStateChangeEvent phoneId=0
09-16 17:02:30.566  2614  3070 D FivegOfflineStatistic: phoneId0, curRilRat = 14; mLsatRilRat = 14
09-16 17:02:30.566  2614  3070 I RoamingManager: processServiceState phoneId: 0 simOperatorNumeric:72410 networkOperatorNumeric:72410 isHome:true
09-16 17:02:30.566  2614  3070 I RoamingManager: processServiceState lastRoamingMode: 0 newRoamingMode:0
09-16 17:02:30.566  2614  3126 D SelfStudyController: handleMessage msg.what is 1027
09-16 17:02:30.566  2628  2628 D MiuiCarrierTextLayout: normal_control_center onMeasure: availableWidth: 990
09-16 17:02:30.567  2614  3113 D MiuiTelephonyDFS: msg.what = 1
09-16 17:02:30.567  2614  3113 D MiSight::  constructEvent id=915100002
09-16 17:02:30.567  2614  3113 D MiSight::  sendEvent id=915100002
09-16 17:02:30.567  2614  3113 D MiSightJni: MiSight: Java_com_miui_misight_MiSight_nativeSendEvent enter called. '{"fromRAT":13,"toRAT":13}'
09-16 17:02:30.567  2614  3113 D MiEvent : MiEvent: this 0x6c9d9a80a0, paylod=0xb400006efa4db670
09-16 17:02:30.567  2628  2628 D ControlCenterHeaderExpandController: onExpansionChanged: progress =  0.0
09-16 17:02:30.567  2614  3113 D MiEvent : flatten EventId 915100002 -t 1758052950 -paraList {"fromRAT":13,"toRAT":13}
09-16 17:02:30.567  2614  3094 D ModemDFS: processServiceStateChangeEvent phoneId=0
09-16 17:02:30.567  2614  3113 I MiEvent : report:no open miev 2
09-16 17:02:30.567  2614  3113 D MiEvent : ~MiEvent: this 0x6c9d9a80a0, paylod=0xb400006efa4db670
09-16 17:02:30.567  2614  3113 E MiSightJni: MiSight: nativeSendEvent fail
09-16 17:02:30.567  2614  3094 D ModemDFS: newVoiceReg:0,oldVoiceReg=0
09-16 17:02:30.568 30310 30310 D CellBroadcastReceiver: onReceive Intent { act=android.intent.action.SERVICE_STATE flg=0x1000010 cmp=com.google.android.cellbroadcastreceiver/com.android.cellbroadcastreceiver.CellBroadcastReceiver (has extras) }
09-16 17:02:30.569  1808  2213 I MiuiNetworkPolicy: updateUidState uid = 10268, uidState = 11
09-16 17:02:30.569 30310 30310 D CellBroadcastReceiver: onServiceStateChanged, ss: 0
09-16 17:02:30.569 30310 30310 D CellBroadcastReceiver: networkOperator: 72410
09-16 17:02:30.569 30310 30310 D CellBroadcastReceiver: update supported roaming operator as 
09-16 17:02:30.571  2628  2628 D MiuiCarrierTextController: updateCarrierText: 2 [VIVO, VIVO]
09-16 17:02:30.571  2628  2628 D MiuiCarrierTextController: fireCarrierTextChanged: VIVO carrierCount: 2 pos: 0 listeners: 9
09-16 17:02:30.571  2614  2614 I Telephony: TelecomAccountRegistry$TelecomAccountTelephonyCallback: onServiceStateChanged: newState=0, mServiceState=0
09-16 17:02:30.571  2628  2628 D MiuiCarrierTextController: fireCarrierTextChanged: VIVO carrierCount: 2 pos: 1 listeners: 9
09-16 17:02:30.571  2614  2614 D PhoneInterfaceManager: isRttSupported: carrier: false, device: true, mtk: true
09-16 17:02:30.572  1808  2213 I MiuiNetworkPolicy: updateUidState uid = 10268, uidState = 19
09-16 17:02:30.572  2614  2614 I Telephony: isRttCurrentlySupported -- regular acct, hasVoiceAvailability: true
09-16 17:02:30.572  2614  2614 I Telephony:  isRttSupported: false
09-16 17:02:30.572  2614  2614 I Telephony:  alwaysAllowWhileRoaming: false
09-16 17:02:30.572  2614  2614 I Telephony:  isRoaming: false
09-16 17:02:30.572  2614  2614 I Telephony:  isOnWfc: false
09-16 17:02:30.572  2614  2614 D PhoneInterfaceManager: isRttSupported: carrier: false, device: true, mtk: true
09-16 17:02:30.573  2614  2614 I Telephony: isRttCurrentlySupported -- regular acct, hasVoiceAvailability: false
09-16 17:02:30.573  2614  2614 I Telephony:  isRttSupported: false
09-16 17:02:30.573  2614  2614 I Telephony:  alwaysAllowWhileRoaming: false
09-16 17:02:30.573  2614  2614 I Telephony:  isRoaming: false
09-16 17:02:30.573  2614  2614 I Telephony:  isOnWfc: false
09-16 17:02:30.579  2628  2628 D MiuiCarrierTextLayout: normal_control_center handleTwoCarriers: widthLeft:98 widthRight:98 availableWidth:948
09-16 17:02:30.580  2628  2628 D MiuiCarrierTextLayout: normal_control_center onMeasure: availableWidth: 990
09-16 17:02:30.581  2628  2628 D ControlCenterHeaderExpandController: onExpansionChanged: progress =  0.0
09-16 17:02:30.641   969  1656 I android.hardware.graphics.composer@3.2-service: Sensor: notify citsensorservice to trigger cwb
09-16 17:02:30.641  1583  2176 I libsensor-frameBufferManager: request dump start
09-16 17:02:30.641  1583  2176 D libcomposer_ext: ClientImplAidl::getDispDump(), dpy 1, dst (160, 120), dump_point 1, release_fence -1
09-16 17:02:30.642   969   969 D libcomposer_ext: DeviceImplAidl::syncPerform(14), client_handle: 1
09-16 17:02:30.642   969   969 D libcomposer_ext: DeviceImplAidl::DeviceClientContextAidl::ParseGetDispDump()
09-16 17:02:30.642   969   969 D libcomposer_ext: DeviceImplAidl::ParseGetDispDump(), dpy 1, dst (160, 120), dump_point 1
09-16 17:02:30.642   969   969 I hwcomposer: [HWC] getDispDump(), dpy 1, (822,7,982,127), (160, 120), (1, 2), (-1), (-1), (0xb400006f50ca62d0)  
09-16 17:02:30.642   969   969 I hwcomposer: [DRMDEV] isSupportWbParams(), id_crtc 103, id_connector 34, dump_point 1, src(160, 120), dst(160, 120), config 2  
09-16 17:02:30.642   969   969 E hwcomposer: [DRMDEV] isSupportWbParams(), disp(1220, 2712)  
09-16 17:02:30.642   969   969 I hwcomposer: [DISP_DUMP] setDumpBuf(), dpy(0), src(822, 7, 982, 127), dst(160, 120), (1, 2), -1, (-1), (0xb400006f50ca62d0)  
09-16 17:02:30.642   969   969 I hwcomposer: [HWC] (0)fire a callback of refresh to SF[9]  
09-16 17:02:30.649   969   969 D libcomposer_ext: DeviceImplAidl::DeviceClientContextAidl::NotifyDispDumpReady()
09-16 17:02:30.650  1583  1583 D libcomposer_ext: ClientCallbackAidl::asyncPerform(15)
09-16 17:02:30.650  1583  1583 D libcomposer_ext: ClientImplAidl::ParseNotifyDispDumpReady()
09-16 17:02:30.656   982   982 I mali_platform_hal: useCompressionVulkan pid=7742, applicationName=Chromium, 0
09-16 17:02:30.657   982   982 I mali_platform_hal: useCompressionVulkan pid=7742, applicationName=Chromium, 0
09-16 17:02:30.656  2614  2614 D ServiceStateProvider: subId=1
09-16 17:02:30.658   982   982 I mali_platform_hal: useCompressionVulkan pid=7742, applicationName=Chromium, 0
09-16 17:02:30.658   982   982 I mali_platform_hal: useCompressionVulkan pid=7742, applicationName=Chromium, 0
09-16 17:02:30.659   982   982 I mali_platform_hal: useCompressionVulkan pid=7742, applicationName=Chromium, 0
09-16 17:02:30.659   982   982 I mali_platform_hal: useCompressionVulkan pid=7742, applicationName=Chromium, 0
09-16 17:02:30.659   982   982 I mali_platform_hal: useCompressionVulkan pid=7742, applicationName=Chromium, 0
09-16 17:02:30.660   982   982 I mali_platform_hal: useCompressionVulkan pid=7742, applicationName=Chromium, 0
09-16 17:02:30.660   982   982 I mali_platform_hal: useCompressionVulkan pid=7742, applicationName=Chromium, 0
09-16 17:02:30.660   982   982 I mali_platform_hal: useCompressionVulkan pid=7742, applicationName=Chromium, 0
09-16 17:02:30.660   982   982 I mali_platform_hal: useCompressionVulkan pid=7742, applicationName=Chromium, 0
09-16 17:02:30.660   982   982 I mali_platform_hal: useCompressionVulkan pid=7742, applicationName=Chromium, 0
09-16 17:02:30.661   982   982 I mali_platform_hal: useCompressionVulkan pid=7742, applicationName=Chromium, 0
09-16 17:02:30.662  2614  2614 W Settings: Setting airplane_mode_on has moved from android.provider.Settings.System to android.provider.Settings.Global, returning read-only value.
09-16 17:02:30.662   982   982 I mali_platform_hal: useCompressionVulkan pid=7742, applicationName=Chromium, 0
09-16 17:02:30.663  2614  2614 W Settings: Setting airplane_mode_on has moved from android.provider.Settings.System to android.provider.Settings.Global, returning read-only value.
09-16 17:02:30.666  1808  2030 W ContextImpl: Calling a method in the system process without a qualified user: android.app.ContextImpl.sendBroadcastMultiplePermissions:1310 android.content.Context.sendBroadcastMultiplePermissions:2536 com.android.server.TelephonyRegistry.broadcastServiceStateChanged:3793 com.android.server.TelephonyRegistry.notifyServiceStateForPhoneId:1837 com.android.internal.telephony.ITelephonyRegistry$Stub.onTransact:546 
09-16 17:02:30.669  2614  2614 I Telephony: TelecomAccountRegistry$TelecomAccountTelephonyCallback: onServiceStateChanged: newState=0, mServiceState=0
09-16 17:02:30.669  2614  2614 D PhoneInterfaceManager: isRttSupported: carrier: false, device: true, mtk: true
09-16 17:02:30.670  1583  2177 D libsensor-parseRGB: the value of RGB [51.410767 45.829881 74.068405]
09-16 17:02:30.671  2614  2614 I Telephony: isRttCurrentlySupported -- regular acct, hasVoiceAvailability: true
09-16 17:02:30.671  2614  2614 I Telephony:  isRttSupported: false
09-16 17:02:30.671  2614  2614 I Telephony:  alwaysAllowWhileRoaming: false
09-16 17:02:30.671  2614  2614 I Telephony:  isRoaming: false
09-16 17:02:30.671  2614  2614 I Telephony:  isOnWfc: false
09-16 17:02:30.671  2614  2614 D PhoneInterfaceManager: isRttSupported: carrier: false, device: true, mtk: true
09-16 17:02:30.672  2614  2614 I Telephony: isRttCurrentlySupported -- regular acct, hasVoiceAvailability: false
09-16 17:02:30.672  2614  2614 I Telephony:  isRttSupported: false
09-16 17:02:30.672  2614  2614 I Telephony:  alwaysAllowWhileRoaming: false
09-16 17:02:30.672  2614  2614 I Telephony:  isRoaming: false
09-16 17:02:30.672  2614  2614 I Telephony:  isOnWfc: false
09-16 17:02:30.673  2628  2628 D MiuiCarrierTextController: updateCarrierText: 2 [VIVO, VIVO]
09-16 17:02:30.673  2628  2628 D MiuiCarrierTextController: fireCarrierTextChanged: VIVO carrierCount: 2 pos: 0 listeners: 9
09-16 17:02:30.673  2628  2628 D MiuiCarrierTextController: fireCarrierTextChanged: VIVO carrierCount: 2 pos: 1 listeners: 9
09-16 17:02:30.674  1808  2030 W ContextImpl: Calling a method in the system process without a qualified user: android.app.ContextImpl.sendBroadcastMultiplePermissions:1343 com.android.server.TelephonyRegistry.broadcastServiceStateChanged:3798 com.android.server.TelephonyRegistry.notifyServiceStateForPhoneId:1837 com.android.internal.telephony.ITelephonyRegistry$Stub.onTransact:546 android.os.Binder.execTransactInternal:1512 
09-16 17:02:30.675  2614  2614 W AlarmManager: Unrecognized alarm listener com.android.internal.telephony.data.AutoDataSwitchController$$ExternalSyntheticLambda0@3e305c7
09-16 17:02:30.677  1808  2030 W ContextImpl: Calling a method in the system process without a qualified user: android.app.ContextImpl.sendBroadcastMultiplePermissions:1343 com.android.server.TelephonyRegistry.broadcastServiceStateChanged:3807 com.android.server.TelephonyRegistry.notifyServiceStateForPhoneId:1837 com.android.internal.telephony.ITelephonyRegistry$Stub.onTransact:546 android.os.Binder.execTransactInternal:1512 
09-16 17:02:30.678  2628  2628 D MiuiCarrierTextLayout: normal_control_center handleTwoCarriers: widthLeft:98 widthRight:98 availableWidth:948
09-16 17:02:30.679  1808  2030 W ContextImpl: Calling a method in the system process without a qualified user: android.app.ContextImpl.sendBroadcastMultiplePermissions:1343 com.android.server.TelephonyRegistry.broadcastServiceStateChanged:3813 com.android.server.TelephonyRegistry.notifyServiceStateForPhoneId:1837 com.android.internal.telephony.ITelephonyRegistry$Stub.onTransact:546 android.os.Binder.execTransactInternal:1512 
09-16 17:02:30.679  2628  2628 D MiuiCarrierTextLayout: normal_control_center onMeasure: availableWidth: 990
09-16 17:02:30.679  2628  2628 D ControlCenterHeaderExpandController: onExpansionChanged: progress =  0.0
09-16 17:02:30.680  2614  3070 D FivegOfflineStatistic: phoneId0, curRilRat = 14; mLsatRilRat = 14
09-16 17:02:30.680  1808  2213 I MiuiNetworkPolicy: updateUidState uid = 10268, uidState = 11
09-16 17:02:30.680  2614  3126 D SelfStudyController: handleMessage msg.what is 1027
09-16 17:02:30.681  2614  3094 D ModemDFS: processServiceStateChangeEvent phoneId=0
09-16 17:02:30.681  2614  3113 D MiuiTelephonyDFS: msg.what = 1
09-16 17:02:30.681  2614  3113 D MiSight::  constructEvent id=915100002
09-16 17:02:30.682  2614  3113 D MiSight::  sendEvent id=915100002
09-16 17:02:30.682  2614 19671 D NetworkSpeedTracker: processServiceStateChangeEvent phoneId=0
09-16 17:02:30.682  2614  3113 D MiSightJni: MiSight: Java_com_miui_misight_MiSight_nativeSendEvent enter called. '{"fromRAT":13,"toRAT":13}'
09-16 17:02:30.682  2614  3113 D MiEvent : MiEvent: this 0x6c9d9a80a0, paylod=0xb400006efa4ee1d0
09-16 17:02:30.682  2614  3113 D MiEvent : flatten EventId 915100002 -t 1758052950 -paraList {"fromRAT":13,"toRAT":13}
09-16 17:02:30.683  2614  3094 D ModemDFS: newVoiceReg:0,oldVoiceReg=0
09-16 17:02:30.683  2614  3113 I MiEvent : report:no open miev 2
09-16 17:02:30.683  2614  3113 D MiEvent : ~MiEvent: this 0x6c9d9a80a0, paylod=0xb400006efa4ee1d0
09-16 17:02:30.683  2614  3113 E MiSightJni: MiSight: nativeSendEvent fail
09-16 17:02:30.683 30310 30310 D CellBroadcastReceiver: onReceive Intent { act=android.intent.action.SERVICE_STATE flg=0x1000010 cmp=com.google.android.cellbroadcastreceiver/com.android.cellbroadcastreceiver.CellBroadcastReceiver (has extras) }
09-16 17:02:30.684 30310 30310 D CellBroadcastReceiver: onServiceStateChanged, ss: 0
09-16 17:02:30.684 30310 30310 D CellBroadcastReceiver: networkOperator: 72410
09-16 17:02:30.684 30310 30310 D CellBroadcastReceiver: update supported roaming operator as 
09-16 17:02:30.685 15795 15795 D YellowPage.Network: onSignalStrengthsChanged()
09-16 17:02:30.686  1808  2213 I MiuiNetworkPolicy: updateUidState uid = 10268, uidState = 19
09-16 17:02:30.686  2614  3113 D MiuiTelephonyDFS: msg.what = 2
09-16 17:02:30.687  2614  3113 D MiuiTelephonyDFS: getVoiceRat = 13
09-16 17:02:30.687  2614  3113 D MiuiTelephonyDFS: getRsrp = -100
09-16 17:02:30.687  2614  3113 D MiuiTelephonyDFS: getVoiceRat = 13
09-16 17:02:30.687  2614  3113 D MiuiTelephonyDFS: getSnr = -5
09-16 17:02:30.687  2614  3113 D MiSight::  constructEvent id=915100005
09-16 17:02:30.687  2614  3113 D MiSight::  sendEvent id=915100005
09-16 17:02:30.687  2614  3113 D MiSightJni: MiSight: Java_com_miui_misight_MiSight_nativeSendEvent enter called. '{"SNRValue":-5}'
09-16 17:02:30.688  2614  3126 D SelfStudyController: handleMessage msg.what is 1035
09-16 17:02:30.688  2614 19671 D NetworkSpeedTracker: updateSignalInfo lteRsrp=-100lteSnr=-5,phoneId=0
09-16 17:02:30.688  2614 19671 D NetworkSpeedTracker: updateSignalInfo nrRsrp= -109,nrSnr= -7,phoneId= 0
09-16 17:02:30.688  2614  3113 D MiEvent : MiEvent: this 0x6c9d9a80c0, paylod=0xb400006efa4ee720
09-16 17:02:30.688  2614  3113 D MiEvent : flatten EventId 915100005 -t 1758052950 -paraList {"SNRValue":-5}
09-16 17:02:30.688  2614  3113 I MiEvent : report:no open miev 2
09-16 17:02:30.688  2614  3113 D MiEvent : ~MiEvent: this 0x6c9d9a80c0, paylod=0xb400006efa4ee720
09-16 17:02:30.688  2614  3113 E MiSightJni: MiSight: nativeSendEvent fail
09-16 17:02:30.691 15795 15795 D YellowPage.Network: onSignalStrengthsChanged()
09-16 17:02:30.692  2614 19671 D NetworkSpeedTracker: updateSignalInfo lteRsrp=-100lteSnr=-5,phoneId=0
09-16 17:02:30.692  2614 19671 D NetworkSpeedTracker: updateSignalInfo nrRsrp= -109,nrSnr= -7,phoneId= 0
09-16 17:02:30.692  2614  3126 D SelfStudyController: handleMessage msg.what is 1035
09-16 17:02:30.692  2614  3113 D MiuiTelephonyDFS: msg.what = 2
09-16 17:02:30.692  2614  3113 D MiuiTelephonyDFS: getVoiceRat = 13
09-16 17:02:30.692  2614  3113 D MiuiTelephonyDFS: getRsrp = -100
09-16 17:02:30.692  2614  3070 I RoamingManager: processServiceState phoneId: 0 simOperatorNumeric:72410 networkOperatorNumeric:72410 isHome:true
09-16 17:02:30.692  2614  3070 I RoamingManager: processServiceState lastRoamingMode: 0 newRoamingMode:0
09-16 17:02:30.693  2614  3113 D MiuiTelephonyDFS: getVoiceRat = 13
09-16 17:02:30.693  2614  3113 D MiuiTelephonyDFS: getSnr = -5
09-16 17:02:30.693  2614  3113 D MiSight::  constructEvent id=915100005
09-16 17:02:30.693  2614  3113 D MiSight::  sendEvent id=915100005
09-16 17:02:30.693  2614  3113 D MiSightJni: MiSight: Java_com_miui_misight_MiSight_nativeSendEvent enter called. '{"SNRValue":-5}'
09-16 17:02:30.693  2614  3113 D MiEvent : MiEvent: this 0x6c9d9a80c0, paylod=0xb400006efa4ec010
09-16 17:02:30.693  2614  3113 D MiEvent : flatten EventId 915100005 -t 1758052950 -paraList {"SNRValue":-5}
09-16 17:02:30.693  2614  3113 I MiEvent : report:no open miev 2
09-16 17:02:30.693  2614  3113 D MiEvent : ~MiEvent: this 0x6c9d9a80c0, paylod=0xb400006efa4ec010
09-16 17:02:30.693  2614  3113 E MiSightJni: MiSight: nativeSendEvent fail
09-16 17:02:30.696  2614  2614 D ServiceStateProvider: subId=3
09-16 17:02:30.700  1808  4994 W ContextImpl: Calling a method in the system process without a qualified user: android.app.ContextImpl.sendBroadcastMultiplePermissions:1310 android.content.Context.sendBroadcastMultiplePermissions:2536 com.android.server.TelephonyRegistry.broadcastServiceStateChanged:3793 com.android.server.TelephonyRegistry.notifyServiceStateForPhoneId:1837 com.android.internal.telephony.ITelephonyRegistry$Stub.onTransact:546 
09-16 17:02:30.704  2628  2628 D MiuiCarrierTextController: updateCarrierText: 2 [VIVO, VIVO]
09-16 17:02:30.704  2628  2628 D MiuiCarrierTextController: fireCarrierTextChanged: VIVO carrierCount: 2 pos: 0 listeners: 9
09-16 17:02:30.704  2628  2628 D MiuiCarrierTextController: fireCarrierTextChanged: VIVO carrierCount: 2 pos: 1 listeners: 9
09-16 17:02:30.705  1064  1064 I BufferQueueProducer: [StatusBar#106](this:0xb400007b642df2b0,id:-1,api:0,p:-1,c:1064) queueBuffer: fps=0.73 dur=1362.30 max=1362.30 min=1362.30
09-16 17:02:30.705  1808  4994 W ContextImpl: Calling a method in the system process without a qualified user: android.app.ContextImpl.sendBroadcastMultiplePermissions:1343 com.android.server.TelephonyRegistry.broadcastServiceStateChanged:3798 com.android.server.TelephonyRegistry.notifyServiceStateForPhoneId:1837 com.android.internal.telephony.ITelephonyRegistry$Stub.onTransact:546 android.os.Binder.execTransactInternal:1512 
09-16 17:02:30.709  1808  4994 W ContextImpl: Calling a method in the system process without a qualified user: android.app.ContextImpl.sendBroadcastMultiplePermissions:1343 com.android.server.TelephonyRegistry.broadcastServiceStateChanged:3807 com.android.server.TelephonyRegistry.notifyServiceStateForPhoneId:1837 com.android.internal.telephony.ITelephonyRegistry$Stub.onTransact:546 android.os.Binder.execTransactInternal:1512 
09-16 17:02:30.711  1808  4994 W ContextImpl: Calling a method in the system process without a qualified user: android.app.ContextImpl.sendBroadcastMultiplePermissions:1343 com.android.server.TelephonyRegistry.broadcastServiceStateChanged:3813 com.android.server.TelephonyRegistry.notifyServiceStateForPhoneId:1837 com.android.internal.telephony.ITelephonyRegistry$Stub.onTransact:546 android.os.Binder.execTransactInternal:1512 
09-16 17:02:30.712  2628  2628 D MiuiCarrierTextLayout: normal_control_center handleTwoCarriers: widthLeft:98 widthRight:98 availableWidth:948
09-16 17:02:30.713 30310 30310 D CellBroadcastReceiver: onReceive Intent { act=android.intent.action.SERVICE_STATE flg=0x1000010 cmp=com.google.android.cellbroadcastreceiver/com.android.cellbroadcastreceiver.CellBroadcastReceiver (has extras) }
09-16 17:02:30.713  2614  3070 D FivegOfflineStatistic: phoneId1, curRilRat = 14; mLsatRilRat = 14
09-16 17:02:30.713  1808  2213 I MiuiNetworkPolicy: updateUidState uid = 10268, uidState = 11
09-16 17:02:30.713  2614  3094 D ModemDFS: processServiceStateChangeEvent phoneId=1
09-16 17:02:30.713  2614  3094 D ModemDFS: newVoiceReg:0,oldVoiceReg=0
09-16 17:02:30.714  2614  3113 D MiuiTelephonyDFS: msg.what = 1
09-16 17:02:30.714  2614  3113 D MiSight::  constructEvent id=915100002
09-16 17:02:30.714  2614 19671 D NetworkSpeedTracker: processServiceStateChangeEvent phoneId=1
09-16 17:02:30.714  2628  2628 D MiuiCarrierTextLayout: normal_control_center onMeasure: availableWidth: 990
09-16 17:02:30.714  2614  3113 D MiSight::  sendEvent id=915100002
09-16 17:02:30.714  2628  2628 D ControlCenterHeaderExpandController: onExpansionChanged: progress =  0.0
09-16 17:02:30.714  2614  3113 D MiSightJni: MiSight: Java_com_miui_misight_MiSight_nativeSendEvent enter called. '{"fromRAT":13,"toRAT":13}'
09-16 17:02:30.714  2614  3113 D MiEvent : MiEvent: this 0x6c9d9a80a0, paylod=0xb400006efa4ec010
09-16 17:02:30.714 30310 30310 D CellBroadcastReceiver: onServiceStateChanged, ss: 0
09-16 17:02:30.714 30310 30310 D CellBroadcastReceiver: networkOperator: 72410
09-16 17:02:30.714  2614  3113 D MiEvent : flatten EventId 915100002 -t 1758052950 -paraList {"fromRAT":13,"toRAT":13}
09-16 17:02:30.715  2614  3126 D SelfStudyController: handleMessage msg.what is 1027
09-16 17:02:30.715 30310 30310 D CellBroadcastReceiver: update supported roaming operator as 
09-16 17:02:30.715  2614  3113 I MiEvent : report:no open miev 2
09-16 17:02:30.715  2614  3113 D MiEvent : ~MiEvent: this 0x6c9d9a80a0, paylod=0xb400006efa4ec010
09-16 17:02:30.715  2614  3113 E MiSightJni: MiSight: nativeSendEvent fail
09-16 17:02:30.716  2614  3070 I RoamingManager: processServiceState phoneId: 1 simOperatorNumeric:72410 networkOperatorNumeric:72410 isHome:true
09-16 17:02:30.716  2614  3070 I RoamingManager: processServiceState lastRoamingMode: 0 newRoamingMode:0
09-16 17:02:30.716  1808  2213 I MiuiNetworkPolicy: updateUidState uid = 10268, uidState = 19
09-16 17:02:30.756  1808  2160 I MIUIInput: [MotionEvent] notifyMotion - eventTime=19074023573000, deviceId=6, source=0x1002, policyFlags=0x0, action=0x1, flags=0x0, downTime=19073487076000
09-16 17:02:30.757  1808  2159 I MIUIInput: [MotionEvent] publisher action=0x1, deviceId=6, 19074023, channel '27c0ed6 com.android.chrome/org.chromium.chrome.browser.customtabs.TranslucentCustomTabActivity (server)'
09-16 17:02:30.758  1808  2159 I MIUIInput: [MotionEvent] publisher action=0x1, deviceId=6, 19074023, channel '[Gesture Monitor] miui-touch-fod (server)'
09-16 17:02:30.758  1001  1098 I libPowerHal: [perfLockRel] hdl:12110, idx:0
09-16 17:02:30.758  1808  2159 I MIUIInput: [MotionEvent] publisher action=0x1, deviceId=6, 19074023, channel '[Gesture Monitor] miui-gesture (server)'
09-16 17:02:30.758  7072  7072 I MIUIInput: [MotionEvent] ViewRootImpl windowName 'com.android.chrome/org.chromium.chrome.browser.customtabs.TranslucentCustomTabActivity', { action=ACTION_UP, id[0]=0, pointerCount=1, eventTime=19074023, downTime=19073487, phoneEventTime=17:02:30.756 } moveCount:99
09-16 17:02:30.760  1808  1882 D PerfMTKStubImpl: perfLockRelease
09-16 17:02:30.760  1808  1882 I mtkpower_client: perf_lock_rel, hdl:12112, tid:1882
09-16 17:02:30.761  1001  1098 I libPowerHal: [perfLockRel] hdl:12112, idx:1
09-16 17:02:30.761  1001  1098 I libPowerHal: [setClusterFreq]  set cpu_ctrl cpufreq: -1 -1 -1 -1 -1 -1 
09-16 17:02:30.771  1583  2182 I libsensor-displayalgo: the value of channelCali C:2445.034835,R:1417.808603,G:848.710419,B:563.090898,scales C:1.053362,R:0.940208,G:1.080438,B:1.016771
09-16 17:02:30.771  1583  2182 D libsensor-displayalgo: brightness:8191.000000,flat_mode:0.000000,R1:5811.911392,G1:4513.642911,B1:12977.546040,R2:4438.250133,G2:2914.314339,B2:12489.199109,R3:8163.021303,G3:7272.050112,B3:13792.414453,R4:6143.469282,G4:4921.768769,B4:13006.279290,EVENT C:5748.000000,R:3216.000000,G:2605.000000,B:1542.000000, lux: 156.923248
09-16 17:02:30.773   969  1669 I hwcomposer: [HWC] (0)fire a callback of refresh to SF[4]  
09-16 17:02:30.789  1064  1064 I BufferQueueProducer: [FramebufferSurface](this:0xb400007aa4096710,id:-1,api:1,p:1064,c:1064) queueBuffer: fps=1.56 dur=1285.47 max=804.81 min=480.66
09-16 17:02:30.814  1001  1098 I libPowerHal: [perfLockRel] hdl:12113, idx:8
09-16 17:02:30.814  1001  1098 I libPowerHal: [PD] MTKPOWER_HINT_UX_SCROLLING_COMMON update cmd:1404300 param:0
09-16 17:02:30.815  1001  1098 I libPowerHal: [PD] MTKPOWER_HINT_UX_SCROLLING_COMMON update cmd:1438400, param:1000
09-16 17:02:30.815  1001  1098 I libPowerHal: [PD] MTKPOWER_HINT_UX_SCROLLING_COMMON update cmd:1438500, param:1000
09-16 17:02:30.816  1001  1098 I libPowerHal: [PD] MTKPOWER_HINT_UX_SCROLLING_COMMON update cmd:1438700 param:1000
09-16 17:02:30.816  1001  1098 I libPowerHal: [PD] MTKPOWER_HINT_UX_SCROLLING_COMMON update cmd:1438800 param:1000
09-16 17:02:30.818  1001  1098 I libPowerHal: [set_sched_ta_mask] 255 (0xff)
09-16 17:02:30.818  1001  1098 I libPowerHal: [PD] MTKPOWER_HINT_UX_SCROLLING_COMMON update ONESHOT(unset) cmd:1448000 param:240
09-16 17:02:30.879   979  1143 E HfLooper: sensor imu_hand_detect in hal data=1000,999,0,0,10054,53
09-16 17:02:30.880  2628  2628 D ArtChoreographerMonitor: invoke error.
09-16 17:02:30.943   969  1656 I android.hardware.graphics.composer@3.2-service: Sensor: notify citsensorservice to trigger cwb
09-16 17:02:30.944  1583  2176 I libsensor-frameBufferManager: request dump start
09-16 17:02:30.944  1583  2176 D libcomposer_ext: ClientImplAidl::getDispDump(), dpy 1, dst (160, 120), dump_point 1, release_fence -1
09-16 17:02:30.945   969   969 D libcomposer_ext: DeviceImplAidl::syncPerform(14), client_handle: 1
09-16 17:02:30.946   969   969 D libcomposer_ext: DeviceImplAidl::DeviceClientContextAidl::ParseGetDispDump()
09-16 17:02:30.946   969   969 D libcomposer_ext: DeviceImplAidl::ParseGetDispDump(), dpy 1, dst (160, 120), dump_point 1
09-16 17:02:30.946   969   969 I hwcomposer: [HWC] getDispDump(), dpy 1, (822,7,982,127), (160, 120), (1, 2), (-1), (-1), (0xb400006f50ca3030)  
09-16 17:02:30.946   969   969 I hwcomposer: [DRMDEV] isSupportWbParams(), id_crtc 103, id_connector 34, dump_point 1, src(160, 120), dst(160, 120), config 2  
09-16 17:02:30.946   969   969 E hwcomposer: [DRMDEV] isSupportWbParams(), disp(1220, 2712)  
09-16 17:02:30.946   969   969 I hwcomposer: [DISP_DUMP] setDumpBuf(), dpy(0), src(822, 7, 982, 127), dst(160, 120), (1, 2), -1, (-1), (0xb400006f50ca3030)  
09-16 17:02:30.946   969   969 I hwcomposer: [HWC] (0)fire a callback of refresh to SF[9]  
09-16 17:02:30.957   969   969 D libcomposer_ext: DeviceImplAidl::DeviceClientContextAidl::NotifyDispDumpReady()
09-16 17:02:30.958  1583  1583 D libcomposer_ext: ClientCallbackAidl::asyncPerform(15)
09-16 17:02:30.958  1583  1583 D libcomposer_ext: ClientImplAidl::ParseNotifyDispDumpReady()
09-16 17:02:30.958   969  1656 I android.hardware.graphics.composer@3.2-service: Sensor: notify citsensorservice to trigger cwb
09-16 17:02:30.959  1583  2176 I libsensor-frameBufferManager: request dump start
09-16 17:02:30.960  1583  2176 D libcomposer_ext: ClientImplAidl::getDispDump(), dpy 1, dst (160, 120), dump_point 1, release_fence -1
09-16 17:02:30.961   969   969 D libcomposer_ext: DeviceImplAidl::syncPerform(14), client_handle: 1
09-16 17:02:30.961   969   969 D libcomposer_ext: DeviceImplAidl::DeviceClientContextAidl::ParseGetDispDump()
09-16 17:02:30.961   969   969 D libcomposer_ext: DeviceImplAidl::ParseGetDispDump(), dpy 1, dst (160, 120), dump_point 1
09-16 17:02:30.961   969   969 I hwcomposer: [HWC] getDispDump(), dpy 1, (822,7,982,127), (160, 120), (1, 2), (-1), (-1), (0xb400006f50ca61b0)  
09-16 17:02:30.961   969   969 I hwcomposer: [DRMDEV] isSupportWbParams(), id_crtc 103, id_connector 34, dump_point 1, src(160, 120), dst(160, 120), config 2  
09-16 17:02:30.961   969   969 E hwcomposer: [DRMDEV] isSupportWbParams(), disp(1220, 2712)  
09-16 17:02:30.961   969   969 I hwcomposer: [DISP_DUMP] setDumpBuf(), dpy(0), src(822, 7, 982, 127), dst(160, 120), (1, 2), -1, (-1), (0xb400006f50ca61b0)  
09-16 17:02:30.979  1583  2177 D libsensor-parseRGB: the value of RGB [43.224244 33.376338 72.623523]
09-16 17:02:31.001   969  1669 I hwcomposer: [HWC] (0)fire a callback of refresh to SF[4]  
09-16 17:02:31.014   969   969 D libcomposer_ext: DeviceImplAidl::DeviceClientContextAidl::NotifyDispDumpReady()
09-16 17:02:31.014  1583  1583 D libcomposer_ext: ClientCallbackAidl::asyncPerform(15)
09-16 17:02:31.015  1583  1583 D libcomposer_ext: ClientImplAidl::ParseNotifyDispDumpReady()
09-16 17:02:31.036  1583  2177 D libsensor-parseRGB: the value of RGB [43.253787 33.369352 72.622475]
09-16 17:02:31.069  1583  2182 I libsensor-displayalgo: the value of channelCali C:1960.357546,R:1160.031347,G:636.004072,B:482.548716,scales C:1.053362,R:0.940208,G:1.080438,B:1.016771
09-16 17:02:31.070  1583  2182 D libsensor-displayalgo: brightness:8191.000000,flat_mode:0.000000,R1:3974.231029,G1:2245.769101,B1:12426.713767,R2:4444.693226,G2:2913.988815,B2:12489.625817,R3:5440.585349,G3:3900.102782,B3:12954.661428,R4:6155.587565,G4:4922.384684,B4:13004.371430,EVENT C:5170.000000,R:2899.000000,G:2358.000000,B:1446.000000, lux: 152.317245
09-16 17:02:31.166   969  1656 I android.hardware.graphics.composer@3.2-service: Sensor: notify citsensorservice to trigger cwb
09-16 17:02:31.166  1583  2176 I libsensor-frameBufferManager: request dump start
09-16 17:02:31.166  1583  2176 D libcomposer_ext: ClientImplAidl::getDispDump(), dpy 1, dst (160, 120), dump_point 1, release_fence -1
09-16 17:02:31.167   969   969 D libcomposer_ext: DeviceImplAidl::syncPerform(14), client_handle: 1
09-16 17:02:31.167  2614  2614 W Settings: Setting airplane_mode_on has moved from android.provider.Settings.System to android.provider.Settings.Global, returning read-only value.
09-16 17:02:31.167   969   969 D libcomposer_ext: DeviceImplAidl::DeviceClientContextAidl::ParseGetDispDump()
09-16 17:02:31.167   969   969 D libcomposer_ext: DeviceImplAidl::ParseGetDispDump(), dpy 1, dst (160, 120), dump_point 1
09-16 17:02:31.168   969   969 I hwcomposer: [HWC] getDispDump(), dpy 1, (822,7,982,127), (160, 120), (1, 2), (-1), (-1), (0xb400006f50ca62d0)  
09-16 17:02:31.168   969   969 I hwcomposer: [DRMDEV] isSupportWbParams(), id_crtc 103, id_connector 34, dump_point 1, src(160, 120), dst(160, 120), config 2  
09-16 17:02:31.168   969   969 E hwcomposer: [DRMDEV] isSupportWbParams(), disp(1220, 2712)  
09-16 17:02:31.168   969   969 I hwcomposer: [DISP_DUMP] setDumpBuf(), dpy(0), src(822, 7, 982, 127), dst(160, 120), (1, 2), -1, (-1), (0xb400006f50ca62d0)  
09-16 17:02:31.168   969   969 I hwcomposer: [HWC] (0)fire a callback of refresh to SF[9]  
09-16 17:02:31.169  2614  2614 W Settings: Setting airplane_mode_on has moved from android.provider.Settings.System to android.provider.Settings.Global, returning read-only value.
09-16 17:02:31.173   969   969 D libcomposer_ext: DeviceImplAidl::DeviceClientContextAidl::NotifyDispDumpReady()
09-16 17:02:31.174  1583  1583 D libcomposer_ext: ClientCallbackAidl::asyncPerform(15)
09-16 17:02:31.174  1583  1583 D libcomposer_ext: ClientImplAidl::ParseNotifyDispDumpReady()
09-16 17:02:31.177  2614 19671 D NetworkSpeedTracker: updateNwSignalInfo not allowed ,ignore
09-16 17:02:31.177  2614  3126 D SelfStudyController: handleMessage msg.what is 1035
09-16 17:02:31.177  2614  3113 D MiuiTelephonyDFS: msg.what = 2
09-16 17:02:31.177  2614  3113 D MiuiTelephonyDFS: getVoiceRat = 13
09-16 17:02:31.177  2614  3113 D MiuiTelephonyDFS: getRsrp = -102
09-16 17:02:31.177  2614  3113 D MiuiTelephonyDFS: getVoiceRat = 13
09-16 17:02:31.179  2614  3113 D MiuiTelephonyDFS: getSnr = -1
09-16 17:02:31.179  2614  3113 D MiSight::  constructEvent id=915100005
09-16 17:02:31.180  2614  3113 D MiSight::  sendEvent id=915100005
09-16 17:02:31.180  2614  3113 D MiSightJni: MiSight: Java_com_miui_misight_MiSight_nativeSendEvent enter called. '{"SNRValue":-1}'
09-16 17:02:31.180  2614  3113 D MiEvent : MiEvent: this 0x6c9d9a80c0, paylod=0xb400006efa4c5410
09-16 17:02:31.180  2614  3113 D MiEvent : flatten EventId 915100005 -t 1758052951 -paraList {"SNRValue":-1}
09-16 17:02:31.181  2614  3113 I MiEvent : report:no open miev 2
09-16 17:02:31.181  2614  3113 D MiEvent : ~MiEvent: this 0x6c9d9a80c0, paylod=0xb400006efa4c5410
09-16 17:02:31.181  2614  3113 E MiSightJni: MiSight: nativeSendEvent fail
09-16 17:02:31.183  2614 19671 D NetworkSpeedTracker: updateNwSignalInfo not allowed ,ignore
09-16 17:02:31.183  2614  3126 D SelfStudyController: handleMessage msg.what is 1035
09-16 17:02:31.185  2628  2628 D ArtChoreographerMonitor: invoke error.
09-16 17:02:31.186  2614  3113 D MiuiTelephonyDFS: msg.what = 2
09-16 17:02:31.186  2614  3113 D MiuiTelephonyDFS: getVoiceRat = 13
09-16 17:02:31.186  2614  3113 D MiuiTelephonyDFS: getRsrp = -102
09-16 17:02:31.186  2614  3113 D MiuiTelephonyDFS: getVoiceRat = 13
09-16 17:02:31.186  2614  3113 D MiuiTelephonyDFS: getSnr = -1
09-16 17:02:31.186  2614  3113 D MiSight::  constructEvent id=915100005
09-16 17:02:31.186  2614  3113 D MiSight::  sendEvent id=915100005
09-16 17:02:31.186  2614  3113 D MiSightJni: MiSight: Java_com_miui_misight_MiSight_nativeSendEvent enter called. '{"SNRValue":-1}'
09-16 17:02:31.186  2614  3113 D MiEvent : MiEvent: this 0x6c9d9a80c0, paylod=0xb400006efa4c5410
09-16 17:02:31.186  2614  3113 D MiEvent : flatten EventId 915100005 -t 1758052951 -paraList {"SNRValue":-1}
09-16 17:02:31.186  2614  3113 I MiEvent : report:no open miev 2
09-16 17:02:31.186  2614  3113 D MiEvent : ~MiEvent: this 0x6c9d9a80c0, paylod=0xb400006efa4c5410
09-16 17:02:31.186  2614  3113 E MiSightJni: MiSight: nativeSendEvent fail
09-16 17:02:31.189  2614  2614 W Settings: Setting airplane_mode_on has moved from android.provider.Settings.System to android.provider.Settings.Global, returning read-only value.
09-16 17:02:31.190  2614  2614 W Settings: Setting airplane_mode_on has moved from android.provider.Settings.System to android.provider.Settings.Global, returning read-only value.
09-16 17:02:31.191 15795 15795 D YellowPage.Network: onSignalStrengthsChanged()
09-16 17:02:31.191  2614 19671 D NetworkSpeedTracker: updateSignalInfo lteRsrp=-100lteSnr=-5,phoneId=0
09-16 17:02:31.193  2614 19671 D NetworkSpeedTracker: updateSignalInfo nrRsrp= -113,nrSnr= -11,phoneId= 0
09-16 17:02:31.193  1583  2177 D libsensor-parseRGB: the value of RGB [43.224244 33.376338 72.623523]
09-16 17:02:31.193  2614  3126 D SelfStudyController: handleMessage msg.what is 1035
09-16 17:02:31.196  2614  3113 D MiuiTelephonyDFS: msg.what = 2
09-16 17:02:31.196  2614  3113 D MiuiTelephonyDFS: getVoiceRat = 13
09-16 17:02:31.196 15795 15795 D YellowPage.Network: onSignalStrengthsChanged()
09-16 17:02:31.196  2614  3113 D MiuiTelephonyDFS: getRsrp = -100
09-16 17:02:31.197  2614  3113 D MiuiTelephonyDFS: getVoiceRat = 13
09-16 17:02:31.197  2614  3113 D MiuiTelephonyDFS: getSnr = -5
09-16 17:02:31.197  2614  3113 D MiSight::  constructEvent id=915100005
09-16 17:02:31.198  2614  3126 D SelfStudyController: handleMessage msg.what is 1035
09-16 17:02:31.198  2614  3113 D MiSight::  sendEvent id=915100005
09-16 17:02:31.198  2614 19671 D NetworkSpeedTracker: updateSignalInfo lteRsrp=-100lteSnr=-5,phoneId=0
09-16 17:02:31.198  2614 19671 D NetworkSpeedTracker: updateSignalInfo nrRsrp= -113,nrSnr= -11,phoneId= 0
09-16 17:02:31.198  2614  3113 D MiSightJni: MiSight: Java_com_miui_misight_MiSight_nativeSendEvent enter called. '{"SNRValue":-5}'
09-16 17:02:31.199  2614  2614 W AlarmManager: Unrecognized alarm listener com.android.internal.telephony.data.AutoDataSwitchController$$ExternalSyntheticLambda0@3e305c7
09-16 17:02:31.199  2614  3113 D MiEvent : MiEvent: this 0x6c9d9a80c0, paylod=0xb400006efa4c5410
09-16 17:02:31.199  2614  3113 D MiEvent : flatten EventId 915100005 -t 1758052951 -paraList {"SNRValue":-5}
09-16 17:02:31.199  2614  3113 I MiEvent : report:no open miev 2
09-16 17:02:31.199  2614  3113 D MiEvent : ~MiEvent: this 0x6c9d9a80c0, paylod=0xb400006efa4c5410
09-16 17:02:31.199  2614  3113 E MiSightJni: MiSight: nativeSendEvent fail
09-16 17:02:31.199  2614  3113 D MiuiTelephonyDFS: msg.what = 3
09-16 17:02:31.199  2614  3113 D MiuiTelephonyDFS: msg.what = 2
09-16 17:02:31.199  2614  3113 D MiuiTelephonyDFS: getVoiceRat = 13
09-16 17:02:31.199  2614  3113 D MiuiTelephonyDFS: getRsrp = -100
09-16 17:02:31.200  2614  3113 D MiuiTelephonyDFS: getVoiceRat = 13
09-16 17:02:31.200  2614  3113 D MiuiTelephonyDFS: getSnr = -5
09-16 17:02:31.200  2614  3113 D MiSight::  constructEvent id=915100005
09-16 17:02:31.200  2614  3113 D MiSight::  sendEvent id=915100005
09-16 17:02:31.200  2614  3113 D MiSightJni: MiSight: Java_com_miui_misight_MiSight_nativeSendEvent enter called. '{"SNRValue":-5}'
09-16 17:02:31.200  2614  3113 D MiEvent : MiEvent: this 0x6c9d9a80c0, paylod=0xb400006efa4c5410
09-16 17:02:31.200  2614  3113 D MiEvent : flatten EventId 915100005 -t 1758052951 -paraList {"SNRValue":-5}
09-16 17:02:31.200  2614  3113 I MiEvent : report:no open miev 2
09-16 17:02:31.200  2614  3113 D MiEvent : ~MiEvent: this 0x6c9d9a80c0, paylod=0xb400006efa4c5410
09-16 17:02:31.200  2614  3113 E MiSightJni: MiSight: nativeSendEvent fail
09-16 17:02:31.230  1808  2133 I mtkpower_client: perf_lock_acq, hdl:12075, dur:1, num:2, pid:1808, tid:2133
09-16 17:02:31.232  1808  2133 I mtkpower_client: ret_hdl:12115
09-16 17:02:31.233  1808  2133 I mtkpower_client: perf_lock_rel, hdl:12115, tid:2133
09-16 17:02:31.233  1001  1098 I libPowerHal: [perfLockAcq] idx:0 hdl:12115 hint:-1 pid:1808 tid:2133 duration:1 lock_user:system_server => ret_hdl:12115
09-16 17:02:31.233  1001  1098 I libPowerHal: [PE] system_server update ONESHOT(set) cmd:1444300 param:7072
09-16 17:02:31.235  1001  1098 I mtkpower@impl: [powerd_req] TIMER_MSG_PERF_LOCK_TIMEOUT hdl:12115
09-16 17:02:31.235  1001  1098 I libPowerHal: [perfLockRel] hdl:12115, idx:0
09-16 17:02:31.237  1001  1098 I libPowerHal: [PD] system_server update ONESHOT(unset) cmd:1444300 param:7072
09-16 17:02:31.237  1001  1098 I libPowerHal: [perfLockRel] hdl:12115, idx:-1
09-16 17:02:31.269  1583  2182 I libsensor-displayalgo: the value of channelCali C:1959.687986,R:1158.813746,G:636.155212,B:482.605457,scales C:1.053362,R:0.940208,G:1.080438,B:1.016771
09-16 17:02:31.269  1583  2182 D libsensor-displayalgo: brightness:8191.000000,flat_mode:0.000000,R1:3968.261563,G1:2246.803608,B1:12427.108459,R2:4438.514204,G2:2914.489100,B2:12490.172363,R3:5429.916006,G3:3905.737605,B3:12958.732106,R4:6143.944803,G4:4921.926117,B4:13007.155574,EVENT C:5178.000000,R:2904.000000,G:2360.000000,B:1447.000000, lux: 152.764511
09-16 17:02:31.277   993  1035 I libPerfCtl: xgfGetFPS pid:2628 fps:-1
09-16 17:02:31.281   979  1143 E HfLooper: sensor imu_hand_detect in hal data=1000,999,0,0,10058,52
09-16 17:02:31.320  1064  1064 I BufferQueueProducer: [com.android.chrome/ChromeChildSurface#8442](this:0xb400007b6437ee90,id:-1,api:0,p:-1,c:1064) queueBuffer: fps=81.66 dur=1004.15 max=316.00 min=7.65
09-16 17:02:31.355  2628  2628 D ArtChoreographerMonitor: invoke error.
09-16 17:02:31.381   969  1669 I hwcomposer: [HWC] (0)fire a callback of refresh to SF[4]  
09-16 17:02:31.397   969   969 I hwcomposer: [HWCDisplay] [Display_0 (type:1, mode:2)] fps:79.282715,dur:1046.89,max:166.64,min:6.64  
09-16 17:02:31.398   969  1656 I android.hardware.graphics.composer@3.2-service: Sensor: notify citsensorservice to trigger cwb
09-16 17:02:31.399  1583  2176 I libsensor-frameBufferManager: request dump start
09-16 17:02:31.399  1583  2176 D libcomposer_ext: ClientImplAidl::getDispDump(), dpy 1, dst (160, 120), dump_point 1, release_fence -1
09-16 17:02:31.400   969   969 D libcomposer_ext: DeviceImplAidl::syncPerform(14), client_handle: 1
09-16 17:02:31.400   969   969 D libcomposer_ext: DeviceImplAidl::DeviceClientContextAidl::ParseGetDispDump()
09-16 17:02:31.400   969   969 D libcomposer_ext: DeviceImplAidl::ParseGetDispDump(), dpy 1, dst (160, 120), dump_point 1
09-16 17:02:31.400   969   969 I hwcomposer: [HWC] getDispDump(), dpy 1, (822,7,982,127), (160, 120), (1, 2), (-1), (-1), (0xb400006f50ca3030)  
09-16 17:02:31.401   969   969 I hwcomposer: [DRMDEV] isSupportWbParams(), id_crtc 103, id_connector 34, dump_point 1, src(160, 120), dst(160, 120), config 2  
09-16 17:02:31.402   969   969 E hwcomposer: [DRMDEV] isSupportWbParams(), disp(1220, 2712)  
09-16 17:02:31.402   969   969 I hwcomposer: [DISP_DUMP] setDumpBuf(), dpy(0), src(822, 7, 982, 127), dst(160, 120), (1, 2), -1, (-1), (0xb400006f50ca3030)  
09-16 17:02:31.402   969   969 I hwcomposer: [HWC] (0)fire a callback of refresh to SF[9]  
09-16 17:02:31.414   969   969 D libcomposer_ext: DeviceImplAidl::DeviceClientContextAidl::NotifyDispDumpReady()
09-16 17:02:31.415  1583  1583 D libcomposer_ext: ClientCallbackAidl::asyncPerform(15)
09-16 17:02:31.416  1583  1583 D libcomposer_ext: ClientImplAidl::ParseNotifyDispDumpReady()
09-16 17:02:31.436  1583  2177 D libsensor-parseRGB: the value of RGB [43.224244 33.376338 72.623523]
09-16 17:02:31.471  1583  2182 I libsensor-displayalgo: the value of channelCali C:1959.541095,R:1158.736188,G:636.091831,B:482.580051,scales C:1.053362,R:0.940208,G:1.080438,B:1.016771
09-16 17:02:31.472  1583  2182 D libsensor-displayalgo: brightness:8191.000000,flat_mode:0.000000,R1:3968.261563,G1:2246.803608,B1:12427.108459,R2:4438.100588,G2:2913.978058,B2:12490.045059,R3:5429.916006,G3:3905.737605,B3:12958.732106,R4:6142.868409,G4:4920.603842,B4:13006.833587,EVENT C:5175.000000,R:2902.000000,G:2360.000000,B:1448.000000, lux: 152.583176
09-16 17:02:31.485   969  1669 I hwcomposer: [HWC] (0)fire a callback of refresh to SF[4]  
09-16 17:02:31.657   969  1656 I android.hardware.graphics.composer@3.2-service: Sensor: notify citsensorservice to trigger cwb
09-16 17:02:31.658  1583  2176 I libsensor-frameBufferManager: request dump start
09-16 17:02:31.658  1583  2176 D libcomposer_ext: ClientImplAidl::getDispDump(), dpy 1, dst (160, 120), dump_point 1, release_fence -1
09-16 17:02:31.659   969   969 D libcomposer_ext: DeviceImplAidl::syncPerform(14), client_handle: 1
09-16 17:02:31.660   969   969 D libcomposer_ext: DeviceImplAidl::DeviceClientContextAidl::ParseGetDispDump()
09-16 17:02:31.660   969   969 D libcomposer_ext: DeviceImplAidl::ParseGetDispDump(), dpy 1, dst (160, 120), dump_point 1
09-16 17:02:31.660   969   969 I hwcomposer: [HWC] getDispDump(), dpy 1, (822,7,982,127), (160, 120), (1, 2), (-1), (-1), (0xb400006f50ca61b0)  
09-16 17:02:31.660   969   969 I hwcomposer: [DRMDEV] isSupportWbParams(), id_crtc 103, id_connector 34, dump_point 1, src(160, 120), dst(160, 120), config 2  
09-16 17:02:31.660   969   969 E hwcomposer: [DRMDEV] isSupportWbParams(), disp(1220, 2712)  
09-16 17:02:31.660   969   969 I hwcomposer: [DISP_DUMP] setDumpBuf(), dpy(0), src(822, 7, 982, 127), dst(160, 120), (1, 2), -1, (-1), (0xb400006f50ca61b0)  
09-16 17:02:31.660   969   969 I hwcomposer: [HWC] (0)fire a callback of refresh to SF[9]  
09-16 17:02:31.671   969   969 D libcomposer_ext: DeviceImplAidl::DeviceClientContextAidl::NotifyDispDumpReady()
09-16 17:02:31.672  1583  1583 D libcomposer_ext: ClientCallbackAidl::asyncPerform(15)
09-16 17:02:31.672   969  1656 I android.hardware.graphics.composer@3.2-service: Sensor: notify citsensorservice to trigger cwb
09-16 17:02:31.672  1583  1583 D libcomposer_ext: ClientImplAidl::ParseNotifyDispDumpReady()
09-16 17:02:31.673  1583  2176 I libsensor-frameBufferManager: request dump start
09-16 17:02:31.673  1583  2176 D libcomposer_ext: ClientImplAidl::getDispDump(), dpy 1, dst (160, 120), dump_point 1, release_fence -1
09-16 17:02:31.674   969   969 D libcomposer_ext: DeviceImplAidl::syncPerform(14), client_handle: 1
09-16 17:02:31.674   969   969 D libcomposer_ext: DeviceImplAidl::DeviceClientContextAidl::ParseGetDispDump()
09-16 17:02:31.674   969   969 D libcomposer_ext: DeviceImplAidl::ParseGetDispDump(), dpy 1, dst (160, 120), dump_point 1
09-16 17:02:31.674   969   969 I hwcomposer: [HWC] getDispDump(), dpy 1, (822,7,982,127), (160, 120), (1, 2), (-1), (-1), (0xb400006f50ca62d0)  
09-16 17:02:31.674   969   969 I hwcomposer: [DRMDEV] isSupportWbParams(), id_crtc 103, id_connector 34, dump_point 1, src(160, 120), dst(160, 120), config 2  
09-16 17:02:31.674   969   969 E hwcomposer: [DRMDEV] isSupportWbParams(), disp(1220, 2712)  
09-16 17:02:31.675   969   969 I hwcomposer: [DISP_DUMP] setDumpBuf(), dpy(0), src(822, 7, 982, 127), dst(160, 120), (1, 2), -1, (-1), (0xb400006f50ca62d0)  
09-16 17:02:31.684   979  1143 E HfLooper: sensor imu_hand_detect in hal data=1000,999,0,0,10041,23
09-16 17:02:31.692  1583  2177 D libsensor-parseRGB: the value of RGB [43.224244 33.376338 72.623523]
09-16 17:02:31.713   969  1669 I hwcomposer: [HWC] (0)fire a callback of refresh to SF[4]  
09-16 17:02:31.729   969   969 D libcomposer_ext: DeviceImplAidl::DeviceClientContextAidl::NotifyDispDumpReady()
09-16 17:02:31.730  1583  1583 D libcomposer_ext: ClientCallbackAidl::asyncPerform(15)
09-16 17:02:31.730  1583  1583 D libcomposer_ext: ClientImplAidl::ParseNotifyDispDumpReady()
09-16 17:02:31.751  1583  2177 D libsensor-parseRGB: the value of RGB [43.253787 33.369352 72.622475]
09-16 17:02:31.756  1808  1808 E AmlWifiScoreReportInjector: current network is in roaming environment
09-16 17:02:31.756  1808  1808 I AmlMiuiThirdPartScorer: same score, no send
09-16 17:02:31.769  1583  2182 I libsensor-displayalgo: the value of channelCali C:1960.210704,R:1159.953797,G:635.940686,B:482.523367,scales C:1.053362,R:0.940208,G:1.080438,B:1.016771
09-16 17:02:31.769  1583  2182 D libsensor-displayalgo: brightness:8191.000000,flat_mode:0.000000,R1:3974.231029,G1:2245.769101,B1:12426.713767,R2:4444.280145,G2:2913.476768,B2:12489.501902,R3:5440.585349,G3:3900.102782,B3:12954.661428,R4:6154.511153,G4:4921.062413,B4:13004.054464,EVENT C:5176.000000,R:2901.000000,G:2359.000000,B:1446.000000, lux: 152.794220
09-16 17:02:31.879  1082  1105 D ccci_mdinit: (1):monitor_time_update_thread round:1076 ########
09-16 17:02:31.893  1808  2133 W ContextImpl: Calling a method in the system process without a qualified user: android.app.ContextImpl.sendBroadcastMultiplePermissions:1310 android.content.Context.sendBroadcastMultiplePermissions:2536 com.android.server.TelephonyRegistry.broadcastServiceStateChanged:3793 com.android.server.TelephonyRegistry.notifyServiceStateForPhoneId:1837 com.android.internal.telephony.ITelephonyRegistry$Stub.onTransact:546 
09-16 17:02:31.896  1808  2133 W ContextImpl: Calling a method in the system process without a qualified user: android.app.ContextImpl.sendBroadcastMultiplePermissions:1343 com.android.server.TelephonyRegistry.broadcastServiceStateChanged:3798 com.android.server.TelephonyRegistry.notifyServiceStateForPhoneId:1837 com.android.internal.telephony.ITelephonyRegistry$Stub.onTransact:546 android.os.Binder.execTransactInternal:1512 
09-16 17:02:31.902  2614  2614 I Telephony: TelecomAccountRegistry$TelecomAccountTelephonyCallback: onServiceStateChanged: newState=0, mServiceState=0
09-16 17:02:31.903  2614  2614 D PhoneInterfaceManager: isRttSupported: carrier: false, device: true, mtk: true
09-16 17:02:31.904  1808  2133 W ContextImpl: Calling a method in the system process without a qualified user: android.app.ContextImpl.sendBroadcastMultiplePermissions:1343 com.android.server.TelephonyRegistry.broadcastServiceStateChanged:3807 com.android.server.TelephonyRegistry.notifyServiceStateForPhoneId:1837 com.android.internal.telephony.ITelephonyRegistry$Stub.onTransact:546 android.os.Binder.execTransactInternal:1512 
09-16 17:02:31.904  2614  2614 I Telephony: isRttCurrentlySupported -- regular acct, hasVoiceAvailability: true
09-16 17:02:31.904  2614  2614 I Telephony:  isRttSupported: false
09-16 17:02:31.904  2614  2614 I Telephony:  alwaysAllowWhileRoaming: false
09-16 17:02:31.904  2614  2614 I Telephony:  isRoaming: false
09-16 17:02:31.904  2614  2614 I Telephony:  isOnWfc: false
09-16 17:02:31.904  2614  2614 D PhoneInterfaceManager: isRttSupported: carrier: false, device: true, mtk: true
09-16 17:02:31.905  1808  2133 W ContextImpl: Calling a method in the system process without a qualified user: android.app.ContextImpl.sendBroadcastMultiplePermissions:1343 com.android.server.TelephonyRegistry.broadcastServiceStateChanged:3813 com.android.server.TelephonyRegistry.notifyServiceStateForPhoneId:1837 com.android.internal.telephony.ITelephonyRegistry$Stub.onTransact:546 android.os.Binder.execTransactInternal:1512 
09-16 17:02:31.905  2614  2614 I Telephony: isRttCurrentlySupported -- regular acct, hasVoiceAvailability: false
09-16 17:02:31.905  2614  2614 I Telephony:  isRttSupported: false
09-16 17:02:31.905  2614  2614 I Telephony:  alwaysAllowWhileRoaming: false
09-16 17:02:31.905  2614  2614 I Telephony:  isRoaming: false
09-16 17:02:31.905  2614  2614 I Telephony:  isOnWfc: false
09-16 17:02:31.907  2614  3070 D FivegOfflineStatistic: phoneId0, curRilRat = 14; mLsatRilRat = 14
09-16 17:02:31.907  2614  3113 D MiuiTelephonyDFS: msg.what = 1
09-16 17:02:31.907  2614  3070 I RoamingManager: processServiceState phoneId: 0 simOperatorNumeric:72410 networkOperatorNumeric:72410 isHome:true
09-16 17:02:31.907  2614  3070 I RoamingManager: processServiceState lastRoamingMode: 0 newRoamingMode:0
09-16 17:02:31.909  1808  2213 I MiuiNetworkPolicy: updateUidState uid = 10268, uidState = 11
09-16 17:02:31.909 30310 30310 D CellBroadcastReceiver: onReceive Intent { act=android.intent.action.SERVICE_STATE flg=0x1000010 cmp=com.google.android.cellbroadcastreceiver/com.android.cellbroadcastreceiver.CellBroadcastReceiver (has extras) }
09-16 17:02:31.909  2614  3113 D MiSight::  constructEvent id=915100002
09-16 17:02:31.909  2614  3113 D MiSight::  sendEvent id=915100002
09-16 17:02:31.909  2614  3113 D MiSightJni: MiSight: Java_com_miui_misight_MiSight_nativeSendEvent enter called. '{"fromRAT":13,"toRAT":13}'
09-16 17:02:31.909  2628  2628 D MiuiCarrierTextController: updateCarrierText: 2 [VIVO, VIVO]
09-16 17:02:31.909  2614  3113 D MiEvent : MiEvent: this 0x6c9d9a80a0, paylod=0xb400006efa4ebbb0
09-16 17:02:31.909  2628  2628 D MiuiCarrierTextController: fireCarrierTextChanged: VIVO carrierCount: 2 pos: 0 listeners: 9
09-16 17:02:31.909  2614  3113 D MiEvent : flatten EventId 915100002 -t 1758052951 -paraList {"fromRAT":13,"toRAT":13}
09-16 17:02:31.909  2614  3113 I MiEvent : report:no open miev 2
09-16 17:02:31.909  2614  3113 D MiEvent : ~MiEvent: this 0x6c9d9a80a0, paylod=0xb400006efa4ebbb0
09-16 17:02:31.909  2614  3113 E MiSightJni: MiSight: nativeSendEvent fail
09-16 17:02:31.910  2628  2628 D MiuiCarrierTextController: fireCarrierTextChanged: VIVO carrierCount: 2 pos: 1 listeners: 9
09-16 17:02:31.910  2614  3094 D ModemDFS: processServiceStateChangeEvent phoneId=0
09-16 17:02:31.910  2614  3094 D ModemDFS: newVoiceReg:0,oldVoiceReg=0
09-16 17:02:31.911  2614  3126 D SelfStudyController: handleMessage msg.what is 1027
09-16 17:02:31.911 30310 30310 D CellBroadcastReceiver: onServiceStateChanged, ss: 0
09-16 17:02:31.911 30310 30310 D CellBroadcastReceiver: networkOperator: 72410
09-16 17:02:31.911 30310 30310 D CellBroadcastReceiver: update supported roaming operator as 
09-16 17:02:31.912  2614 19671 D NetworkSpeedTracker: processServiceStateChangeEvent phoneId=0
09-16 17:02:31.915  1808  2213 I MiuiNetworkPolicy: updateUidState uid = 10268, uidState = 19
09-16 17:02:31.916  2628  2628 D ArtChoreographerMonitor: invoke error.
09-16 17:02:31.917  2628  2628 D MiuiCarrierTextLayout: normal_control_center handleTwoCarriers: widthLeft:98 widthRight:98 availableWidth:948
09-16 17:02:31.917  2628  2628 D MiuiCarrierTextLayout: normal_control_center onMeasure: availableWidth: 990
09-16 17:02:31.917  2628  2628 D ControlCenterHeaderExpandController: onExpansionChanged: progress =  0.0
09-16 17:02:32.002  1808  2213 D MiuiNetworkPolicy: updateLimit mLimitEnabled=true,enabled=false,mNetworkPriorityMode=0,mThermalForceMode=0
09-16 17:02:32.003  1808  2213 I MiuiNetworkPolicy: getDisableLimitTimeout when thermal mode is:0
09-16 17:02:32.027  1808  2160 I MIUIInput: [MotionEvent] notifyMotion - eventTime=19075293952000, deviceId=6, source=0x1002, policyFlags=0x0, action=0x0, flags=0x0, downTime=19075293952000
09-16 17:02:32.029  1132  1132 I touch_boost: enable=1, boost_up=0, boost_down=1, render_deboost=0, active_time=100, duration=50, idleprefer(TA,FG)=(1,1), util(TA,FG)=(1,1), freq(c0,c1,c2)=(1100000,1400000,400000)
09-16 17:02:32.029  1808  2159 I MIUIInput: [MotionEvent] publisher action=0x0, deviceId=6, 19075293, channel '27c0ed6 com.android.chrome/org.chromium.chrome.browser.customtabs.TranslucentCustomTabActivity (server)'
09-16 17:02:32.029  1132  1132 I mtkpower_client: perf_lock_acq, hdl:0, dur:50, num:14, pid:1132, tid:1132
09-16 17:02:32.029  1808  2159 I MIUIInput: [MotionEvent] publisher action=0x0, deviceId=6, 19075293, channel '[Gesture Monitor] miui-touch-fod (server)'
09-16 17:02:32.029  1808  2159 I MIUIInput: [MotionEvent] publisher action=0x0, deviceId=6, 19075293, channel '[Gesture Monitor] miui-gesture (server)'
09-16 17:02:32.029  7072  7072 I MIUIInput: [MotionEvent] ViewRootImpl windowName 'com.android.chrome/org.chromium.chrome.browser.customtabs.TranslucentCustomTabActivity', { action=ACTION_DOWN, id[0]=0, pointerCount=1, eventTime=19075293, downTime=19075293, phoneEventTime=17:02:32.026 } moveCount:0
09-16 17:02:32.030  1001  1098 I libPowerHal: [perfLockAcq] idx:0 hdl:12116 hint:25 pid:1001 tid:1001 duration:10000 lock_user:vendor.mediatek => ret_hdl:12116
09-16 17:02:32.030  1132  1132 I mtkpower_client: IMtkPowerService_isDeclared 1
09-16 17:02:32.032  1132  1132 I mtkpower_client: ret_hdl:12117
09-16 17:02:32.032  1808  2286 I ProcessManager: getRenderThreadTidByPid, caller=1808
09-16 17:02:32.032  1001  1098 I libPowerHal: [perfLockAcq] idx:1 hdl:12117 hint:-1 pid:1132 tid:1132 duration:50 lock_user:touch_boost => ret_hdl:12117
09-16 17:02:32.032  1001  1098 I libPowerHal: [setClusterFreq] touch_boost set cpufreq[0] min:1100000 max:-1 cpufreq[1] min:1400000 max:-1 cpufreq[2] min:400000 max:-1 
09-16 17:02:32.033  1001  1098 I libPowerHal: [setClusterFreq]  set cpu_ctrl cpufreq: 1100000 -1 1400000 -1 -1 -1 
09-16 17:02:32.033  1001  1098 I libPowerHal: [PE] touch_boost update cmd:1404100, param:1
09-16 17:02:32.033  1001  1098 I libPowerHal: [PE] touch_boost update cmd:1404300, param:1
09-16 17:02:32.040  1001  1098 I libPowerHal: [PE] touch_boost update cmd:1408100, param:1
09-16 17:02:32.041  1001  1098 I libPowerHal: [PE] touch_boost update cmd:1408300, param:1
09-16 17:02:32.050  1064  1064 I BufferQueueProducer: [NavigationBar0#102](this:0xb400007b642cdce0,id:-1,api:0,p:-1,c:1064) queueBuffer: fps=1.14 dur=13979.69 max=13838.63 min=7.97
09-16 17:02:32.050  1064  1064 I BufferQueueProducer: [StatusBar#106](this:0xb400007b642df2b0,id:-1,api:0,p:-1,c:1064) queueBuffer: fps=1.49 dur=1344.99 max=854.95 min=490.04
09-16 17:02:32.052   969  1656 I android.hardware.graphics.composer@3.2-service: Sensor: notify citsensorservice to trigger cwb
09-16 17:02:32.053  1583  2176 I libsensor-frameBufferManager: request dump start
09-16 17:02:32.053  1583  2176 D libcomposer_ext: ClientImplAidl::getDispDump(), dpy 1, dst (160, 120), dump_point 1, release_fence -1
09-16 17:02:32.053   969   969 D libcomposer_ext: DeviceImplAidl::syncPerform(14), client_handle: 1
09-16 17:02:32.053   969   969 D libcomposer_ext: DeviceImplAidl::DeviceClientContextAidl::ParseGetDispDump()
09-16 17:02:32.053   969   969 D libcomposer_ext: DeviceImplAidl::ParseGetDispDump(), dpy 1, dst (160, 120), dump_point 1
09-16 17:02:32.053   969   969 I hwcomposer: [HWC] getDispDump(), dpy 1, (822,7,982,127), (160, 120), (1, 2), (-1), (-1), (0xb400006f50ca3030)  
09-16 17:02:32.053   969   969 I hwcomposer: [DRMDEV] isSupportWbParams(), id_crtc 103, id_connector 34, dump_point 1, src(160, 120), dst(160, 120), config 2  
09-16 17:02:32.053   969   969 E hwcomposer: [DRMDEV] isSupportWbParams(), disp(1220, 2712)  
09-16 17:02:32.053   969   969 I hwcomposer: [DISP_DUMP] setDumpBuf(), dpy(0), src(822, 7, 982, 127), dst(160, 120), (1, 2), -1, (-1), (0xb400006f50ca3030)  
09-16 17:02:32.054   969   969 I hwcomposer: [HWC] (0)fire a callback of refresh to SF[9]  
09-16 17:02:32.061   969   969 D libcomposer_ext: DeviceImplAidl::DeviceClientContextAidl::NotifyDispDumpReady()
09-16 17:02:32.062  1583  1583 D libcomposer_ext: ClientCallbackAidl::asyncPerform(15)
09-16 17:02:32.062  1583  1583 D libcomposer_ext: ClientImplAidl::ParseNotifyDispDumpReady()
09-16 17:02:32.063  1808  2160 I MIUIInput: [MotionEvent] notifyMotion - eventTime=19075330034000, deviceId=6, source=0x1002, policyFlags=0x0, action=0x1, flags=0x0, downTime=19075293952000
09-16 17:02:32.064  1808  2159 I MIUIInput: [MotionEvent] publisher action=0x1, deviceId=6, 19075330, channel '27c0ed6 com.android.chrome/org.chromium.chrome.browser.customtabs.TranslucentCustomTabActivity (server)'
09-16 17:02:32.064  1808  2159 I MIUIInput: [MotionEvent] publisher action=0x1, deviceId=6, 19075330, channel '[Gesture Monitor] miui-touch-fod (server)'
09-16 17:02:32.064  1808  2159 I MIUIInput: [MotionEvent] publisher action=0x1, deviceId=6, 19075330, channel '[Gesture Monitor] miui-gesture (server)'
09-16 17:02:32.064  1001  1098 I libPowerHal: [perfLockRel] hdl:12116, idx:0
09-16 17:02:32.064  7072  7072 I MIUIInput: [MotionEvent] ViewRootImpl windowName 'com.android.chrome/org.chromium.chrome.browser.customtabs.TranslucentCustomTabActivity', { action=ACTION_UP, id[0]=0, pointerCount=1, eventTime=19075330, downTime=19075293, phoneEventTime=17:02:32.063 } moveCount:0
09-16 17:02:32.072  7072  7072 I cr_PaymentAppFinder: App store method "https://play.google.com/billing".
09-16 17:02:32.073  7072  7072 I cr_PaymentAppFinder: "org.chromium.intent.action.PAY" intent apps: com.google.android.gms, br.com.melhorafotoai.twa, com.instagram.android, com.mercadolibre, com.mercadopago.wallet.
09-16 17:02:32.075  7072  7072 I cr_PaymentAppFinder: "org.chromium.intent.action.IS_READY_TO_PAY" intent apps: br.com.melhorafotoai.twa, com.google.android.gms, com.instagram.android, com.mercadopago.wallet, com.mercadolibre.
09-16 17:02:32.076  7072  7072 I cr_PaymentAppFinder: "org.chromium.intent.action.UPDATE_PAYMENT_DETAILS" intent apps: com.google.android.gms, com.android.chrome.
09-16 17:02:32.076  7072  7072 I cr_PaymentAppFinder: Payment app "br.com.melhorafotoai.twa": "org.chromium.intent.action.IS_READY_TO_PAY" service in "com.google.androidbrowserhelper.playbilling.provider.PaymentService".
09-16 17:02:32.077  7072  7072 I cr_PaymentAppFinder: Activity "com.google.androidbrowserhelper.playbilling.provider.PaymentActivity" in package "br.com.melhorafotoai.twa" validated for "https://play.google.com/billing".
09-16 17:02:32.077  7072  7072 I cr_PaymentAppFinder: "com.google.android.gms.wallet.ow.ChooseAccountShimActivity" meta-data "org.chromium.default_payment_method_name": "https://google.com/pay".
09-16 17:02:32.078  7072  7072 I cr_PaymentAppFinder: "com.google.android.gms.wallet.ow.ChooseAccountShimActivity" meta-data "org.chromium.payment_method_names": https://pay.sandbox.google.com/authentication, https://pay.google.com/authentication.
09-16 17:02:32.078  7072  7072 I cr_PaymentAppFinder: "com.google.androidbrowserhelper.playbilling.provider.PaymentActivity" meta-data "org.chromium.default_payment_method_name": "https://play.google.com/billing".
09-16 17:02:32.078  7072  7072 I cr_PaymentAppFinder: "com.instagram.fbpay.w3c.views.PaymentActivity" meta-data "org.chromium.default_payment_method_name": "https://www.facebook.com/pay".
09-16 17:02:32.078  1132  1132 I touch_boost: enable=0, boost_up=0, boost_down=1, render_deboost=0, active_time=100, duration=50, idleprefer(TA,FG)=(1,1), util(TA,FG)=(1,1), freq(c0,c1,c2)=(1100000,1400000,400000)
09-16 17:02:32.078  7072  7072 I cr_PaymentAppFinder: "com.instagram.fbpay.w3c.views.PaymentActivity" meta-data "org.chromium.payment_method_names": https://www.facebook.com/basiccard.
09-16 17:02:32.078  7072  7072 I cr_PaymentAppFinder: "com.mercadolibre.android.onlinepayments.supertoken.core.presentation.authentication.SuperTokenAuthenticationActivity" meta-data "org.chromium.default_payment_method_name": "https://sdk.mercadopago.com/op-pay/prapi/index.html?app=ML".
09-16 17:02:32.078  1132  1132 I mtkpower_client: perf_lock_rel, hdl:12117, tid:1132
09-16 17:02:32.078  7072  7072 I cr_PaymentAppFinder: "com.mercadolibre.android.onlinepayments.supertoken.core.presentation.authentication.SuperTokenAuthenticationActivity" meta-data "org.chromium.default_payment_method_name": "https://sdk.mercadopago.com/op-pay/prapi/index.html?app=MP".
09-16 17:02:32.078  7072  7072 E cr_PaymentAppFinder: No manifests to verify.
09-16 17:02:32.078  7072  7072 I cr_IsReadyToPayService: Connecting to "com.google.androidbrowserhelper.playbilling.provider.PaymentService".
09-16 17:02:32.079  1132  1132 I mtkpower_client: IMtkPowerService_isDeclared 1
09-16 17:02:32.080  1808  2133 I SmartPower: br.com.melhorafotoai.twa/10307(28261): idle->background(11004ms) R(service create br.com.melhorafotoai.twa/com.google.androidbrowserhelper.playbilling.provider.PaymentService) adj=250.
09-16 17:02:32.080  1001  1098 I libPowerHal: [perfLockRel] hdl:12117, idx:1
09-16 17:02:32.080  1001  1098 I libPowerHal: [setClusterFreq]  set cpu_ctrl cpufreq: -1 -1 -1 -1 -1 -1 
09-16 17:02:32.080  1001  1098 I libPowerHal: [PD] touch_boost update cmd:1404100 param:0
09-16 17:02:32.081  1001  1098 I libPowerHal: [PD] touch_boost update cmd:1404300 param:0
09-16 17:02:32.081  1001  1098 I libPowerHal: [PD] touch_boost update cmd:1408100 param:0
09-16 17:02:32.081  7072  7072 I cr_PaymentRequestServ: Check can make payment.
09-16 17:02:32.083  1583  2177 D libsensor-parseRGB: the value of RGB [44.984404 36.004386 73.034184]
09-16 17:02:32.083   979  1143 E HfLooper: sensor imu_hand_detect in hal data=1000,999,0,0,10041,24
09-16 17:02:32.085   982   982 I mali_platform_hal: useCompressionVulkan pid=7742, applicationName=Chromium, 0
09-16 17:02:32.088   982   982 I mali_platform_hal: useCompressionVulkan pid=7742, applicationName=Chromium, 0
09-16 17:02:32.088  1001  1098 I libPowerHal: [PD] touch_boost update cmd:1408300 param:0
09-16 17:02:32.089   982   982 I mali_platform_hal: useCompressionVulkan pid=7742, applicationName=Chromium, 0
09-16 17:02:32.091  7072  7072 I cr_IsReadyToPayService: Querying "com.google.androidbrowserhelper.playbilling.provider.PaymentService".
09-16 17:02:32.092   982   982 I mali_platform_hal: useCompressionVulkan pid=7742, applicationName=Chromium, 0
09-16 17:02:32.093  7072 10080 I cr_IsReadyToPayService: "com.google.androidbrowserhelper.playbilling.provider.PaymentService": Ready to pay.
09-16 17:02:32.093   982   982 I mali_platform_hal: useCompressionVulkan pid=7742, applicationName=Chromium, 0
09-16 17:02:32.093  7072 10080 I cr_IsReadyToPayService: Terminating connection to "com.google.androidbrowserhelper.playbilling.provider.PaymentService".
09-16 17:02:32.093  7072  7072 I cr_PaymentAppFinder: Android app id "br.com.melhorafotoai.twa" ready to pay: "true".
09-16 17:02:32.094  7072  7072 I cr_PaymentRequestServ: Can make payment: "true".
09-16 17:02:32.094   982   982 I mali_platform_hal: useCompressionVulkan pid=7742, applicationName=Chromium, 0
09-16 17:02:32.095   982   982 I mali_platform_hal: useCompressionVulkan pid=7742, applicationName=Chromium, 0
09-16 17:02:32.095   982   982 I mali_platform_hal: useCompressionVulkan pid=7742, applicationName=Chromium, 0
09-16 17:02:32.098   982   982 I mali_platform_hal: useCompressionVulkan pid=7742, applicationName=Chromium, 0
09-16 17:02:32.098  7072  7072 D ScrollerOptimizationManager: registerConfigChangedListener
09-16 17:02:32.098   982   982 I mali_platform_hal: useCompressionVulkan pid=7742, applicationName=Chromium, 0
09-16 17:02:32.099   982   982 I mali_platform_hal: useCompressionVulkan pid=7742, applicationName=Chromium, 0
09-16 17:02:32.099   982   982 I mali_platform_hal: useCompressionVulkan pid=7742, applicationName=Chromium, 0
09-16 17:02:32.101   982   982 I mali_platform_hal: useCompressionVulkan pid=7742, applicationName=Chromium, 0
09-16 17:02:32.101   969  1669 I hwcomposer: [HWC] (0)fire a callback of refresh to SF[4]  
09-16 17:02:32.101   982   982 I mali_platform_hal: useCompressionVulkan pid=7742, applicationName=Chromium, 0
09-16 17:02:32.101   982   982 I mali_platform_hal: useCompressionVulkan pid=7742, applicationName=Chromium, 0
09-16 17:02:32.102   982   982 I mali_platform_hal: useCompressionVulkan pid=7742, applicationName=Chromium, 0
09-16 17:02:32.102   982   982 I mali_platform_hal: useCompressionVulkan pid=7742, applicationName=Chromium, 0
09-16 17:02:32.102   982   982 I mali_platform_hal: useCompressionVulkan pid=7742, applicationName=Chromium, 0
09-16 17:02:32.103   982   982 I mali_platform_hal: useCompressionVulkan pid=7742, applicationName=Chromium, 0
09-16 17:02:32.103   982   982 I mali_platform_hal: useCompressionVulkan pid=7742, applicationName=Chromium, 0
09-16 17:02:32.114  7072  7072 D ScrollerOptimizationManager: registerConfigChangedListener
09-16 17:02:32.114  1064  1064 I BufferQueueProducer: [FramebufferSurface](this:0xb400007aa4096710,id:-1,api:1,p:1064,c:1064) queueBuffer: fps=3.77 dur=1324.75 max=385.83 min=106.39
09-16 17:02:32.118  1064  1285 D SurfaceFlinger: [SF client] NEW(0xb4000079f40b3c90) for (7072:com.android.chrome)
09-16 17:02:32.120  7072  7522 W libc    : Access denied finding property "ro.vendor.display.iris_x7.support"
09-16 17:02:32.121  7072  7072 D VRI[TranslucentCustomTabActivity]: hardware acceleration = true, forceHwAccelerated = false
09-16 17:02:32.122  1064  1285 I BufferQueueDebug: [d4554d8 com.android.chrome/org.chromium.chrome.browser.customtabs.TranslucentCustomTabActivity#8486](this:0xb400007b6418e520,id:-1,api:0,p:-1,c:-1) BufferQueue core=(1064:/system/bin/surfaceflinger)
09-16 17:02:32.125  1808  2133 W WindowManager: Changing focus from Window{27c0ed6 u0 com.android.chrome/org.chromium.chrome.browser.customtabs.TranslucentCustomTabActivity} to Window{d4554d8 u0 com.android.chrome/org.chromium.chrome.browser.customtabs.TranslucentCustomTabActivity} displayId=0 Callers=com.android.server.wm.RootWindowContainer.updateFocusedWindowLocked:602 com.android.server.wm.WindowManagerService.updateFocusedWindowLocked:7168 com.android.server.wm.WindowManagerService.addWindow:2247 com.android.server.wm.Session.addToDisplayAsUser:280 
09-16 17:02:32.125  1808  2133 I whetstone.activity: Power Event callback listener is empty for resId=32
09-16 17:02:32.125  1808  2133 D BatteryStatsManagerStub: notifyEvent for resId=32 used 0ms
09-16 17:02:32.125  1064  1285 I BufferQueueDebug: [Surface(name=6e3f4c8 NavigationBar0#96)/@0xf2bcc86 - animation-leash of insets_animation#8487](this:0xb400007b6415db40,id:-1,api:0,p:-1,c:-1) BufferQueue core=(1064:/system/bin/surfaceflinger)
09-16 17:02:32.127  1064  1861 I BufferQueueDebug: [Surface(name=cb15e4f StatusBar#100)/@0x3cf906b - animation-leash of insets_animation#8488](this:0xb400007b64328180,id:-1,api:0,p:-1,c:-1) BufferQueue core=(1064:/system/bin/surfaceflinger)
09-16 17:02:32.128  1808  2133 D WindowManager: wms.Input focus has changed to Window{d4554d8 u0 com.android.chrome/org.chromium.chrome.browser.customtabs.TranslucentCustomTabActivity} display=0 updateInputWindows = false
09-16 17:02:32.128  1808  2133 I MultiSenceManagerInternalStub: getInstance
09-16 17:02:32.129  1808  1888 I ActivityTaskManager: visible for Task{c8b13a0 #153 type=standard A=10307:br.com.melhorafotoai.twa} visible = true isAnimating = false TRANSITION = false PARENTS = false CHILDREN = false
09-16 17:02:32.129  7072  7072 D InputEventReceiver: Input log is disabled in InputEventReceiver.
09-16 17:02:32.132  1808  1888 D WindowManager: wms.Focus not requested for window=Window{d4554d8 u0 com.android.chrome/org.chromium.chrome.browser.customtabs.TranslucentCustomTabActivity} because it has no surface or is not focusable.
09-16 17:02:32.133  1808  2133 W OptProp : Cannot read opt property android.window.PROPERTY_COMPAT_ALLOW_ORIENTATION_OVERRIDE
09-16 17:02:32.134  1808  2133 V GrammaticalInflectionUtils: AttributionSource: android.content.AttributionSource@43e4bf81 does not have READ_SYSTEM_GRAMMATICAL_GENDER permission.
09-16 17:02:32.134  1808  2133 W OptProp : Cannot read opt property android.window.PROPERTY_COMPAT_ALLOW_RESIZEABLE_ACTIVITY_OVERRIDES
09-16 17:02:32.134  1808  2133 W OptProp : Cannot read opt property android.window.PROPERTY_COMPAT_ALLOW_MIN_ASPECT_RATIO_OVERRIDE
09-16 17:02:32.134  1808  2133 I ActivityTaskManager: isKeyguardEditor: false, newTransition: TransitionRecord{380af8f id=636 type=OPEN flags=0x0}
09-16 17:02:32.135  1808  2133 I SmartPower: br.com.melhorafotoai.twa/10307(28261): background->invisible(55ms) R(become foreground) adj=250.
09-16 17:02:32.135  1808  2133 D WindowManager: Collecting in transition 636: ActivityRecord{ae2821c u0 br.com.melhorafotoai.twa/com.google.androidbrowserhelper.playbilling.provider.PaymentActivity init visibleRequested:false
09-16 17:02:32.135  1808  2133 D MiuiFreeformServiceImpl: addLaunchFreeformActivityOptionIfNeed sourceFfas: null
09-16 17:02:32.135  1808  2133 D MiuiFreeformServiceImpl: addLaunchFreeformActivityOptionIfNeed skip due to not find sourceTask: null sourceFfas: null sourceFreeFormActivity: ActivityRecord{3b9e54e u0 com.android.chrome/org.chromium.chrome.browser.customtabs.TranslucentCustomTabActivity t153}
09-16 17:02:32.135  1064  1064 I SurfaceFlinger: onHandleDestroyed: name=Dim Layer for - Task=153#8468, layerId=8468, parentId=0
09-16 17:02:32.135  1808  2133 D MiuiFreeFormManagerService: onStartActivityInner as = Task{c8b13a0 #153 type=standard A=10307:br.com.melhorafotoai.twa} op = null
09-16 17:02:32.136  1064  1285 I BufferQueueDebug: [ActivityRecord{ae2821c u0 br.com.melhorafotoai.twa/com.google.androidbrowserhelper.playbilling.provider.PaymentActivity t153}#8489](this:0xb400007b6435fa80,id:-1,api:0,p:-1,c:-1) BufferQueue core=(1064:/system/bin/surfaceflinger)
09-16 17:02:32.137  1808  2133 D WindowManager: setLockTaskAuth: task=Task{c8b13a0 #153 type=standard A=10307:br.com.melhorafotoai.twa} mLockTaskAuth=LOCK_TASK_AUTH_PINNABLE
09-16 17:02:32.137  1808  2133 D MiuiFreeFormManagerService: onStartActivityInner as = Task{c8b13a0 #153 type=standard A=10307:br.com.melhorafotoai.twa} op = null
09-16 17:02:32.138  1001  1016 I mtkpower@impl: [setMode] type:5, enabled:1
09-16 17:02:32.138  1808  2133 D ActivityTaskManager: Not add starting window, the reason is: windowIsTranslucent = true  windowIsFloating = false  this = ActivityRecord{ae2821c u0 br.com.melhorafotoai.twa/com.google.androidbrowserhelper.playbilling.provider.PaymentActivity t153} activityName = br.com.melhorafotoai.twa/com.google.androidbrowserhelper.playbilling.provider.PaymentActivity
09-16 17:02:32.138  1001  1098 I libPowerHal: [perfLockAcq] idx:0 hdl:12118 hint:913 pid:1001 tid:1001 duration:3000 lock_user:vendor.mediatek => ret_hdl:12118
09-16 17:02:32.139  1001  1098 I libPowerHal: [setClusterFreq] LAUNCH set cpufreq[0] min:1600000 max:-1 cpufreq[1] min:2200000 max:-1 cpufreq[2] min:2200000 max:-1 
09-16 17:02:32.139  1001  1098 I libPowerHal: [setGPUFreq] LAUNCH user set gpu freq min:62, max:-1
09-16 17:02:32.139  1001  1098 I libPowerHal: LAUNCH: set gpu opp level: 62
09-16 17:02:32.139  1808  2133 D WindowManager: All the checks have been done, return STARTING_WINDOW_TYPE_NONE. this = ActivityRecord{ae2821c u0 br.com.melhorafotoai.twa/com.google.androidbrowserhelper.playbilling.provider.PaymentActivity t153}
09-16 17:02:32.139  1808  2133 I WindowManager: Try to add startingWindow type = STARTING_WINDOW_TYPE_NONE this = ActivityRecord{ae2821c u0 br.com.melhorafotoai.twa/com.google.androidbrowserhelper.playbilling.provider.PaymentActivity t153} preAllowTaskSnapshot = true afterAllowTaskSnapshot = true newTask = false taskSwitch = false processRunning = true activityCreated = false activityAllDrawn = false isSnapshotCompatible = false resolvedTheme = 0 theme = 16973840
09-16 17:02:32.139  1001  1098 I libPowerHal: LAUNCH: set gpu opp level max: 0
09-16 17:02:32.139  1808  2133 I PowerHalWrapper: amsBoostNotify pid:7072,activity:org.chromium.chrome.browser.customtabs.TranslucentCustomTabActivity, package:com.android.chrome, mProcessCreatePackbr.com.melhorafotoai.twa 
09-16 17:02:32.139  1808  2133 I PowerHalWrapper: state: 0 
09-16 17:02:32.139  1001  1098 I libPowerHal: [setGPUFreq] Soft min/max = (62, 0); Hard min/max = (64, 0)
09-16 17:02:32.139  1001  1098 I libPowerHal: [setGPUFreq] final min/max = (62, 0)
09-16 17:02:32.139  1001  1098 I libPowerHal: LAUNCH: set gpu opp level: 62
09-16 17:02:32.140  1001  1098 I libPowerHal: LAUNCH: set gpu opp level max: 0
09-16 17:02:32.140  1808  2133 I mtkpower_client: [PowerHal_Wrap_notifyAppState] com.android.chrome/org.chromium.chrome.browser.customtabs.TranslucentCustomTabActivity pid=7072 activityId:62514510 state:0
09-16 17:02:32.140  1001  1098 I libPowerHal: [setClusterFreq]  set cpu_ctrl cpufreq: 1600000 -1 2200000 -1 2200000 -1 
09-16 17:02:32.140   993  1010 I MTK_APPList: [getForegroundAPPInfo]  com.android.chrome/org.chromium.chrome.browser.customtabs.TranslucentCustomTabActivity (pid=7072)
09-16 17:02:32.140   993  1010 I vendor.mediatek.hardware.mtkpower_applist-service.mediatek: MIUI ADDpackName: com.android.chrome actName: org.chromium.chrome.browser.customtabs.TranslucentCustomTabActivity
09-16 17:02:32.140   993  1010 I vendor.mediatek.hardware.mtkpower_applist-service.mediatek: powerhal get success
09-16 17:02:32.140  1001  1098 I libPowerHal: [PE] LAUNCH update cmd:1408300, param:96
09-16 17:02:32.140  1001  1098 I libPowerHal: [PE] LAUNCH update cmd:300c000, param:15
09-16 17:02:32.140  1001  1098 I libPowerHal: [PE] LAUNCH update cmd:c0c200, param:18743356
09-16 17:02:32.140   993  1010 I vendor.mediatek.hardware.mtkpower_applist-service.mediatek: packName: com.android.chrome actName: org.chromium.chrome.browser.customtabs.TranslucentCustomTabActivity pid: 7072 uid: 10172 state: 0
09-16 17:02:32.140  1001  1098 I libPowerHal: [PE] LAUNCH update cmd:c0c300, param:771
09-16 17:02:32.140  1808  2133 I PowerHalWrapper: amsBoostNotify AMS_BOOST_PROCESS_CREATE_BOOST:false 
09-16 17:02:32.140   993  1010 I MTK_APPList: [notifyAPPstate] com.android.chrome/org.chromium.chrome.browser.customtabs.TranslucentCustomTabActivity, pid=7072, uid=10172, state:PAUSED, fps:-1, win:0
09-16 17:02:32.140   993  1010 I MTK_APPList: [notifyAPPstate] multi_resumed_app_count: 0
09-16 17:02:32.140   993  1010 I MTK_APPList: [getForegroundAPPCount] 1
09-16 17:02:32.140   993  1010 I MTK_APPList: [notifyNetdUID] 10172
09-16 17:02:32.141  1001  1098 I libPowerHal: [setDvfsrcDevFreqOpp] opp:3, freq:5500000000
09-16 17:02:32.141  1001  1098 I libPowerHal: [PE] LAUNCH update cmd:1000000 param:3
09-16 17:02:32.141  1001  1098 I libPowerHal: [PE] LAUNCH update cmd:808000 param:1
09-16 17:02:32.141  1808  2133 I PowerHalWrapper: <amsBoostResume> last:com.android.chrome, next:br.com.melhorafotoai.twahasATProcess:false 
09-16 17:02:32.141  1808  2133 D WindowManager: Collecting in transition 636: ActivityRecord{ae2821c u0 br.com.melhorafotoai.twa/com.google.androidbrowserhelper.playbilling.provider.PaymentActivity t153} init visibleRequested:false
09-16 17:02:32.142   993  1010 I MTK_APPList: [notifyPID] 7072
09-16 17:02:32.142  1001  1098 I libPowerHal: [perfLockRel] hdl:12109, idx:-1
09-16 17:02:32.142  1064  1064 I BufferQueueDebug: [Dim Layer for - Task=153#8468](this:0xb400007b64321260,id:-1,api:0,p:-1,c:1064) onDestructor()
09-16 17:02:32.142  1808  2133 I ActivityTaskManager: START u0 {act=org.chromium.intent.action.PAY cmp=br.com.melhorafotoai.twa/com.google.androidbrowserhelper.playbilling.provider.PaymentActivity (has extras)} with LAUNCH_MULTIPLE from uid 10172 from pid 7072 callingPackage com.android.chrome (BAL_ALLOW_VISIBLE_WINDOW) result code=0
09-16 17:02:32.143  1001  1098 I libPowerHal: [perfSetSysInfo] pid type:24, 7072
09-16 17:02:32.143  1001  1098 I libPowerHal: [perfLockAcq] idx:1 hdl:12119 hint:22 pid:1001 tid:1001 duration:10000 lock_user:vendor.mediatek => ret_hdl:12119
09-16 17:02:32.143  1001  1098 E ExtendedUtils: [settimer] this triggger end time is illegal
09-16 17:02:32.143  1001  1098 I libPowerHal: [setClusterFreq] MTKPOWER_HINT_PACK_SWITCH set cpufreq[0] min:1600000 max:-1 cpufreq[1] min:2200000 max:-1 cpufreq[2] min:2200000 max:-1 
09-16 17:02:32.143  1001  1098 I libPowerHal: [setGPUFreq] MTKPOWER_HINT_PACK_SWITCH user set gpu freq min:62, max:-1
09-16 17:02:32.143  1001  1098 I libPowerHal: MTKPOWER_HINT_PACK_SWITCH: set gpu opp level max: 0
09-16 17:02:32.143  1001  1098 I libPowerHal: [setGPUFreq] Soft min/max = (62, 0); Hard min/max = (64, 0)
09-16 17:02:32.143  1001  1098 I libPowerHal: [setGPUFreq] final min/max = (62, 0)
09-16 17:02:32.143  1001  1098 I libPowerHal: MTKPOWER_HINT_PACK_SWITCH: set gpu opp level: 62
09-16 17:02:32.143  1001  1098 I libPowerHal: MTKPOWER_HINT_PACK_SWITCH: set gpu opp level max: 0
09-16 17:02:32.143  1001  1098 I libPowerHal: [PE] MTKPOWER_HINT_PACK_SWITCH update cmd:143c100, param:0
09-16 17:02:32.143  1001  1016 E libPowerHal: [getHintRscSize] hint_id 56 cannot be found in PowerScnTbl
09-16 17:02:32.143  1808  1888 I ActivityTaskManager: visible for Task{c8b13a0 #153 type=standard A=10307:br.com.melhorafotoai.twa} visible = true isAnimating = false TRANSITION = false PARENTS = false CHILDREN = false
09-16 17:02:32.143  1001  1098 I libPowerHal: [perfLockRel] hdl:12107, idx:-1
09-16 17:02:32.144  7072  7072 D DecorViewImmersiveImpl: onAttachedToWindow:com.android.chrome/org.chromium.chrome.browser.customtabs.TranslucentCustomTabActivity
09-16 17:02:32.145  2628  2725 I SoScStageCoordinator: Transition requested:TransitionRequestInfo { type = OPEN, triggerTask = TaskInfo{userId=0 taskId=153 displayId=0 isRunning=true baseIntent=Intent { act=android.intent.action.MAIN cat=[android.intent.category.LAUNCHER] flg=0x10200000 cmp=br.com.melhorafotoai.twa/.LauncherActivity } baseActivity=ComponentInfo{br.com.melhorafotoai.twa/br.com.melhorafotoai.twa.LauncherActivity} topActivity=ComponentInfo{br.com.melhorafotoai.twa/com.google.androidbrowserhelper.playbilling.provider.PaymentActivity} origActivity=null realActivity=ComponentInfo{br.com.melhorafotoai.twa/br.com.melhorafotoai.twa.LauncherActivity} numActivities=3 lastActiveTime=23688820 supportsSplitScreenMultiWindow=true supportsMultiWindow=true resizeMode=1 isResizeable=true minWidth=-1 minHeight=-1 defaultMinSize=200 token=WCT{android.window.IWindowContainerToken$Stub$Proxy@d9d1da3} topActivityType=1 pictureInPictureParams=null shouldDockBigOverlays=false launchIntoPipHostTaskId=-1 lastParentTaskIdBeforePip=-1 displayCutoutSafeInsets=null topActivityInfo=ActivityInfo{9ff78a0 com.google.androidbrowserhelper.playbilling.provider.PaymentActivity} launchCookies=[] positionInParent=Point(0, 0) parentTaskId=-1 isFocused=true isVisible=true isVisibleRequested=true isSleeping=false locusId=null displayAreaFeatureId=1 isTopActivityTransparent=true appCompatTaskInfo=AppCompatTaskInfo { topActivityInSizeCompat=false topActivityEligibleForLetterboxEducation= falseisLetterboxEducationEnabled= false isLetterboxDoubleTapEnabled= false topActivityEligibleForUserAspectRatioButton= false topActivityBoundsLetterboxed= false isFromLetterboxDoubleTap= false topActivityLetterboxVerticalPosition= -1 topActivityLetterboxHorizontalPosition= -1 topActivityLetterboxWidth=1220 topActivityLetterboxHeight=2712 isUserFullscreenOverrideEnabled=false isSystemFullscreenOverrideEnabled=false cameraCompatTaskInfo=CameraCompatTaskInfo { cameraCompatControlState=hidden freeformCameraCompatMode=inactive}} isImmersive=false mTopActivityRequestOrientation=1 mBehindAppLockPkg=null mOriginatingUid=0 isEmbedded=false shouldBeVisible=true mIsCastMode=false mTopActivityMediaSize=null mTopActivityRecordName=ActivityRecord{ae2821c u0 br.com.melhorafotoai.twa/com.google.androidbrowserhelper.playbilling.provider.PaymentActivity t153} mTopActivityOrientation=-2}, pipTask = null, remoteTransition = null, displayChange = null, flags = 0, debugId = 636 } isSoScActive:false triggerTask:TaskInfo{userId=0 taskId=153 displayId=0 isRunning=true baseIntent=Intent { act=android.intent.action.MAIN cat=[android.intent.category.LAUNCHER] flg=0x10200000 cmp=br.com.melhorafotoai.twa/.LauncherActivity } baseActivity=ComponentInfo{br.com.melhorafotoai.twa/br.com.melhorafotoai.twa.LauncherActivity} topActivity=ComponentInfo{br.com.melhorafotoai.twa/com.google.androidbrowserhelper.playbilling.provider.PaymentActivity} origActivity=null realActivity=ComponentInfo{br.com.melhorafotoai.twa/br.com.melhorafotoai.twa.LauncherActivity} numActivities=3 lastActiveTime=23688820 supportsSplitScreenMultiWindow=true supportsMultiWindow=true resizeMode=1 isResizeable=true minWidth=-1 minHeight=-1 defaultMinSize=200 token=WCT{android.window.IWindowContainerToken$Stub$Proxy@d9d1da3} topActivityType=1 pictureInPictureParams=null shouldDockBigOverlays=false launchIntoPipHostTaskId=-1 lastParentTaskIdBeforePip=-1 displayCutoutSafeInsets=null topActivityInfo=ActivityInfo{9ff78a0 com.google.androidbrowserhelper.playbilling.provider.PaymentActivity} launchCookies=[] positionInParent=Point(0, 0) parentTaskId=-1 isFocused=true isVisible=true isVisibleRequested=true isSleeping=false locusId=null displayAreaFeatureId=1 isTopActivityTransparent=true appCompatTaskInfo=AppCompatTaskInfo { topActivityInSizeCompat=false topActivityEligibleForLetterboxEducation= falseisLetterboxEducationEnabled= false isLetterboxDoubleTapEnabled= false topActivityEligibleForUserAspectRatioButton= false topActivityBoundsLetterboxed= false isFromLetterboxDoubleTap= false topActivityLetterboxVerticalPosition= -1 topActivityLetterbo
09-16 17:02:32.145  2628  2725 I SoScUtils: monitorTransitionRequest mRequestOpenTransition:null mRequestOpenTriggerTask:-1 mRequestCloseTransition:null mRequestCloseTriggerTask:-1 mRequestCloseStageType:-1
09-16 17:02:32.145  1808  1888 D WindowManager: wms.Focus not requested for window=Window{d4554d8 u0 com.android.chrome/org.chromium.chrome.browser.customtabs.TranslucentCustomTabActivity} because it has no surface or is not focusable.
09-16 17:02:32.145  1808  5285 D WindowManager: Set transition=TransitionRecord{380af8f id=636 type=OPEN flags=0x0}, ready=false, SyncId=636 used=true, override=false, defer=0, states=Display{#0 state=ON size=1220x2712 ROTATION_0}:false
09-16 17:02:32.146  1808  2303 I DisplayModeDirectorImpl: setSmartDisplayUpRefreshRatePolicy [0.0,120.0]
09-16 17:02:32.146  1064  1861 D MI-SF   : updateScene: module = 268 (Unknown), value = 1, pkg = perf_interaction
09-16 17:02:32.146  1808  1887 D DisplayModeDirectorImpl: use smart display refresh rate policy
09-16 17:02:32.145  2387  3106 D TaskStackChangeListeners: onTaskDescriptionChanged =  taskId = 153
09-16 17:02:32.146  1064  1861 I BufferQueueDebug: [com.android.chrome/org.chromium.chrome.browser.customtabs.TranslucentCustomTabActivity#8490](this:0xb400007b64321260,id:-1,api:0,p:-1,c:-1) BufferQueue core=(1064:/system/bin/surfaceflinger)
09-16 17:02:32.146  2628  2725 D MiuiFreeformModeCornerTipHandler: task#153 onTaskVanished
09-16 17:02:32.146  2628  2725 I MiuiBubbleController: removeBubble: 153 reason=2
09-16 17:02:32.146  2628  2725 I MultiTaskingTaskRepository: onTaskInfoChanged multi list = [5, 4], full = [153]
09-16 17:02:32.147  1808  2133 D MiuiRefreshRatePolicy: reset
09-16 17:02:32.148  1808  2030 D CoreBackPreview: Window{d4554d8 u0 com.android.chrome/org.chromium.chrome.browser.customtabs.TranslucentCustomTabActivity}: Setting back callback OnBackInvokedCallbackInfo{mCallback=android.window.IOnBackInvokedCallback$Stub$Proxy@5d2ecdd, mPriority=-1, mIsAnimationCallback=false}
09-16 17:02:32.148  7072  7072 D BufferQueueConsumer: [](id:1ba000000024,api:0,p:-1,c:7072) connect: controlledByApp=false
09-16 17:02:32.148  7072  7072 D BLASTBufferQueue: [VRI[TranslucentCustomTabActivity]#36](f:0,a:0) constructor()
09-16 17:02:32.148  7072  7072 D BLASTBufferQueue: [VRI[TranslucentCustomTabActivity]#36](f:0,a:0) update width=1220 height=2712 format=-2 mTransformHint=0
09-16 17:02:32.149  7072  7072 D VRI[TranslucentCustomTabActivity]: vri.reportNextDraw android.view.ViewRootImpl.performTraversals:4984 android.view.ViewRootImpl.doTraversal:3564 android.view.ViewRootImpl$TraversalRunnable.run:11781 android.view.Choreographer$CallbackRecord.run:1809 android.view.Choreographer$CallbackRecord.run:1818 
09-16 17:02:32.149  7072  7072 D VRI[TranslucentCustomTabActivity]: Setup new sync=wmsSync-VRI[TranslucentCustomTabActivity]#50
09-16 17:02:32.149  1808  1888 I ActivityTaskManager: visible for Task{c8b13a0 #153 type=standard A=10307:br.com.melhorafotoai.twa} visible = true isAnimating = false TRANSITION = false PARENTS = false CHILDREN = false
09-16 17:02:32.149  1808  1888 D SurfaceComposerClient: Transaction::apply InputWindowCommands.focusRequests timestamp=19075415096675, windowName=d4554d8 com.android.chrome/org.chromium.chrome.browser.customtabs.TranslucentCustomTabActivity
09-16 17:02:32.150  7072  7522 D HWUI    : makeCurrent grContext:0xb400006f8a464650 reset mTextureAvailable
09-16 17:02:32.152  7072  7522 D BLASTBufferQueue: [VRI[TranslucentCustomTabActivity]#36](f:0,a:1) acquireNextBufferLocked size=1220x2712 mFrameNumber=1 applyTransaction=true mTimestamp=19075419219752(auto) mPendingTransactions.size=0 graphicBufferId=30374008717362 transform=0
09-16 17:02:32.152  7072  7072 D VRI[TranslucentCustomTabActivity]: vri.reportDrawFinished
09-16 17:02:32.153  1808  2030 D WindowManager: wms.finishDrawingLocked: mDrawState=COMMIT_DRAW_PENDING Window{d4554d8 u0 com.android.chrome/org.chromium.chrome.browser.customtabs.TranslucentCustomTabActivity} in Surface(name=com.android.chrome/org.chromium.chrome.browser.customtabs.TranslucentCustomTabActivity#8490)/@0x1d777a1
09-16 17:02:32.153  1064  4054 I SurfaceFlinger: onHandleDestroyed: name=Surface(name=6e3f4c8 NavigationBar0#96)/@0xf2bcc86 - animation-leash of insets_animation#8483, layerId=8483, parentId=0
09-16 17:02:32.153  1064  4054 I SurfaceFlinger: onHandleDestroyed: name=Surface(name=cb15e4f StatusBar#100)/@0x3cf906b - animation-leash of insets_animation#8484, layerId=8484, parentId=0
09-16 17:02:32.153  1808  1888 D MiuiRefreshRatePolicy: reset
09-16 17:02:32.154  1808  1888 D MiuiRefreshRatePolicy: reset
09-16 17:02:32.154  7072  7072 I cr_VideoPersist: Attempted picture-in-picture with result: failure
09-16 17:02:32.157   982   982 I mali_platform_hal: useCompressionVulkan pid=7742, applicationName=Chromium, 0
09-16 17:02:32.157   982   982 I mali_platform_hal: useCompressionVulkan pid=7742, applicationName=Chromium, 0
09-16 17:02:32.158  1808  1888 I WindowManager: wms.showSurfaceRobustly mWin:Window{d4554d8 u0 com.android.chrome/org.chromium.chrome.browser.customtabs.TranslucentCustomTabActivity}
09-16 17:02:32.158  1808  1888 I ActivityTaskManager: visible for Task{c8b13a0 #153 type=standard A=10307:br.com.melhorafotoai.twa} visible = true isAnimating = false TRANSITION = false PARENTS = false CHILDREN = false
09-16 17:02:32.158  1064  1064 D SurfaceFlinger: Focus addInputWindowCommands timestamp=19075415096675, windowName=d4554d8 com.android.chrome/org.chromium.chrome.browser.customtabs.TranslucentCustomTabActivity
09-16 17:02:32.158  1064  1064 I BufferQueueDebug: [Surface(name=6e3f4c8 NavigationBar0#96)/@0xf2bcc86 - animation-leash of insets_animation#8483](this:0xb400007b64308d70,id:-1,api:0,p:-1,c:1064) onDestructor()
09-16 17:02:32.158  1064  1064 I BufferQueueDebug: [Surface(name=cb15e4f StatusBar#100)/@0x3cf906b - animation-leash of insets_animation#8484](this:0xb400007b643249f0,id:-1,api:0,p:-1,c:1064) onDestructor()
09-16 17:02:32.159  1064  1716 D SurfaceFlinger: updateWinowInfo=1, setFocusedWindow timestamp=19075415096675, windowName=d4554d8 com.android.chrome/org.chromium.chrome.browser.customtabs.TranslucentCustomTabActivity
09-16 17:02:32.163  1808  2133 D WindowManager: Collecting in transition 636: ActivityRecord{ae2821c u0 br.com.melhorafotoai.twa/com.google.androidbrowserhelper.playbilling.provider.PaymentActivity t153} init visibleRequested:false
09-16 17:02:32.163  1808  2133 D WindowManager: Collecting in transition 636: ActivityRecord{ae2821c u0 br.com.melhorafotoai.twa/com.google.androidbrowserhelper.playbilling.provider.PaymentActivity t153} init visibleRequested:true
09-16 17:02:32.164  2628  2725 D MiuiFreeformModeCornerTipHandler: task#153 onTaskVanished
09-16 17:02:32.164  2628  2725 I MiuiBubbleController: removeBubble: 153 reason=2
09-16 17:02:32.164  2628  2725 I MultiTaskingTaskRepository: onTaskInfoChanged multi list = [5, 4], full = [153]
09-16 17:02:32.164  1808  2133 W WindowManager: Changing focus from Window{d4554d8 u0 com.android.chrome/org.chromium.chrome.browser.customtabs.TranslucentCustomTabActivity} to null displayId=0 Callers=com.android.server.wm.RootWindowContainer.updateFocusedWindowLocked:602 com.android.server.wm.WindowManagerService.updateFocusedWindowLocked:7168 com.android.server.wm.ActivityTaskManagerService.setLastResumedActivityUncheckLocked:5842 com.android.server.wm.ActivityTaskSupervisor.updateTopResumedActivityIfNeeded:2452 
09-16 17:02:32.164  1808  2133 D WindowManager: wms.Input focus has changed to null display=0 updateInputWindows = true
09-16 17:02:32.164  1808  2133 I MultiSenceManagerInternalStub: getInstance
09-16 17:02:32.164  1808  2133 I PowerHalWrapper: amsBoostNotify pid:28261,activity:com.google.androidbrowserhelper.playbilling.provider.PaymentActivity, package:br.com.melhorafotoai.twa, mProcessCreatePackbr.com.melhorafotoai.twa 
09-16 17:02:32.164  1808  2133 I PowerHalWrapper: state: 1 
09-16 17:02:32.165  1808  2133 I ScnModule: [GameDetection] packname: br.com.melhorafotoai.twa, apkSize: 1921735. 
09-16 17:02:32.165  1808  2133 I mtkpower_client: [PowerHal_Wrap_notifyAppState] br.com.melhorafotoai.twa/com.google.androidbrowserhelper.playbilling.provider.PaymentActivity pid=28261 activityId:182616604 state:1
09-16 17:02:32.165   993  1010 I MTK_APPList: [getForegroundAPPInfo]  com.android.chrome/org.chromium.chrome.browser.customtabs.TranslucentCustomTabActivity (pid=7072)
09-16 17:02:32.165   993  1010 I vendor.mediatek.hardware.mtkpower_applist-service.mediatek: MIUI ADDpackName: com.android.chrome actName: org.chromium.chrome.browser.customtabs.TranslucentCustomTabActivity
09-16 17:02:32.165   993  1010 I vendor.mediatek.hardware.mtkpower_applist-service.mediatek: powerhal get success
09-16 17:02:32.165   993  1010 I vendor.mediatek.hardware.mtkpower_applist-service.mediatek: packName: br.com.melhorafotoai.twa actName: com.google.androidbrowserhelper.playbilling.provider.PaymentActivity pid: 28261 uid: 10307 state: 1
09-16 17:02:32.165  1808  2133 I PowerHalWrapper: amsBoostNotify AMS_BOOST_PROCESS_CREATE_BOOST:false 
09-16 17:02:32.165   993  1010 I MTK_APPList: [notifyAPPstate] br.com.melhorafotoai.twa/com.google.androidbrowserhelper.playbilling.provider.PaymentActivity, pid=28261, uid=10307, state:RESUMED, fps:-1, win:0
09-16 17:02:32.165   993  1010 I MTK_APPList: [notifyAPPstate] multi_resumed_app_count: 1
09-16 17:02:32.165   993  1010 I MTK_APPList: [notifyAPPstate] multi_resumed_app_info[0] br.com.melhorafotoai.twa/com.google.androidbrowserhelper.playbilling.provider.PaymentActivity, pid:28261, fps:-1, isMultiWindow:0
09-16 17:02:32.165   993  1010 I MTK_APPList: [getForegroundAPPCount] 1
09-16 17:02:32.165   993  1010 I MTK_APPList: [notifyAPPstate] foreground:br.com.melhorafotoai.twa, pid:28261, uid:10307
09-16 17:02:32.165   993  1010 I MTK_APPList: [notifyNetdUID] 10307
09-16 17:02:32.166  1808  2133 D WindowManager: Set transition=TransitionRecord{380af8f id=636 type=OPEN flags=0x0}, ready=true, SyncId=636 
09-16 17:02:32.166   993  1010 I MTK_APPList: [notifyPID] 28261
09-16 17:02:32.166  1808  1887 D ActivityManager: mediaResourceManagerBinder get success
09-16 17:02:32.166  1001  1098 I libPowerHal: [perfSetSysInfo] pid type:24, 28261
09-16 17:02:32.166   993  1010 I MTK_APPList: [notifyAPPstate] pc:0, com.android.chrome => br.com.melhorafotoai.twa
09-16 17:02:32.166  1064  1064 I BpBinder: onLastStrongRef automatically unlinking death recipients: 
09-16 17:02:32.166  1808  2133 D MiuiRefreshRatePolicy: reset
09-16 17:02:32.167  1808  2133 I BLASTSyncEngine: SyncGroup 636:  Unfinished container:ActivityRecord{ae2821c u0 br.com.melhorafotoai.twa/com.google.androidbrowserhelper.playbilling.provider.PaymentActivity t153}
09-16 17:02:32.167  1583  2182 I libsensor-displayalgo: the value of channelCali C:1935.882135,R:1148.079556,G:625.262058,B:477.359521,scales C:1.053362,R:0.940208,G:1.080438,B:1.016771
09-16 17:02:32.167  1808  2133 I BLASTSyncEngine: isActivitySyncFinished isSyncFinished false ActivityRecord{ae2821c u0 br.com.melhorafotoai.twa/com.google.androidbrowserhelper.playbilling.provider.PaymentActivity t153}
09-16 17:02:32.167  1583  2182 D libsensor-displayalgo: brightness:8191.000000,flat_mode:0.000000,R1:4332.477631,G1:2654.494979,B1:12582.229313,R2:3846.658327,G2:2210.934278,B2:12267.158851,R3:6700.102035,G3:5375.003134,B3:13427.390450,R4:4804.887627,G4:3340.308204,B4:12557.807189,EVENT C:5197.000000,R:2914.000000,G:2372.000000,B:1450.000000, lux: 154.932358
09-16 17:02:32.168  7072  7072 I HandWritingStubImpl: refreshLastKeyboardType: 1
09-16 17:02:32.168  7072  7072 I HandWritingStubImpl: getCurrentKeyboardType: 1
09-16 17:02:32.169  5936 15369 D PerfEngineController: ForegroundInfo{mForegroundPackageName='br.com.melhorafotoai.twa', mForegroundUid=10307, mForegroundPid=28261, mLastForegroundPackageName='com.android.chrome', mLastForegroundUid=10172, mLastForegroundPid=7072, mMultiWindowForegroundPackageName='br.com.melhorafotoai.twa', mMultiWindowForegroundUid=10307, mFlags=0}
09-16 17:02:32.169 28261  5084 I ActivityThread: HardwareRenderer preload  done
09-16 17:02:32.169  1808  2285 I NetworkBoostStatusManager: onForegroundInfoChanged uid:10307, isColdStart:false
09-16 17:02:32.169 28261  5080 D AppScoutStateMachine: 28261-ScoutStateMachinecreated
09-16 17:02:32.169  5737  5762 D v1      : myUserId = 0	currentUserId0
09-16 17:02:32.170  1808  2285 I SLM-SRV-SLAToast: foreground uid:10307, isColdStart:false, isLinkTurboEnable:false
09-16 17:02:32.170  1808  1882 D Aurogon :  uid = 10307 switch to FG
09-16 17:02:32.170  1808  2285 D NetworkSDKService: handleMultiAppsDualWifi isSet = false isEverOpened = false
09-16 17:02:32.167  1449  2882 D ResourceManagerServiceNew: update package name: br.com.melhorafotoai.twa
09-16 17:02:32.170  1808  1888 I ActivityTaskManager: visible for Task{c8b13a0 #153 type=standard A=10307:br.com.melhorafotoai.twa} visible = true isAnimating = false TRANSITION = false PARENTS = false CHILDREN = false
09-16 17:02:32.170  1808  1888 D SurfaceComposerClient: Transaction::apply InputWindowCommands.focusRequests timestamp=19075437518521, windowName=<null>
09-16 17:02:32.170  7554  7598 I GST     : forePkg: br.com.melhorafotoai.twa, preForePkg: com.android.chrome
09-16 17:02:32.170  1808  2213 I MiuiNetworkPolicy: updateUidState uid = 10307, uidState = 2
09-16 17:02:32.170  1808  2285 D BluetoothAdapter: getActiveDevices(profile= A2DP)
09-16 17:02:32.170  1808  2170 I ImeTracker: com.android.chrome:a626d338: onRequestHide at ORIGIN_SERVER reason HIDE_UNSPECIFIED_WINDOW fromUser false
09-16 17:02:32.171  1808  2170 I ImeTracker: com.android.chrome:a626d338: onCancelled at PHASE_SERVER_SHOULD_HIDE
09-16 17:02:32.171  5936 13114 D MirrorManager:  sendAcceptInput 0 0
09-16 17:02:32.171  7554  7598 D VENUS_GAMEAI_START_GameAiStartManager: 高能时刻未安装
09-16 17:02:32.171  3419 15366 E BluetoothAdapterService: getActiveDevices: A2dpService is null
09-16 17:02:32.171  1808  2285 D BluetoothAdapter: getActiveDevices(profile= HEADSET)
09-16 17:02:32.171  5737  5762 I ProcessMonitor: onForegroundInfoChanged: ForegroundInfo{mForegroundPackageName='br.com.melhorafotoai.twa', mForegroundUid=10307, mForegroundPid=28261, mLastForegroundPackageName='com.android.chrome', mLastForegroundUid=10172, mLastForegroundPid=7072, mMultiWindowForegroundPackageName='br.com.melhorafotoai.twa', mMultiWindowForegroundUid=10307, mFlags=0}
09-16 17:02:32.171  1449  2882 D ResourceManagerServiceNew: packageName: br.com.melhorafotoai.twa, uid : 10307, hashCode : 62791205
09-16 17:02:32.171  1449  2882 D ResourceManagerServiceNew: ResourceManagerService::setCodecsVppModeWithLock
09-16 17:02:32.171  1449  2882 D ResourceManagerServiceNew: all codecs setVppMode return fail
09-16 17:02:32.172  3419 15366 E BluetoothAdapterService: getActiveDevices: HeadsetService is null
09-16 17:02:32.172  1808  2285 D BluetoothAdapter: getActiveDevices(profile= LE_AUDIO)
09-16 17:02:32.172  3419 15366 E BluetoothAdapterService: getActiveDevices: LeAudioService is null
09-16 17:02:32.172  1808  2285 D AudioSystem: +setParameters(): foregroundUid=10307;bluetoothlowlatencystatus=false 
09-16 17:02:32.172  1808  2285 D AudioSystem: start get log level!
09-16 17:02:32.172  5737  5762 I GameBoosterService: onForegroundInfoChanged: Cur=br.com.melhorafotoai.twa	 last=com.android.chrome
09-16 17:02:32.173   960  4680 W libc    : Access denied finding property "AUDIO_FEATURE_REVERSE_MIC_DIRECTION_SUPPORT"
09-16 17:02:32.173   960  4680 D AudioALSAHardware: +setParameters(): bluetoothlowlatencystatus=false;foregroundUid=10307
09-16 17:02:32.173   960  4680 D AudioALSAHardware: -setParameters(): bluetoothlowlatencystatus=false;foregroundUid=10307
09-16 17:02:32.173  5936  7063 D MilletUtils: setUidState, uid = 10307 allow = true
09-16 17:02:32.173   960  4680 D r_submix: adev_set_parameters() kvpairs='bluetoothlowlatencystatus=false;foregroundUid=10307'
09-16 17:02:32.173  1808  2941 D MiSensorServiceImpl: PowerKeeperSensor resume iUid:10307 but app has not in Controlled
09-16 17:02:32.173  1808  2285 I AudioGameEffect: foreground change to br.com.melhorafotoai.twa, last foreground is com.android.chrome
09-16 17:02:32.173  1808  2285 I AudioGameEffect: get enable packages from setting: null
09-16 17:02:32.173  1808  2285 I AudioGameEffect: get enable packages from setting: null
09-16 17:02:32.173  5737  5762 D GameBoosterService: onGameStatusChange foreground:ForegroundInfo{mForegroundPackageName='br.com.melhorafotoai.twa', mForegroundUid=10307, mForegroundPid=28261, mLastForegroundPackageName='com.android.chrome', mLastForegroundUid=10172, mLastForegroundPid=7072, mMultiWindowForegroundPackageName='br.com.melhorafotoai.twa', mMultiWindowForegroundUid=10307, mFlags=0}
09-16 17:02:32.173  5737  5762 I VideoBoxUtils: isSupportVideoBox: false
09-16 17:02:32.173  5737  5762 I VideoToolBoxService: vtb is closed!!!
09-16 17:02:32.174  5737  5762 I BeautyService: onForegroundInfoChanged: Cur=br.com.melhorafotoai.twa	 last=com.android.chrome
09-16 17:02:32.174  5936  7181 D powerkeeper.dfscollect: get scenarioname is normal
09-16 17:02:32.174  5936  7181 D powerkeeper.dfsscene: get 0 is null return 48000
09-16 17:02:32.174  1064  1064 D SurfaceFlinger: Focus addInputWindowCommands timestamp=19075437518521, windowName=<null>
09-16 17:02:32.175  1064  1716 D SurfaceFlinger: updateWinowInfo=1, setFocusedWindow timestamp=19075437518521, windowName=<null>
09-16 17:02:32.176  4088  4088 I GoogleInputMethodService: GoogleInputMethodService.onFinishInput():2057 
09-16 17:02:32.178  1064  1731 D MI-SF   : updateScene: module = 258 (TpIdle), value = 0, pkg = br.com.melhorafotoai.twa
09-16 17:02:32.178  1064  1731 D MI-SF   : updateScene mSetTpIdleFlag 0
09-16 17:02:32.178  2387 13113 D TaskStackChangeListeners: onTaskDescriptionChanged =  taskId = 153
09-16 17:02:32.179  1064  1731 I BufferQueueDebug: [Surface(name=dc94aba InputMethod#129)/@0x7e8063f - animation-leash of insets_animation#8491](this:0xb400007b6436a130,id:-1,api:0,p:-1,c:-1) BufferQueue core=(1064:/system/bin/surfaceflinger)
09-16 17:02:32.180  4088  4088 I Module  : DeviceLockedStatusModuleProvider$Module.updateDeviceLockedStatus():100 repeatCheckTimes = 0, locked = false
09-16 17:02:32.180  1808  2063 E JobScheduler: ResourceBudgetManagerInternal is null
09-16 17:02:32.180  4088  4088 I GoogleInputMethodService: GoogleInputMethodService.onStartInput():1318 onStartInput(EditorInfo{EditorInfo{packageName=com.android.chrome, inputType=0, inputTypeString=NULL, enableLearning=false, autoCorrection=false, autoComplete=false, imeOptions=0, privateImeOptions=null, actionName=UNSPECIFIED, actionLabel=null, initialSelStart=-1, initialSelEnd=-1, initialCapsMode=0, label=null, fieldId=0, fieldName=null, extras=Bundle[mParcelledData.dataSize=72], hintText=null, hintLocales=[]}}, false)
09-16 17:02:32.181  1808  2133 W PackageConfigPersister: App-specific configuration not found for packageName: com.android.chrome and userId: 0
09-16 17:02:32.181  1808  1888 D MiuiRefreshRatePolicy: reset
09-16 17:02:32.182  1808  1888 I BLASTSyncEngine: SyncGroup 636:  Unfinished container:ActivityRecord{ae2821c u0 br.com.melhorafotoai.twa/com.google.androidbrowserhelper.playbilling.provider.PaymentActivity t153}
09-16 17:02:32.182  1808  1888 I BLASTSyncEngine: isActivitySyncFinished isSyncFinished false ActivityRecord{ae2821c u0 br.com.melhorafotoai.twa/com.google.androidbrowserhelper.playbilling.provider.PaymentActivity t153}
09-16 17:02:32.182  1808  1888 I ActivityTaskManager: visible for Task{c8b13a0 #153 type=standard A=10307:br.com.melhorafotoai.twa} visible = true isAnimating = false TRANSITION = false PARENTS = false CHILDREN = false
09-16 17:02:32.182  2628  2725 D MiuiFreeformModeCornerTipHandler: task#153 onTaskVanished
09-16 17:02:32.183  2628  2725 I MiuiBubbleController: removeBubble: 153 reason=2
09-16 17:02:32.183  4088  4088 I Module  : DeviceLockedStatusModuleProvider$Module.updateDeviceLockedStatus():100 repeatCheckTimes = 1, locked = false
09-16 17:02:32.183  2628  2725 I MultiTaskingTaskRepository: onTaskInfoChanged multi list = [5, 4], full = [153]
09-16 17:02:32.183 28261 28261 D SecurityManager: checkAccessControl flag0
09-16 17:02:32.183  1064  1731 D SurfaceFlinger: [SF client] NEW(0xb4000079f40e0780) for (28261:br.com.melhorafotoai.twa)
09-16 17:02:32.184  1808  2063 I SmartPower: com.google.android.gm/10183(7060): idle->background(154571ms) R(service create com.google.android.gm/androidx.work.impl.background.systemjob.SystemJobService) adj=0.
09-16 17:02:32.185  1808  2213 I MiuiNetworkPolicy: updateUidState uid = 10183, uidState = 8
09-16 17:02:32.185 28261  5099 W libc    : Access denied finding property "ro.vendor.display.iris_x7.support"
09-16 17:02:32.185 28261 28261 D VRI[PaymentActivity]: hardware acceleration = true, forceHwAccelerated = false
09-16 17:02:32.186  1808  2063 I whetstone.activity: Power Event callback listener is empty for resId=256
09-16 17:02:32.187  1808  2063 D BatteryStatsManagerStub: notifyEvent for resId=256 used 0ms
09-16 17:02:32.187  1064  1731 I BufferQueueDebug: [30dc74d br.com.melhorafotoai.twa/com.google.androidbrowserhelper.playbilling.provider.PaymentActivity#8492](this:0xb400007b642d8390,id:-1,api:0,p:-1,c:-1) BufferQueue core=(1064:/system/bin/surfaceflinger)
09-16 17:02:32.189 28261 28261 D InputEventReceiver: Input log is disabled in InputEventReceiver.
09-16 17:02:32.189 28261 28261 D DecorViewImmersiveImpl: onAttachedToWindow:br.com.melhorafotoai.twa/com.google.androidbrowserhelper.playbilling.provider.PaymentActivity
09-16 17:02:32.190  2387  2387 D RecentsImpl: activityResumed in another display, appDisplayId = 0, homeDisplayId = 0
09-16 17:02:32.190  2387  2387 D RecentsImpl: mActivityStateObserver com.google.androidbrowserhelper.playbilling.provider.PaymentActivity
09-16 17:02:32.190  2387  2387 W RecentsImpl: updateStubViewVisibility, className=com.google.androidbrowserhelper.playbilling.provider.PaymentActivity
09-16 17:02:32.190  2387  2387 W RecentsImpl: updateStubViewVisibility, return. mNavStubView=null, mGestureStubLeft=null, mGestureStubRight=null, isNotUpdateByKeyguard=false, mIsStatusBarExpansion=false, mIsInAnotherPro=false, mSecuritySpaceGuideShown=false
09-16 17:02:32.190  1064  1285 I BufferQueueDebug: [br.com.melhorafotoai.twa/com.google.androidbrowserhelper.playbilling.provider.PaymentActivity#8493](this:0xb400007b643249f0,id:-1,api:0,p:-1,c:-1) BufferQueue core=(1064:/system/bin/surfaceflinger)
09-16 17:02:32.191  1808  2030 D MiuiRefreshRatePolicy: reset
09-16 17:02:32.191  1808  2030 I BLASTSyncEngine: SyncGroup 636:  Unfinished container:ActivityRecord{ae2821c u0 br.com.melhorafotoai.twa/com.google.androidbrowserhelper.playbilling.provider.PaymentActivity t153}
09-16 17:02:32.191  1808  2030 I BLASTSyncEngine: isActivitySyncFinished isSyncFinished false ActivityRecord{ae2821c u0 br.com.melhorafotoai.twa/com.google.androidbrowserhelper.playbilling.provider.PaymentActivity t153}
09-16 17:02:32.191  1064  1285 I SurfaceFlinger: onHandleDestroyed: name=Surface(name=dc94aba InputMethod#129)/@0x7e8063f - animation-leash of insets_animation#8485, layerId=8485, parentId=0
09-16 17:02:32.192  2628  2628 D Utilities:  oldHints : 0 backDisposition : 0 imeShown : false hints 0
09-16 17:02:32.192  1808  2030 W WindowManager: Changing focus from null to Window{30dc74d u0 br.com.melhorafotoai.twa/com.google.androidbrowserhelper.playbilling.provider.PaymentActivity} displayId=0 Callers=com.android.server.wm.RootWindowContainer.updateFocusedWindowLocked:602 com.android.server.wm.WindowManagerService.updateFocusedWindowLocked:7168 com.android.server.wm.WindowManagerService.relayoutWindowInner:3076 com.android.server.wm.WindowManagerService.relayoutWindow:2724 
09-16 17:02:32.192  1808  2030 I whetstone.activity: Power Event callback listener is empty for resId=32
09-16 17:02:32.192  1808  2030 D BatteryStatsManagerStub: notifyEvent for resId=32 used 0ms
09-16 17:02:32.192  6607  6620 I Finsky  : [2942] br.com.melhorafotoai.twa: Account determined from installer data - [9D1QEleBtuuJ6goBGEaPSyZJc25CWGxq6RZEcxEYgjY]
09-16 17:02:32.192  1064  1285 I BufferQueueDebug: [Surface(name=6e3f4c8 NavigationBar0#96)/@0xf2bcc86 - animation-leash of insets_animation#8494](this:0xb400007b64308d70,id:-1,api:0,p:-1,c:-1) BufferQueue core=(1064:/system/bin/surfaceflinger)
09-16 17:02:32.192  6607  6620 I Finsky  : [2942] Billing preferred account via installer for br.com.melhorafotoai.twa: [9D1QEleBtuuJ6goBGEaPSyZJc25CWGxq6RZEcxEYgjY]
09-16 17:02:32.193  1064  1285 I BufferQueueDebug: [Surface(name=cb15e4f StatusBar#100)/@0x3cf906b - animation-leash of insets_animation#8495](this:0xb400007b6436d8c0,id:-1,api:0,p:-1,c:-1) BufferQueue core=(1064:/system/bin/surfaceflinger)
09-16 17:02:32.193  6607  6620 W Finsky  : [2942] Got api version 25 for account: [9D1QEleBtuuJ6goBGEaPSyZJc25CWGxq6RZEcxEYgjY]
09-16 17:02:32.193  1808  2030 D WindowManager: wms.Input focus has changed to Window{30dc74d u0 br.com.melhorafotoai.twa/com.google.androidbrowserhelper.playbilling.provider.PaymentActivity} display=0 updateInputWindows = true
09-16 17:02:32.193  1808  2030 I MultiSenceManagerInternalStub: getInstance
09-16 17:02:32.194  1808  2030 I WindowManager: Relayout Window{30dc74d u0 br.com.melhorafotoai.twa/com.google.androidbrowserhelper.playbilling.provider.PaymentActivity}: oldVis=4 newVis=0 focusMayChange = true requestedWidth = 1220 requestedHeight = 2712 outFrames = ClientWindowFrames{frame=[0,0][1220,2712] display=[0,0][1220,2712] parentFrame=[0,0][0,0]} outSurfaceControl = Surface(name=br.com.melhorafotoai.twa/com.google.androidbrowserhelper.playbilling.provider.PaymentActivity#8493)/@0xe6dbc4e
09-16 17:02:32.194  1808  1888 I ActivityTaskManager: visible for Task{c8b13a0 #153 type=standard A=10307:br.com.melhorafotoai.twa} visible = true isAnimating = false TRANSITION = false PARENTS = false CHILDREN = false
09-16 17:02:32.194 28261 28261 D BufferQueueConsumer: [](id:6e6500000003,api:0,p:-1,c:28261) connect: controlledByApp=false
09-16 17:02:32.194 28261 28261 D BLASTBufferQueue: [VRI[PaymentActivity]#3](f:0,a:0) constructor()
09-16 17:02:32.194 28261 28261 D BLASTBufferQueue: [VRI[PaymentActivity]#3](f:0,a:0) update width=1220 height=2712 format=-2 mTransformHint=0
09-16 17:02:32.195  1808  2133 D CoreBackPreview: Window{30dc74d u0 br.com.melhorafotoai.twa/com.google.androidbrowserhelper.playbilling.provider.PaymentActivity}: Setting back callback OnBackInvokedCallbackInfo{mCallback=android.window.IOnBackInvokedCallback$Stub$Proxy@1a10726, mPriority=0, mIsAnimationCallback=false}
09-16 17:02:32.195 28261 28261 D VRI[PaymentActivity]: vri.reportNextDraw android.view.ViewRootImpl.performTraversals:4984 android.view.ViewRootImpl.doTraversal:3564 android.view.ViewRootImpl$TraversalRunnable.run:11781 android.view.Choreographer$CallbackRecord.run:1809 android.view.Choreographer$CallbackRecord.run:1818 
09-16 17:02:32.195 28261 28261 D VRI[PaymentActivity]: Setup new sync=wmsSync-VRI[PaymentActivity]#6
09-16 17:02:32.195  6607  6620 I Finsky  : [2942] br.com.melhorafotoai.twa: Account determined from installer data - [9D1QEleBtuuJ6goBGEaPSyZJc25CWGxq6RZEcxEYgjY]
09-16 17:02:32.196 28261  5099 D HWUI    : makeCurrent grContext:0xb400006f8a460390 reset mTextureAvailable
09-16 17:02:32.196  6607  6620 I Finsky  : [2942] Billing preferred account via installer for br.com.melhorafotoai.twa: [9D1QEleBtuuJ6goBGEaPSyZJc25CWGxq6RZEcxEYgjY]
09-16 17:02:32.196  6607  6620 W Finsky  : [2942] Got api version 25 for account: [9D1QEleBtuuJ6goBGEaPSyZJc25CWGxq6RZEcxEYgjY]
09-16 17:02:32.197 28261  5099 D BLASTBufferQueue: [VRI[PaymentActivity]#3](f:0,a:1) acquireNextBufferLocked size=1220x2712 mFrameNumber=1 applyTransaction=true mTimestamp=19075464792367(auto) mPendingTransactions.size=0 graphicBufferId=121380070752268 transform=0
09-16 17:02:32.198 28261 28261 D VRI[PaymentActivity]: vri.reportDrawFinished
09-16 17:02:32.198  1808  2030 D WindowManager: wms.finishDrawingLocked: mDrawState=COMMIT_DRAW_PENDING Window{30dc74d u0 br.com.melhorafotoai.twa/com.google.androidbrowserhelper.playbilling.provider.PaymentActivity} in Surface(name=br.com.melhorafotoai.twa/com.google.androidbrowserhelper.playbilling.provider.PaymentActivity#8493)/@0x1fc8b49
09-16 17:02:32.199  1808  1888 D MiuiRefreshRatePolicy: reset
09-16 17:02:32.199  1064  1064 I BufferQueueDebug: [Surface(name=dc94aba InputMethod#129)/@0x7e8063f - animation-leash of insets_animation#8485](this:0xb400007b6438ccd0,id:-1,api:0,p:-1,c:1064) onDestructor()
09-16 17:02:32.199  1064  1064 I SurfaceFlinger: onHandleDestroyed: name=Surface(name=cb15e4f StatusBar#100)/@0x3cf906b - animation-leash of insets_animation#8488, layerId=8488, parentId=0
09-16 17:02:32.200  1064  1064 I SurfaceFlinger: onHandleDestroyed: name=Surface(name=6e3f4c8 NavigationBar0#96)/@0xf2bcc86 - animation-leash of insets_animation#8487, layerId=8487, parentId=0
09-16 17:02:32.200  1808  1888 I SmartPower: br.com.melhorafotoai.twa/10307(28261): invisible->visible(65ms) R(become visible) adj=0.
09-16 17:02:32.200  1808  2301 I SmartPower: com.android.vending/10154(6607): idle->background(9151ms) R(add to whitelist) adj=250.
09-16 17:02:32.200  1808  1888 I WindowManager: wms.showSurfaceRobustly mWin:Window{30dc74d u0 br.com.melhorafotoai.twa/com.google.androidbrowserhelper.playbilling.provider.PaymentActivity}
09-16 17:02:32.200  1808  1888 D WindowManager: Final targets: [ActivityRecord{ae2821c u0 br.com.melhorafotoai.twa/com.google.androidbrowserhelper.playbilling.provider.PaymentActivity t153}]
09-16 17:02:32.200  1064  1285 I BufferQueueDebug: [Transition Root #636: ActivityRecord{ae2821c u0 br.com.melhorafotoai.twa/com.google.androidbrowserhelper.playbilling.provider.PaymentActivity t153}#8496](this:0xb400007b6433cee0,id:-1,api:0,p:-1,c:-1) BufferQueue core=(1064:/system/bin/surfaceflinger)
09-16 17:02:32.201  6607  6717 I Finsky  : [3005] br.com.melhorafotoai.twa: Account determined from installer data - [9D1QEleBtuuJ6goBGEaPSyZJc25CWGxq6RZEcxEYgjY]
09-16 17:02:32.201  6607  6717 I Finsky  : [3005] Billing preferred account via installer for br.com.melhorafotoai.twa: [9D1QEleBtuuJ6goBGEaPSyZJc25CWGxq6RZEcxEYgjY]
09-16 17:02:32.201  6607  6717 W Finsky  : [3005] Got api version 25 for account: [9D1QEleBtuuJ6goBGEaPSyZJc25CWGxq6RZEcxEYgjY]
09-16 17:02:32.201  1808  2355 D BarFollowAnimation:  disableStatusBarAnimation  mFakeStatusBar = com.android.server.wm.MiuiStatusBarController$BarSurfaceControl@c723853 mStatusState = -1 taskCount = 0 isRecentTransition = false !isKeyguardGoingAway = true
09-16 17:02:32.202  1808  1888 D MiuiRefreshRatePolicy: reset
09-16 17:02:32.202  6607  6620 I Finsky  : [2942] br.com.melhorafotoai.twa: Account determined from installer data - [9D1QEleBtuuJ6goBGEaPSyZJc25CWGxq6RZEcxEYgjY]
09-16 17:02:32.202  6607  6620 I Finsky  : [2942] Billing preferred account via installer for br.com.melhorafotoai.twa: [9D1QEleBtuuJ6goBGEaPSyZJc25CWGxq6RZEcxEYgjY]
09-16 17:02:32.203  6607  6620 W Finsky  : [2942] Got api version 25 for account: [9D1QEleBtuuJ6goBGEaPSyZJc25CWGxq6RZEcxEYgjY]
09-16 17:02:32.203  1064  1285 I BufferQueueDebug: [fbc2eee ActivityRecordInputSink br.com.melhorafotoai.twa/com.google.androidbrowserhelper.playbilling.provider.PaymentActivity#8497](this:0xb400007b64363210,id:-1,api:0,p:-1,c:-1) BufferQueue core=(1064:/system/bin/surfaceflinger)
09-16 17:02:32.203  2628  2725 D MiuiFreeformModeCornerTipHandler: task#153 onTaskVanished
09-16 17:02:32.203  2628  2725 I MiuiBubbleController: removeBubble: 153 reason=2
09-16 17:02:32.203  2628  2725 I MultiTaskingTaskRepository: onTaskInfoChanged multi list = [5, 4], full = [153]
09-16 17:02:32.203  1808  1888 I ActivityTaskManager: visible for Task{c8b13a0 #153 type=standard A=10307:br.com.melhorafotoai.twa} visible = true isAnimating = false TRANSITION = false PARENTS = false CHILDREN = false
09-16 17:02:32.204  1808  1888 D SurfaceComposerClient: Transaction::apply InputWindowCommands.focusRequests timestamp=19075462369521, windowName=30dc74d br.com.melhorafotoai.twa/com.google.androidbrowserhelper.playbilling.provider.PaymentActivity
09-16 17:02:32.204  2628  2725 I ShellTransitions: Is abandon offsetY: false
09-16 17:02:32.204  2628  2725 E KeyguardTransitionHandlerImpl: activityCount = 1
09-16 17:02:32.204  2628  2725 E KeyguardTransitionHandlerImpl: activityCount = 1
09-16 17:02:32.204  2628  2725 D MiuiFreeformModeAnimation: startAnimation change: {null m=OPEN f=TRANSLUCENT|FILLS_TASK leash=Surface(name=ActivityRecord{ae2821c u0 br.com.melhorafotoai.twa/com.google.androidbrowserhelper.playbilling.provider.PaymentActivity t153}#8489)/@0x4474c59 sb=Rect(0, 0 - 0, 0) eb=Rect(0, 0 - 1220, 2712) d=-1->0 r=-1->0:-1 windowMode=0->1 bc=ff000000 component=br.com.melhorafotoai.twa/com.google.androidbrowserhelper.playbilling.provider.PaymentActivity} info.getType(): 1
09-16 17:02:32.204  2628  2725 D SoScStageCoordinator: inCloseTransition:false pairsStartedWithCloseTransition:false isRequestCloseTriggerTask:false inSingleSoScState:false inSoScUnactivie:true closeStage:null
09-16 17:02:32.204  2628  2725 D TransitionAnimationHelper:  overrideType == ANIM_FROM_STYLE 
09-16 17:02:32.205  1808  1864 I ActivityTaskManager: Displayed br.com.melhorafotoai.twa/com.google.androidbrowserhelper.playbilling.provider.PaymentActivity for user 0: +68ms
09-16 17:02:32.205  2628  2725 D SoScUtils: monitorTransitionFinished transition:android.os.BinderProxy@a73f8d2 transaction: android.view.SurfaceControl$Transaction@b59f0ff mRequestCloseTransition:null mRequestOpenTransition:null mRequestOpenTransitionWithSameTask size:0 mPairsOpenTransition:null mPairsOpenTransitionNull:null mRequestOpenTriggerTask:-1 mRequestCloseTriggerTask:-1 mOrientationTransition: null mMainStartingTask:-1 mSideStartingTask:-1
09-16 17:02:32.205  2628  2746 D ShellTransitions: speed ui!!!!!!!!!!!
09-16 17:02:32.206  1001  1016 I mtkpower@impl: [setMode] type:5, enabled:0
09-16 17:02:32.206  1001  1098 I libPowerHal: [perfLockRel] hdl:12118, idx:0
09-16 17:02:32.206  1001  1098 I libPowerHal: [unsetGPUFreq] current min:62, max:0; scn_gpu_min:62, scn_gpu_max:-1; scn_gpu_min(HL):-1, scn_gpu_max(HL):-1
09-16 17:02:32.206  1001  1098 I libPowerHal: [setGPUFreq] Soft min/max = (62, 0); Hard min/max = (64, 0)
09-16 17:02:32.206  1001  1098 I libPowerHal: [setGPUFreq] final min/max = (62, 0)
09-16 17:02:32.206  1001  1098 I libPowerHal: LAUNCH: set gpu opp level: 62
09-16 17:02:32.206  1808  2133 I PowerHalWrapper: amsBoostStop AMS_BOOST_PACK_SWITCH:true, AMS_BOOST_ACT_SWITCH:false, AMS_BOOST_PROCESS_CREATE:false, AMS_BOOST_PROCESS_CREATE_FOR_GAME:false, AMS_BOOST_HOT_LAUNCH:false 
09-16 17:02:32.206  1001  1098 I libPowerHal: LAUNCH: set gpu opp level max: 0
09-16 17:02:32.206  1001  1098 I libPowerHal: [PD] LAUNCH update cmd:300c000 param:0
09-16 17:02:32.206  1001  1016 I libPowerHal: [mtkPowerHint] hint:22, hold:500, ext:30, ext_hold:1500
09-16 17:02:32.207  1001  1098 I libPowerHal: [perfLockAcq] idx:0 hdl:12120 hint:22 pid:1001 tid:1001 duration:500 lock_user:vendor.mediatek => ret_hdl:12120
09-16 17:02:32.207  1001  1098 I libPowerHal: [setClusterFreq] MTKPOWER_HINT_PACK_SWITCH set cpufreq[0] min:1600000 max:-1 cpufreq[1] min:2200000 max:-1 cpufreq[2] min:2200000 max:-1 
09-16 17:02:32.207  1001  1098 I libPowerHal: [setGPUFreq] MTKPOWER_HINT_PACK_SWITCH user set gpu freq min:62, max:-1
09-16 17:02:32.207  1001  1098 I libPowerHal: MTKPOWER_HINT_PACK_SWITCH: set gpu opp level max: 0
09-16 17:02:32.207  1001  1098 I libPowerHal: [setGPUFreq] Soft min/max = (62, 0); Hard min/max = (64, 0)
09-16 17:02:32.207  1001  1098 I libPowerHal: [setGPUFreq] final min/max = (62, 0)
09-16 17:02:32.207  1001  1098 I libPowerHal: MTKPOWER_HINT_PACK_SWITCH: set gpu opp level: 62
09-16 17:02:32.207  1001  1098 I libPowerHal: MTKPOWER_HINT_PACK_SWITCH: set gpu opp level max: 0
09-16 17:02:32.207  1001  1098 I libPowerHal: [perfLockRel] hdl:12119, idx:1
09-16 17:02:32.207  1001  1098 I libPowerHal: [unsetGPUFreq] current min:62, max:0; scn_gpu_min:62, scn_gpu_max:-1; scn_gpu_min(HL):-1, scn_gpu_max(HL):-1
09-16 17:02:32.207  1001  1098 I libPowerHal: [setGPUFreq] Soft min/max = (62, 0); Hard min/max = (64, 0)
09-16 17:02:32.207  1001  1098 I libPowerHal: [setGPUFreq] final min/max = (62, 0)
09-16 17:02:32.207  1001  1098 I libPowerHal: MTKPOWER_HINT_PACK_SWITCH: set gpu opp level: 62
09-16 17:02:32.207  1001  1098 I libPowerHal: MTKPOWER_HINT_PACK_SWITCH: set gpu opp level max: 0
09-16 17:02:32.208  1064  1064 D SurfaceFlinger: Focus addInputWindowCommands timestamp=19075462369521, windowName=30dc74d br.com.melhorafotoai.twa/com.google.androidbrowserhelper.playbilling.provider.PaymentActivity
09-16 17:02:32.208  1001  1098 I libPowerHal: [perfLockAcq] idx:8 hdl:12121 hint:30 pid:1001 tid:1001 duration:1500 lock_user:vendor.mediatek => ret_hdl:12121
09-16 17:02:32.208  1001  1098 I libPowerHal: [PE] MTKPOWER_HINT_EXT_LAUNCH update cmd:2020000, param:31
09-16 17:02:32.208  1064  1064 I BufferQueueDebug: [Surface(name=6e3f4c8 NavigationBar0#96)/@0xf2bcc86 - animation-leash of insets_animation#8487](this:0xb400007b6415db40,id:-1,api:0,p:-1,c:1064) onDestructor()
09-16 17:02:32.208  1064  1064 I BufferQueueDebug: [Surface(name=cb15e4f StatusBar#100)/@0x3cf906b - animation-leash of insets_animation#8488](this:0xb400007b64328180,id:-1,api:0,p:-1,c:1064) onDestructor()
09-16 17:02:32.208  1808  4994 W UserManagerService: Requested status bar icon for non-badged user 0
09-16 17:02:32.208  1808  1888 I ActivityTaskManager: visible for Task{c8b13a0 #153 type=standard A=10307:br.com.melhorafotoai.twa} visible = true isAnimating = false TRANSITION = false PARENTS = false CHILDREN = false
09-16 17:02:32.209  1808  1887 D SchedBoost: com.android.chrome boosting, skip reset priority
09-16 17:02:32.209  1064  1285 W VsyncModulator: setTransactionSchedule: Unexpected EarlyEnd
09-16 17:02:32.210  1064  1716 D SurfaceFlinger: updateWinowInfo=1, setFocusedWindow timestamp=19075462369521, windowName=30dc74d br.com.melhorafotoai.twa/com.google.androidbrowserhelper.playbilling.provider.PaymentActivity
09-16 17:02:32.210  2628  2725 I RemoteTransitionHandlerStubImpl: invokeAndRemoveWctCB transition is null, curWctCB: null
09-16 17:02:32.211  1808  1864 D WindowManager: Finish Transition (#636): created at 09-16 17:02:32.134 collect-started=0.03ms request-sent=7.316ms started=10.735ms ready=31.452ms sent=66.91ms finished=73.839ms
09-16 17:02:32.212 28261 28261 I HandWritingStubImpl: refreshLastKeyboardType: 1
09-16 17:02:32.212 28261 28261 I HandWritingStubImpl: getCurrentKeyboardType: 1
09-16 17:02:32.212  1808  2030 W UserManagerService: Requested status bar icon for non-badged user 0
09-16 17:02:32.212  1808  2170 I ImeTracker: br.com.melhorafotoai.twa:bd51581b: onRequestHide at ORIGIN_SERVER reason HIDE_UNSPECIFIED_WINDOW fromUser false
09-16 17:02:32.213  5936 15369 D MirrorManager:  sendAcceptInput 0 0
09-16 17:02:32.213  1808  2170 I ImeTracker: br.com.melhorafotoai.twa:bd51581b: onCancelled at PHASE_SERVER_SHOULD_HIDE
09-16 17:02:32.213  6607  6620 I Finsky  : [2942] br.com.melhorafotoai.twa: Account determined from installer data - [9D1QEleBtuuJ6goBGEaPSyZJc25CWGxq6RZEcxEYgjY]
09-16 17:02:32.213  6607  6620 I Finsky  : [2942] Billing preferred account via installer for br.com.melhorafotoai.twa: [9D1QEleBtuuJ6goBGEaPSyZJc25CWGxq6RZEcxEYgjY]
09-16 17:02:32.214  6607  6620 W Finsky  : [2942] Got api version 25 for account: [9D1QEleBtuuJ6goBGEaPSyZJc25CWGxq6RZEcxEYgjY]
09-16 17:02:32.214  4088  4088 I GoogleInputMethodService: GoogleInputMethodService.onFinishInput():2057 
09-16 17:02:32.214  4088  4088 I Module  : DeviceLockedStatusModuleProvider$Module.updateDeviceLockedStatus():100 repeatCheckTimes = 0, locked = false
09-16 17:02:32.214  4088  4088 I GoogleInputMethodService: GoogleInputMethodService.onStartInput():1318 onStartInput(EditorInfo{EditorInfo{packageName=br.com.melhorafotoai.twa, inputType=0, inputTypeString=NULL, enableLearning=false, autoCorrection=false, autoComplete=false, imeOptions=0, privateImeOptions=null, actionName=UNSPECIFIED, actionLabel=null, initialSelStart=-1, initialSelEnd=-1, initialCapsMode=0, label=null, fieldId=0, fieldName=null, extras=Bundle[mParcelledData.dataSize=72], hintText=null, hintLocales=[]}}, false)
09-16 17:02:32.215  1808  4994 W PackageConfigPersister: App-specific configuration not found for packageName: br.com.melhorafotoai.twa and userId: 0
09-16 17:02:32.215  1064  1731 I BufferQueueDebug: [Surface(name=dc94aba InputMethod#129)/@0x7e8063f - animation-leash of insets_animation#8498](this:0xb400007b6438ccd0,id:-1,api:0,p:-1,c:-1) BufferQueue core=(1064:/system/bin/surfaceflinger)
09-16 17:02:32.215  4088  4088 I Module  : DeviceLockedStatusModuleProvider$Module.updateDeviceLockedStatus():100 repeatCheckTimes = 1, locked = false
09-16 17:02:32.216  1064  1064 I SurfaceFlinger: onHandleDestroyed: name=Transition Root #636: ActivityRecord{ae2821c u0 br.com.melhorafotoai.twa/com.google.androidbrowserhelper.playbilling.provider.PaymentActivity t153}#8496, layerId=8496, parentId=0
09-16 17:02:32.217  1808  1888 D MiuiRefreshRatePolicy: reset
09-16 17:02:32.218  1808  1888 I ActivityTaskManager: visible for Task{c8b13a0 #153 type=standard A=10307:br.com.melhorafotoai.twa} visible = true isAnimating = false TRANSITION = false PARENTS = false CHILDREN = false
09-16 17:02:32.221  1808  2133 W OptProp : Cannot read opt property android.window.PROPERTY_COMPAT_ALLOW_ORIENTATION_OVERRIDE
09-16 17:02:32.221  1808  2133 V GrammaticalInflectionUtils: AttributionSource: android.content.AttributionSource@43e4bf81 does not have READ_SYSTEM_GRAMMATICAL_GENDER permission.
09-16 17:02:32.221  1808  2133 W OptProp : Cannot read opt property android.window.PROPERTY_COMPAT_ALLOW_RESIZEABLE_ACTIVITY_OVERRIDES
09-16 17:02:32.222  1808  2133 W OptProp : Cannot read opt property android.window.PROPERTY_COMPAT_ALLOW_MIN_ASPECT_RATIO_OVERRIDE
09-16 17:02:32.222  1808  2133 I ActivityTaskManager: isKeyguardEditor: false, newTransition: TransitionRecord{b5c03b0 id=637 type=OPEN flags=0x0}
09-16 17:02:32.223  1808  2133 D WindowManager: Collecting in transition 637: ActivityRecord{96d6229 u0 br.com.melhorafotoai.twa/com.android.billingclient.api.ProxyBillingActivity init visibleRequested:false
09-16 17:02:32.223  1808  2133 D MiuiFreeformServiceImpl: addLaunchFreeformActivityOptionIfNeed sourceFfas: null
09-16 17:02:32.224  1808  2133 D MiuiFreeformServiceImpl: addLaunchFreeformActivityOptionIfNeed skip due to not find sourceTask: null sourceFfas: null sourceFreeFormActivity: ActivityRecord{ae2821c u0 br.com.melhorafotoai.twa/com.google.androidbrowserhelper.playbilling.provider.PaymentActivity t153}
09-16 17:02:32.224  1064  1064 I BufferQueueDebug: [Transition Root #636: ActivityRecord{ae2821c u0 br.com.melhorafotoai.twa/com.google.androidbrowserhelper.playbilling.provider.PaymentActivity t153}#8496](this:0xb400007b6433cee0,id:-1,api:0,p:-1,c:1064) onDestructor()
09-16 17:02:32.224  1808  2133 D MiuiFreeFormManagerService: onStartActivityInner as = Task{c8b13a0 #153 type=standard A=10307:br.com.melhorafotoai.twa} op = null
09-16 17:02:32.224  1064  1064 I SurfaceFlinger: onHandleDestroyed: name=Surface(name=dc94aba InputMethod#129)/@0x7e8063f - animation-leash of insets_animation#8491, layerId=8491, parentId=0
09-16 17:02:32.225  2628  2628 D Utilities:  oldHints : 0 backDisposition : 0 imeShown : false hints 0
09-16 17:02:32.226  1064  1285 I BufferQueueDebug: [ActivityRecord{96d6229 u0 br.com.melhorafotoai.twa/com.android.billingclient.api.ProxyBillingActivity t153}#8499](this:0xb400007b6415db40,id:-1,api:0,p:-1,c:-1) BufferQueue core=(1064:/system/bin/surfaceflinger)
09-16 17:02:32.226  1808  2133 D WindowManager: setLockTaskAuth: task=Task{c8b13a0 #153 type=standard A=10307:br.com.melhorafotoai.twa} mLockTaskAuth=LOCK_TASK_AUTH_PINNABLE
09-16 17:02:32.226  1808  2133 D MiuiFreeFormManagerService: onStartActivityInner as = Task{c8b13a0 #153 type=standard A=10307:br.com.melhorafotoai.twa} op = null
09-16 17:02:32.227  1001  1016 I mtkpower@impl: [setMode] type:5, enabled:1
09-16 17:02:32.227  1808  2133 D ActivityTaskManager: Not add starting window, the reason is: windowIsTranslucent = true  windowIsFloating = false  this = ActivityRecord{96d6229 u0 br.com.melhorafotoai.twa/com.android.billingclient.api.ProxyBillingActivity t153} activityName = br.com.melhorafotoai.twa/com.android.billingclient.api.ProxyBillingActivity
09-16 17:02:32.227  1808  2133 D WindowManager: All the checks have been done, return STARTING_WINDOW_TYPE_NONE. this = ActivityRecord{96d6229 u0 br.com.melhorafotoai.twa/com.android.billingclient.api.ProxyBillingActivity t153}
09-16 17:02:32.227  2387 13113 D TaskStackChangeListeners: onTaskDescriptionChanged =  taskId = 153
09-16 17:02:32.227  1808  2133 I WindowManager: Try to add startingWindow type = STARTING_WINDOW_TYPE_NONE this = ActivityRecord{96d6229 u0 br.com.melhorafotoai.twa/com.android.billingclient.api.ProxyBillingActivity t153} preAllowTaskSnapshot = true afterAllowTaskSnapshot = true newTask = false taskSwitch = false processRunning = true activityCreated = false activityAllDrawn = false isSnapshotCompatible = false resolvedTheme = 0 theme = 16973840
09-16 17:02:32.227  1001  1098 I libPowerHal: [perfLockAcq] idx:1 hdl:12122 hint:913 pid:1001 tid:1001 duration:3000 lock_user:vendor.mediatek => ret_hdl:12122
09-16 17:02:32.227  1001  1098 I libPowerHal: [setClusterFreq] LAUNCH set cpufreq[0] min:1600000 max:-1 cpufreq[1] min:2200000 max:-1 cpufreq[2] min:2200000 max:-1 
09-16 17:02:32.227  1001  1098 I libPowerHal: [setGPUFreq] LAUNCH user set gpu freq min:62, max:-1
09-16 17:02:32.227  1001  1098 I libPowerHal: LAUNCH: set gpu opp level max: 0
09-16 17:02:32.227  1808  2133 I PowerHalWrapper: amsBoostNotify pid:28261,activity:com.google.androidbrowserhelper.playbilling.provider.PaymentActivity, package:br.com.melhorafotoai.twa, mProcessCreatePackbr.com.melhorafotoai.twa 
09-16 17:02:32.227  1808  2133 I PowerHalWrapper: state: 0 
09-16 17:02:32.228  1001  1098 I libPowerHal: [setGPUFreq] Soft min/max = (62, 0); Hard min/max = (64, 0)
09-16 17:02:32.228  1001  1098 I libPowerHal: [setGPUFreq] final min/max = (62, 0)
09-16 17:02:32.228  1808  2133 I ScnModule: [GameDetection] packname: br.com.melhorafotoai.twa, apkSize: 1921735. 
09-16 17:02:32.228  1001  1098 I libPowerHal: LAUNCH: set gpu opp level: 62
09-16 17:02:32.228  1808  2133 I mtkpower_client: [PowerHal_Wrap_notifyAppState] br.com.melhorafotoai.twa/com.google.androidbrowserhelper.playbilling.provider.PaymentActivity pid=28261 activityId:182616604 state:0
09-16 17:02:32.228   993  1010 I MTK_APPList: [getForegroundAPPInfo]  br.com.melhorafotoai.twa/com.google.androidbrowserhelper.playbilling.provider.PaymentActivity (pid=28261)
09-16 17:02:32.228   993  1010 I vendor.mediatek.hardware.mtkpower_applist-service.mediatek: MIUI ADDpackName: br.com.melhorafotoai.twa actName: com.google.androidbrowserhelper.playbilling.provider.PaymentActivity
09-16 17:02:32.228  1001  1098 I libPowerHal: LAUNCH: set gpu opp level max: 0
09-16 17:02:32.228   993  1010 I vendor.mediatek.hardware.mtkpower_applist-service.mediatek: powerhal get success
09-16 17:02:32.228   993  1010 I vendor.mediatek.hardware.mtkpower_applist-service.mediatek: packName: br.com.melhorafotoai.twa actName: com.google.androidbrowserhelper.playbilling.provider.PaymentActivity pid: 28261 uid: 10307 state: 0
09-16 17:02:32.228   993  1010 I MTK_APPList: [notifyAPPstate] br.com.melhorafotoai.twa/com.google.androidbrowserhelper.playbilling.provider.PaymentActivity, pid=28261, uid=10307, state:PAUSED, fps:-1, win:0
09-16 17:02:32.228   993  1010 I MTK_APPList: [notifyAPPstate] multi_resumed_app_count: 0
09-16 17:02:32.228   993  1010 I MTK_APPList: [getForegroundAPPCount] 1
09-16 17:02:32.228   993  1010 I MTK_APPList: [notifyNetdUID] 10307
09-16 17:02:32.228  1808  2133 I PowerHalWrapper: amsBoostNotify AMS_BOOST_PROCESS_CREATE_BOOST:false 
09-16 17:02:32.228  1001  1098 I libPowerHal: [PE] LAUNCH update cmd:300c000, param:15
09-16 17:02:32.228  1808  2133 I PowerHalWrapper: <amsBoostResume> last:br.com.melhorafotoai.twa, next:br.com.melhorafotoai.twahasATProcess:false 
09-16 17:02:32.228  1808  2133 I PowerHalWrapper:  mIsColdLaunch :false 
09-16 17:02:32.228   993  1010 I MTK_APPList: [notifyPID] 28261
09-16 17:02:32.229  1808  2133 D WindowManager: Collecting in transition 637: ActivityRecord{96d6229 u0 br.com.melhorafotoai.twa/com.android.billingclient.api.ProxyBillingActivity t153} init visibleRequested:false
09-16 17:02:32.229  1001  1098 I libPowerHal: [perfSetSysInfo] pid type:24, 28261
09-16 17:02:32.229  1001  1098 I libPowerHal: [perfLockRel] hdl:12121, idx:8
09-16 17:02:32.229  1001  1098 I libPowerHal: [PD] MTKPOWER_HINT_EXT_LAUNCH update cmd:2020000 param:0
09-16 17:02:32.229  1808  2133 I ActivityTaskManager: START u0 {cmp=br.com.melhorafotoai.twa/com.android.billingclient.api.ProxyBillingActivity (has extras)} with LAUNCH_MULTIPLE from uid 10307 from pid 28261 callingPackage br.com.melhorafotoai.twa (BAL_ALLOW_VISIBLE_WINDOW) result code=0
09-16 17:02:32.229  1001  1098 I libPowerHal: [perfLockAcq] idx:8 hdl:12123 hint:23 pid:1001 tid:1001 duration:10000 lock_user:vendor.mediatek => ret_hdl:12123
09-16 17:02:32.229  1001  1098 I libPowerHal: [setClusterFreq] MTKPOWER_HINT_ACT_SWITCH set cpufreq[0] min:1600000 max:-1 cpufreq[1] min:2200000 max:-1 cpufreq[2] min:2200000 max:-1 
09-16 17:02:32.229  1001  1098 I libPowerHal: [setGPUFreq] MTKPOWER_HINT_ACT_SWITCH user set gpu freq min:62, max:-1
09-16 17:02:32.229  1001  1098 I libPowerHal: MTKPOWER_HINT_ACT_SWITCH: set gpu opp level max: 0
09-16 17:02:32.229  1808  1888 I ActivityTaskManager: visible for Task{c8b13a0 #153 type=standard A=10307:br.com.melhorafotoai.twa} visible = true isAnimating = false TRANSITION = false PARENTS = false CHILDREN = false
09-16 17:02:32.229 28261  6208 D TwaBilling.P: Payment flow launch: 0
09-16 17:02:32.229  2628  2725 I SoScStageCoordinator: Transition requested:TransitionRequestInfo { type = OPEN, triggerTask = TaskInfo{userId=0 taskId=153 displayId=0 isRunning=true baseIntent=Intent { act=android.intent.action.MAIN cat=[android.intent.category.LAUNCHER] flg=0x10200000 cmp=br.com.melhorafotoai.twa/.LauncherActivity } baseActivity=ComponentInfo{br.com.melhorafotoai.twa/br.com.melhorafotoai.twa.LauncherActivity} topActivity=ComponentInfo{br.com.melhorafotoai.twa/com.android.billingclient.api.ProxyBillingActivity} origActivity=null realActivity=ComponentInfo{br.com.melhorafotoai.twa/br.com.melhorafotoai.twa.LauncherActivity} numActivities=4 lastActiveTime=23688908 supportsSplitScreenMultiWindow=true supportsMultiWindow=true resizeMode=1 isResizeable=true minWidth=-1 minHeight=-1 defaultMinSize=200 token=WCT{android.window.IWindowContainerToken$Stub$Proxy@5a52d91} topActivityType=1 pictureInPictureParams=null shouldDockBigOverlays=false launchIntoPipHostTaskId=-1 lastParentTaskIdBeforePip=-1 displayCutoutSafeInsets=null topActivityInfo=ActivityInfo{a5cc4f6 com.android.billingclient.api.ProxyBillingActivity} launchCookies=[] positionInParent=Point(0, 0) parentTaskId=-1 isFocused=true isVisible=true isVisibleRequested=true isSleeping=false locusId=null displayAreaFeatureId=1 isTopActivityTransparent=true appCompatTaskInfo=AppCompatTaskInfo { topActivityInSizeCompat=false topActivityEligibleForLetterboxEducation= falseisLetterboxEducationEnabled= false isLetterboxDoubleTapEnabled= false topActivityEligibleForUserAspectRatioButton= false topActivityBoundsLetterboxed= false isFromLetterboxDoubleTap= false topActivityLetterboxVerticalPosition= -1 topActivityLetterboxHorizontalPosition= -1 topActivityLetterboxWidth=1220 topActivityLetterboxHeight=2712 isUserFullscreenOverrideEnabled=false isSystemFullscreenOverrideEnabled=false cameraCompatTaskInfo=CameraCompatTaskInfo { cameraCompatControlState=hidden freeformCameraCompatMode=inactive}} isImmersive=false mTopActivityRequestOrientation=1 mBehindAppLockPkg=null mOriginatingUid=0 isEmbedded=false shouldBeVisible=true mIsCastMode=false mTopActivityMediaSize=null mTopActivityRecordName=ActivityRecord{96d6229 u0 br.com.melhorafotoai.twa/com.android.billingclient.api.ProxyBillingActivity t153} mTopActivityOrientation=-2}, pipTask = null, remoteTransition = null, displayChange = null, flags = 0, debugId = 637 } isSoScActive:false triggerTask:TaskInfo{userId=0 taskId=153 displayId=0 isRunning=true baseIntent=Intent { act=android.intent.action.MAIN cat=[android.intent.category.LAUNCHER] flg=0x10200000 cmp=br.com.melhorafotoai.twa/.LauncherActivity } baseActivity=ComponentInfo{br.com.melhorafotoai.twa/br.com.melhorafotoai.twa.LauncherActivity} topActivity=ComponentInfo{br.com.melhorafotoai.twa/com.android.billingclient.api.ProxyBillingActivity} origActivity=null realActivity=ComponentInfo{br.com.melhorafotoai.twa/br.com.melhorafotoai.twa.LauncherActivity} numActivities=4 lastActiveTime=23688908 supportsSplitScreenMultiWindow=true supportsMultiWindow=true resizeMode=1 isResizeable=true minWidth=-1 minHeight=-1 defaultMinSize=200 token=WCT{android.window.IWindowContainerToken$Stub$Proxy@5a52d91} topActivityType=1 pictureInPictureParams=null shouldDockBigOverlays=false launchIntoPipHostTaskId=-1 lastParentTaskIdBeforePip=-1 displayCutoutSafeInsets=null topActivityInfo=ActivityInfo{a5cc4f6 com.android.billingclient.api.ProxyBillingActivity} launchCookies=[] positionInParent=Point(0, 0) parentTaskId=-1 isFocused=true isVisible=true isVisibleRequested=true isSleeping=false locusId=null displayAreaFeatureId=1 isTopActivityTransparent=true appCompatTaskInfo=AppCompatTaskInfo { topActivityInSizeCompat=false topActivityEligibleForLetterboxEducation= falseisLetterboxEducationEnabled= false isLetterboxDoubleTapEnabled= false topActivityEligibleForUserAspectRatioButton= false topActivityBoundsLetterboxed= false isFromLetterboxDoubleTap= false topActivityLetterboxVerticalPosition= -1 topActivityLetterboxHorizontalPosition= -1 topActivityLetterboxWidth=1220 topActivityLetterboxHeight=2712 isU
09-16 17:02:32.229  1001  1098 I libPowerHal: [setGPUFreq] Soft min/max = (62, 0); Hard min/max = (64, 0)
09-16 17:02:32.229  1001  1098 I libPowerHal: [setGPUFreq] final min/max = (62, 0)
09-16 17:02:32.229  1001  1098 I libPowerHal: MTKPOWER_HINT_ACT_SWITCH: set gpu opp level: 62
09-16 17:02:32.229  2628  2725 I SoScUtils: monitorTransitionRequest mRequestOpenTransition:null mRequestOpenTriggerTask:-1 mRequestCloseTransition:null mRequestCloseTriggerTask:-1 mRequestCloseStageType:-1
09-16 17:02:32.229  1001  1098 I libPowerHal: MTKPOWER_HINT_ACT_SWITCH: set gpu opp level max: 0
09-16 17:02:32.230  1808  5285 D WindowManager: Set transition=TransitionRecord{b5c03b0 id=637 type=OPEN flags=0x0}, ready=false, SyncId=637 used=true, override=false, defer=0, states=Display{#0 state=ON size=1220x2712 ROTATION_0}:false
09-16 17:02:32.232  1808  2133 D WindowManager: Collecting in transition 637: ActivityRecord{96d6229 u0 br.com.melhorafotoai.twa/com.android.billingclient.api.ProxyBillingActivity t153} init visibleRequested:false
09-16 17:02:32.232  1808  2133 D WindowManager: Collecting in transition 637: ActivityRecord{96d6229 u0 br.com.melhorafotoai.twa/com.android.billingclient.api.ProxyBillingActivity t153} init visibleRequested:true
09-16 17:02:32.233  1064  1064 I BufferQueueDebug: [Surface(name=dc94aba InputMethod#129)/@0x7e8063f - animation-leash of insets_animation#8491](this:0xb400007b6436a130,id:-1,api:0,p:-1,c:1064) onDestructor()
09-16 17:02:32.233  1064  1064 I BpBinder: onLastStrongRef automatically unlinking death recipients: 
09-16 17:02:32.233  1808  2133 W WindowManager: Changing focus from Window{30dc74d u0 br.com.melhorafotoai.twa/com.google.androidbrowserhelper.playbilling.provider.PaymentActivity} to null displayId=0 Callers=com.android.server.wm.RootWindowContainer.updateFocusedWindowLocked:602 com.android.server.wm.WindowManagerService.updateFocusedWindowLocked:7168 com.android.server.wm.ActivityTaskManagerService.setLastResumedActivityUncheckLocked:5842 com.android.server.wm.ActivityTaskSupervisor.updateTopResumedActivityIfNeeded:2452 
09-16 17:02:32.233  1808  2133 D WindowManager: wms.Input focus has changed to null display=0 updateInputWindows = true
09-16 17:02:32.233  1808  2133 I MultiSenceManagerInternalStub: getInstance
09-16 17:02:32.234  1808  2133 I PowerHalWrapper: amsBoostNotify pid:28261,activity:com.android.billingclient.api.ProxyBillingActivity, package:br.com.melhorafotoai.twa, mProcessCreatePackbr.com.melhorafotoai.twa 
09-16 17:02:32.234  1808  2133 I PowerHalWrapper: state: 1 
09-16 17:02:32.234  1808  2133 I ScnModule: [GameDetection] packname: br.com.melhorafotoai.twa, apkSize: 1921735. 
09-16 17:02:32.234  1808  2133 I mtkpower_client: [PowerHal_Wrap_notifyAppState] br.com.melhorafotoai.twa/com.android.billingclient.api.ProxyBillingActivity pid=28261 activityId:158163497 state:1
09-16 17:02:32.234   993  1010 I MTK_APPList: [getForegroundAPPInfo]  br.com.melhorafotoai.twa/com.google.androidbrowserhelper.playbilling.provider.PaymentActivity (pid=28261)
09-16 17:02:32.234   993  1010 I vendor.mediatek.hardware.mtkpower_applist-service.mediatek: MIUI ADDpackName: br.com.melhorafotoai.twa actName: com.google.androidbrowserhelper.playbilling.provider.PaymentActivity
09-16 17:02:32.234   993  1010 I vendor.mediatek.hardware.mtkpower_applist-service.mediatek: powerhal get success
09-16 17:02:32.234  1808  2133 I PowerHalWrapper: amsBoostNotify AMS_BOOST_PROCESS_CREATE_BOOST:false 
09-16 17:02:32.234   993  1010 I vendor.mediatek.hardware.mtkpower_applist-service.mediatek: packName: br.com.melhorafotoai.twa actName: com.android.billingclient.api.ProxyBillingActivity pid: 28261 uid: 10307 state: 1
09-16 17:02:32.234   993  1010 I MTK_APPList: [notifyAPPstate] br.com.melhorafotoai.twa/com.android.billingclient.api.ProxyBillingActivity, pid=28261, uid=10307, state:RESUMED, fps:-1, win:0
09-16 17:02:32.234   993  1010 I MTK_APPList: [notifyAPPstate] multi_resumed_app_count: 1
09-16 17:02:32.234   993  1010 I MTK_APPList: [notifyAPPstate] multi_resumed_app_info[0] br.com.melhorafotoai.twa/com.android.billingclient.api.ProxyBillingActivity, pid:28261, fps:-1, isMultiWindow:0
09-16 17:02:32.234   993  1010 I MTK_APPList: [getForegroundAPPCount] 1
09-16 17:02:32.234   993  1010 I MTK_APPList: [notifyAPPstate] foreground:br.com.melhorafotoai.twa, pid:28261, uid:10307
09-16 17:02:32.234  1808  1887 D ActivityManager: mediaResourceManagerBinder get success
09-16 17:02:32.234   993  1010 I MTK_APPList: [notifyNetdUID] 10307
09-16 17:02:32.235  1808  2133 D WindowManager: Set transition=TransitionRecord{b5c03b0 id=637 type=OPEN flags=0x0}, ready=true, SyncId=637 
09-16 17:02:32.235   993  1010 I MTK_APPList: [notifyPID] 28261
09-16 17:02:32.235  1001  1098 I libPowerHal: [perfSetSysInfo] pid type:24, 28261
09-16 17:02:32.235  1808  2133 D MiuiRefreshRatePolicy: reset
09-16 17:02:32.235  1449  2882 D ResourceManagerServiceNew: update package name: br.com.melhorafotoai.twa
09-16 17:02:32.235  1808  2133 I BLASTSyncEngine: SyncGroup 637:  Unfinished container:ActivityRecord{96d6229 u0 br.com.melhorafotoai.twa/com.android.billingclient.api.ProxyBillingActivity t153}
09-16 17:02:32.235  1808  2133 I BLASTSyncEngine: isActivitySyncFinished isSyncFinished false ActivityRecord{96d6229 u0 br.com.melhorafotoai.twa/com.android.billingclient.api.ProxyBillingActivity t153}
09-16 17:02:32.236  2628  2725 D MiuiFreeformModeCornerTipHandler: task#153 onTaskVanished
09-16 17:02:32.236  2628  2725 I MiuiBubbleController: removeBubble: 153 reason=2
09-16 17:02:32.236  2628  2725 I MultiTaskingTaskRepository: onTaskInfoChanged multi list = [5, 4], full = [153]
09-16 17:02:32.236  1449  2882 D ResourceManagerServiceNew: packageName: br.com.melhorafotoai.twa, uid : 10307, hashCode : 204569006
09-16 17:02:32.236  1449  2882 D ResourceManagerServiceNew: ResourceManagerService::setCodecsVppModeWithLock
09-16 17:02:32.236  1449  2882 D ResourceManagerServiceNew: all codecs setVppMode return fail
09-16 17:02:32.236 28261  5084 I ActivityThread: HardwareRenderer preload  done
09-16 17:02:32.237  2628  2725 D MiuiFreeformModeCornerTipHandler: task#153 onTaskVanished
09-16 17:02:32.237  2628  2725 I MiuiBubbleController: removeBubble: 153 reason=2
09-16 17:02:32.237  2628  2725 I MultiTaskingTaskRepository: onTaskInfoChanged multi list = [5, 4], full = [153]
09-16 17:02:32.237  1808  2285 D ProcessManager: skip notify foregroundAppInfo:ApplicationInfo{550f7e5 br.com.melhorafotoai.twa}
09-16 17:02:32.238  2387 13113 D TaskStackChangeListeners: onTaskDescriptionChanged =  taskId = 153
09-16 17:02:32.238  1808  1888 I ActivityTaskManager: visible for Task{c8b13a0 #153 type=standard A=10307:br.com.melhorafotoai.twa} visible = true isAnimating = false TRANSITION = false PARENTS = false CHILDREN = false
09-16 17:02:32.241  1808  5285 W OptProp : Cannot read opt property android.window.PROPERTY_COMPAT_ALLOW_ORIENTATION_OVERRIDE
09-16 17:02:32.242  1808  5285 I ActivityTaskManager: isKeyguardEditor: false, newTransition: null
09-16 17:02:32.243  1808  5285 I SmartPower: com.android.vending:instant_app_installer/10154(10348): idle->invisible(11196ms) R(become foreground) adj=975.
09-16 17:02:32.243  1808  5285 I SmartPower: com.android.vending/10154(6607): background->invisible(43ms) R(become foreground) adj=250.
09-16 17:02:32.243  1808  5285 I SmartPower: com.android.vending:background/10154(6721): idle->invisible(11195ms) R(become foreground) adj=975.
09-16 17:02:32.243  1808  5285 D WindowManager: Collecting in transition 637: ActivityRecord{1b856b u0 com.android.vending/com.google.android.finsky.billing.acquire.LockToPortraitUiBuilderHostActivity init visibleRequested:false
09-16 17:02:32.243  1808  5285 D MiuiFreeformServiceImpl: addLaunchFreeformActivityOptionIfNeed sourceFfas: null
09-16 17:02:32.243  1808  5285 D MiuiFreeformServiceImpl: addLaunchFreeformActivityOptionIfNeed skip due to not find sourceTask: null sourceFfas: null sourceFreeFormActivity: ActivityRecord{96d6229 u0 br.com.melhorafotoai.twa/com.android.billingclient.api.ProxyBillingActivity t153}
09-16 17:02:32.244  1808  5285 D MiuiFreeFormManagerService: onStartActivityInner as = Task{c8b13a0 #153 type=standard A=10307:br.com.melhorafotoai.twa} op = null
09-16 17:02:32.245  1808  5285 W OptProp : Cannot read opt property android.window.PROPERTY_COMPAT_ALLOW_MIN_ASPECT_RATIO_OVERRIDE
09-16 17:02:32.245  1808  5285 W OptProp : Cannot read opt property android.window.PROPERTY_COMPAT_ALLOW_RESIZEABLE_ACTIVITY_OVERRIDES
09-16 17:02:32.246  1064  1731 I BufferQueueDebug: [ActivityRecord{1b856b u0 com.android.vending/com.google.android.finsky.billing.acquire.LockToPortraitUiBuilderHostActivity t153}#8500](this:0xb400007b64328180,id:-1,api:0,p:-1,c:-1) BufferQueue core=(1064:/system/bin/surfaceflinger)
09-16 17:02:32.246  1808  5285 D WindowManager: setLockTaskAuth: task=Task{c8b13a0 #153 type=standard A=10307:br.com.melhorafotoai.twa} mLockTaskAuth=LOCK_TASK_AUTH_PINNABLE
09-16 17:02:32.246  1808  5285 D MiuiFreeFormManagerService: onStartActivityInner as = Task{c8b13a0 #153 type=standard A=10307:br.com.melhorafotoai.twa} op = null
09-16 17:02:32.247  1808  5285 D ActivityTaskManager: Not add starting window, the reason is: windowIsTranslucent = true  windowIsFloating = false  this = ActivityRecord{1b856b u0 com.android.vending/com.google.android.finsky.billing.acquire.LockToPortraitUiBuilderHostActivity t153} activityName = com.android.vending/com.google.android.finsky.billing.acquire.LockToPortraitUiBuilderHostActivity
09-16 17:02:32.247  1808  5285 D WindowManager: All the checks have been done, return STARTING_WINDOW_TYPE_NONE. this = ActivityRecord{1b856b u0 com.android.vending/com.google.android.finsky.billing.acquire.LockToPortraitUiBuilderHostActivity t153}
09-16 17:02:32.247  1808  5285 I WindowManager: Try to add startingWindow type = STARTING_WINDOW_TYPE_NONE this = ActivityRecord{1b856b u0 com.android.vending/com.google.android.finsky.billing.acquire.LockToPortraitUiBuilderHostActivity t153} preAllowTaskSnapshot = true afterAllowTaskSnapshot = true newTask = false taskSwitch = false processRunning = true activityCreated = false activityAllDrawn = false isSnapshotCompatible = false resolvedTheme = 0 theme = 2132083198
09-16 17:02:32.247  2387 13113 D TaskStackChangeListeners: onTaskDescriptionChanged =  taskId = 153
09-16 17:02:32.248  1808  5285 I PowerHalWrapper: amsBoostNotify pid:28261,activity:com.android.billingclient.api.ProxyBillingActivity, package:br.com.melhorafotoai.twa, mProcessCreatePackbr.com.melhorafotoai.twa 
09-16 17:02:32.248  1808  5285 I PowerHalWrapper: state: 0 
09-16 17:02:32.248  1808  5285 I ScnModule: [GameDetection] packname: br.com.melhorafotoai.twa, apkSize: 1921735. 
09-16 17:02:32.248  1808  5285 I mtkpower_client: [PowerHal_Wrap_notifyAppState] br.com.melhorafotoai.twa/com.android.billingclient.api.ProxyBillingActivity pid=28261 activityId:158163497 state:0
09-16 17:02:32.248   993  1010 I MTK_APPList: [getForegroundAPPInfo]  br.com.melhorafotoai.twa/com.android.billingclient.api.ProxyBillingActivity (pid=28261)
09-16 17:02:32.249   993  1010 I vendor.mediatek.hardware.mtkpower_applist-service.mediatek: MIUI ADDpackName: br.com.melhorafotoai.twa actName: com.android.billingclient.api.ProxyBillingActivity
09-16 17:02:32.249   993  1010 I vendor.mediatek.hardware.mtkpower_applist-service.mediatek: powerhal get success
09-16 17:02:32.249   993  1010 I vendor.mediatek.hardware.mtkpower_applist-service.mediatek: packName: br.com.melhorafotoai.twa actName: com.android.billingclient.api.ProxyBillingActivity pid: 28261 uid: 10307 state: 0
09-16 17:02:32.249   993  1010 I MTK_APPList: [notifyAPPstate] br.com.melhorafotoai.twa/com.android.billingclient.api.ProxyBillingActivity, pid=28261, uid=10307, state:PAUSED, fps:-1, win:0
09-16 17:02:32.249   993  1010 I MTK_APPList: [notifyAPPstate] multi_resumed_app_count: 0
09-16 17:02:32.249   993  1010 I MTK_APPList: [getForegroundAPPCount] 1
09-16 17:02:32.249   993  1010 I MTK_APPList: [notifyNetdUID] 10307
09-16 17:02:32.249  1808  5285 I PowerHalWrapper: amsBoostNotify AMS_BOOST_PROCESS_CREATE_BOOST:false 
09-16 17:02:32.249   993  1010 I MTK_APPList: [notifyPID] 28261
09-16 17:02:32.249  1808  5285 D WindowManager: Set transition=TransitionRecord{b5c03b0 id=637 type=OPEN flags=0x0}, ready=false, SyncId=637 used=true, override=false, defer=0, states=Display{#0 state=ON size=1220x2712 ROTATION_0}:false
09-16 17:02:32.249  1808  5285 I PowerHalWrapper: <amsBoostResume> last:br.com.melhorafotoai.twa, next:com.android.vendinghasATProcess:false 
09-16 17:02:32.249  1001  1098 I libPowerHal: [perfSetSysInfo] pid type:24, 28261
09-16 17:02:32.249  1808  5285 D WindowManager: Collecting in transition 637: ActivityRecord{1b856b u0 com.android.vending/com.google.android.finsky.billing.acquire.LockToPortraitUiBuilderHostActivity t153} init visibleRequested:false
09-16 17:02:32.249  1808  5285 D WindowManager: Set transition=TransitionRecord{b5c03b0 id=637 type=OPEN flags=0x0}, ready=false, SyncId=637 used=true, override=false, defer=0, states=Display{#0 state=ON size=1220x2712 ROTATION_0}:false
09-16 17:02:32.249  1001  1098 I libPowerHal: [perfLockAcq] idx:10 hdl:12124 hint:22 pid:1001 tid:1001 duration:10000 lock_user:vendor.mediatek => ret_hdl:12124
09-16 17:02:32.249  1001  1098 I libPowerHal: [setClusterFreq] MTKPOWER_HINT_PACK_SWITCH set cpufreq[0] min:1600000 max:-1 cpufreq[1] min:2200000 max:-1 cpufreq[2] min:2200000 max:-1 
09-16 17:02:32.249  1001  1098 I libPowerHal: [setGPUFreq] MTKPOWER_HINT_PACK_SWITCH user set gpu freq min:62, max:-1
09-16 17:02:32.249  1001  1098 I libPowerHal: MTKPOWER_HINT_PACK_SWITCH: set gpu opp level max: 0
09-16 17:02:32.250  1808  5285 D MiuiRefreshRatePolicy: reset
09-16 17:02:32.250  1001  1098 I libPowerHal: [setGPUFreq] Soft min/max = (62, 0); Hard min/max = (64, 0)
09-16 17:02:32.250  1001  1098 I libPowerHal: [setGPUFreq] final min/max = (62, 0)
09-16 17:02:32.250  1001  1098 I libPowerHal: MTKPOWER_HINT_PACK_SWITCH: set gpu opp level: 62
09-16 17:02:32.250  1808  5285 I ActivityTaskManager: START u0 {act=com.google.android.finsky.portrait.UI_BUILDER dat=iabData: pkg=com.android.vending cmp=com.android.vending/com.google.android.finsky.billing.acquire.LockToPortraitUiBuilderHostActivity (has extras)} with LAUNCH_MULTIPLE from uid 10154 from pid -1 callingPackage com.android.vending (realCallingUid=10307) (BAL_ALLOW_VISIBLE_WINDOW) result code=0
09-16 17:02:32.251  2628  2725 D MiuiFreeformModeCornerTipHandler: task#153 onTaskVanished
09-16 17:02:32.251  2628  2725 I MiuiBubbleController: removeBubble: 153 reason=2
09-16 17:02:32.251  2628  2725 I MultiTaskingTaskRepository: onTaskInfoChanged multi list = [5, 4], full = [153]
09-16 17:02:32.251  1808  1888 I ActivityTaskManager: visible for Task{c8b13a0 #153 type=standard A=10307:br.com.melhorafotoai.twa} visible = true isAnimating = false TRANSITION = false PARENTS = false CHILDREN = false
09-16 17:02:32.251  1808  1888 D SurfaceComposerClient: Transaction::apply InputWindowCommands.focusRequests timestamp=19075506332290, windowName=<null>
09-16 17:02:32.251  1001  1098 I libPowerHal: MTKPOWER_HINT_PACK_SWITCH: set gpu opp level max: 0
09-16 17:02:32.251  1001  1098 I libPowerHal: [perfLockRel] hdl:12120, idx:0
09-16 17:02:32.252  1001  1098 I libPowerHal: [unsetGPUFreq] current min:62, max:0; scn_gpu_min:62, scn_gpu_max:-1; scn_gpu_min(HL):-1, scn_gpu_max(HL):-1
09-16 17:02:32.252  1001  1098 I libPowerHal: [setGPUFreq] Soft min/max = (62, 0); Hard min/max = (64, 0)
09-16 17:02:32.252  1001  1098 I libPowerHal: [setGPUFreq] final min/max = (62, 0)
09-16 17:02:32.252  1001  1098 I libPowerHal: MTKPOWER_HINT_PACK_SWITCH: set gpu opp level: 62
09-16 17:02:32.252  1001  1098 I libPowerHal: MTKPOWER_HINT_PACK_SWITCH: set gpu opp level max: 0
09-16 17:02:32.253 28261 28261 D SecurityManager: checkAccessControl flag0
09-16 17:02:32.254  1064  1285 D SurfaceFlinger: [SF client] NEW(0xb4000079f40fc6b0) for (28261:br.com.melhorafotoai.twa)
09-16 17:02:32.255 28261  5099 W libc    : Access denied finding property "ro.vendor.display.iris_x7.support"
09-16 17:02:32.255 28261 28261 D VRI[ProxyBillingActivity]: hardware acceleration = true, forceHwAccelerated = false
09-16 17:02:32.256  1064  1285 I BufferQueueDebug: [30a7974 br.com.melhorafotoai.twa/com.android.billingclient.api.ProxyBillingActivity#8501](this:0xb400007b64343e00,id:-1,api:0,p:-1,c:-1) BufferQueue core=(1064:/system/bin/surfaceflinger)
09-16 17:02:32.257 28261 28261 D InputEventReceiver: Input log is disabled in InputEventReceiver.
09-16 17:02:32.257  1064  1064 D SurfaceFlinger: Focus addInputWindowCommands timestamp=19075506332290, windowName=<null>
09-16 17:02:32.257  1808  1888 I ActivityTaskManager: visible for Task{c8b13a0 #153 type=standard A=10307:br.com.melhorafotoai.twa} visible = true isAnimating = false TRANSITION = false PARENTS = false CHILDREN = false
09-16 17:02:32.257  2387  2387 D RecentsImpl: activityResumed in another display, appDisplayId = 0, homeDisplayId = 0
09-16 17:02:32.257  2387  2387 D RecentsImpl: mActivityStateObserver com.android.billingclient.api.ProxyBillingActivity
09-16 17:02:32.258  2387  2387 W RecentsImpl: updateStubViewVisibility, className=com.android.billingclient.api.ProxyBillingActivity
09-16 17:02:32.258  2387  2387 W RecentsImpl: updateStubViewVisibility, return. mNavStubView=null, mGestureStubLeft=null, mGestureStubRight=null, isNotUpdateByKeyguard=false, mIsStatusBarExpansion=false, mIsInAnotherPro=false, mSecuritySpaceGuideShown=false
09-16 17:02:32.258   969  1656 I android.hardware.graphics.composer@3.2-service: Sensor: notify citsensorservice to trigger cwb
09-16 17:02:32.258  1808  5285 D WindowManager: Collecting in transition 637: ActivityRecord{1b856b u0 com.android.vending/com.google.android.finsky.billing.acquire.LockToPortraitUiBuilderHostActivity t153} init visibleRequested:false
09-16 17:02:32.259  1583  2176 I libsensor-frameBufferManager: request dump start
09-16 17:02:32.259  1583  2176 D libcomposer_ext: ClientImplAidl::getDispDump(), dpy 1, dst (160, 120), dump_point 1, release_fence -1
09-16 17:02:32.259  1064  1716 D SurfaceFlinger: updateWinowInfo=1, setFocusedWindow timestamp=19075506332290, windowName=<null>
09-16 17:02:32.259   969   969 D libcomposer_ext: DeviceImplAidl::syncPerform(14), client_handle: 1
09-16 17:02:32.259  1808  5285 D WindowManager: Collecting in transition 637: ActivityRecord{1b856b u0 com.android.vending/com.google.android.finsky.billing.acquire.LockToPortraitUiBuilderHostActivity t153} init visibleRequested:true
09-16 17:02:32.259   969   969 D libcomposer_ext: DeviceImplAidl::DeviceClientContextAidl::ParseGetDispDump()
09-16 17:02:32.259   969   969 D libcomposer_ext: DeviceImplAidl::ParseGetDispDump(), dpy 1, dst (160, 120), dump_point 1
09-16 17:02:32.259   969   969 I hwcomposer: [HWC] getDispDump(), dpy 1, (822,7,982,127), (160, 120), (1, 2), (-1), (-1), (0xb400006f50ca61b0)  
09-16 17:02:32.259   969   969 I hwcomposer: [DRMDEV] isSupportWbParams(), id_crtc 103, id_connector 34, dump_point 1, src(160, 120), dst(160, 120), config 2  
09-16 17:02:32.259   969   969 E hwcomposer: [DRMDEV] isSupportWbParams(), disp(1220, 2712)  
09-16 17:02:32.259   969   969 I hwcomposer: [DISP_DUMP] setDumpBuf(), dpy(0), src(822, 7, 982, 127), dst(160, 120), (1, 2), -1, (-1), (0xb400006f50ca61b0)  
09-16 17:02:32.259   969   969 I hwcomposer: [HWC] (0)fire a callback of refresh to SF[9]  
09-16 17:02:32.259  2628  2725 D MiuiFreeformModeCornerTipHandler: task#153 onTaskVanished
09-16 17:02:32.259  2628  2725 I MiuiBubbleController: removeBubble: 153 reason=2
09-16 17:02:32.259  2628  2725 I MultiTaskingTaskRepository: onTaskInfoChanged multi list = [5, 4], full = [153]
09-16 17:02:32.260  1808  2030 I whetstone.activity: Power Event callback listener is empty for resId=256
09-16 17:02:32.260  1808  2030 D BatteryStatsManagerStub: notifyEvent for resId=256 used 0ms
09-16 17:02:32.261  1808  5285 I PowerHalWrapper: amsBoostNotify pid:6607,activity:com.google.android.finsky.billing.acquire.LockToPortraitUiBuilderHostActivity, package:com.android.vending, mProcessCreatePackbr.com.melhorafotoai.twa 
09-16 17:02:32.261  1808  5285 I PowerHalWrapper: state: 1 
09-16 17:02:32.261  1808  5285 I mtkpower_client: [PowerHal_Wrap_notifyAppState] com.android.vending/com.google.android.finsky.billing.acquire.LockToPortraitUiBuilderHostActivity pid=6607 activityId:1803627 state:1
09-16 17:02:32.261  1808  1882 D Aurogon :  uid = 10154 switch to FG
09-16 17:02:32.261   993  1010 I MTK_APPList: [getForegroundAPPInfo]  br.com.melhorafotoai.twa/com.android.billingclient.api.ProxyBillingActivity (pid=28261)
09-16 17:02:32.261  1808  5285 I PowerHalWrapper: amsBoostNotify AMS_BOOST_PROCESS_CREATE_BOOST:false 
09-16 17:02:32.261   993  1010 I vendor.mediatek.hardware.mtkpower_applist-service.mediatek: MIUI ADDpackName: br.com.melhorafotoai.twa actName: com.android.billingclient.api.ProxyBillingActivity
09-16 17:02:32.261   993  1010 I vendor.mediatek.hardware.mtkpower_applist-service.mediatek: powerhal get success
09-16 17:02:32.261  1808  2213 I MiuiNetworkPolicy: updateUidState uid = 10183, uidState = 10
09-16 17:02:32.261   993  1010 I vendor.mediatek.hardware.mtkpower_applist-service.mediatek: packName: com.android.vending actName: com.google.android.finsky.billing.acquire.LockToPortraitUiBuilderHostActivity pid: 6607 uid: 10154 state: 1
09-16 17:02:32.262   993  1010 I MTK_APPList: [notifyAPPstate] com.android.vending/com.google.android.finsky.billing.acquire.LockToPortraitUiBuilderHostActivity, pid=6607, uid=10154, state:RESUMED, fps:-1, win:0
09-16 17:02:32.262   993  1010 I MTK_APPList: [notifyAPPstate] multi_resumed_app_count: 1
09-16 17:02:32.262   993  1010 I MTK_APPList: [notifyAPPstate] multi_resumed_app_info[0] com.android.vending/com.google.android.finsky.billing.acquire.LockToPortraitUiBuilderHostActivity, pid:6607, fps:-1, isMultiWindow:0
09-16 17:02:32.262   993  1010 I MTK_APPList: [getForegroundAPPCount] 1
09-16 17:02:32.262   993  1010 I MTK_APPList: [notifyAPPstate] foreground:com.android.vending, pid:6607, uid:10154
09-16 17:02:32.262   993  1010 I MTK_APPList: [notifyNetdUID] 10154
09-16 17:02:32.262   993  1010 I MTK_APPList: [notifyPID] 6607
09-16 17:02:32.262  1001  1098 I libPowerHal: [perfSetSysInfo] pid type:24, 6607
09-16 17:02:32.262   993  1010 I MTK_APPList: [notifyAPPstate] pc:0, br.com.melhorafotoai.twa => com.android.vending
09-16 17:02:32.262  1808  5285 D WindowManager: Set transition=TransitionRecord{b5c03b0 id=637 type=OPEN flags=0x0}, ready=true, SyncId=637 
09-16 17:02:32.262  1808  2213 I MiuiNetworkPolicy: updateUidState uid = 10154, uidState = 2
09-16 17:02:32.263  6607  6622 I ActivityThread: HardwareRenderer preload  done
09-16 17:02:32.263  6607  6717 D AppScoutStateMachine: 6607-ScoutStateMachinecreated
09-16 17:02:32.264  1808  5285 D MiuiRefreshRatePolicy: reset
09-16 17:02:32.264  1808  5285 I BLASTSyncEngine: SyncGroup 637:  Unfinished container:ActivityRecord{96d6229 u0 br.com.melhorafotoai.twa/com.android.billingclient.api.ProxyBillingActivity t153}
09-16 17:02:32.264  1808  5285 I BLASTSyncEngine: isActivitySyncFinished isSyncFinished false ActivityRecord{96d6229 u0 br.com.melhorafotoai.twa/com.android.billingclient.api.ProxyBillingActivity t153}
09-16 17:02:32.265 28261 28261 D DecorViewImmersiveImpl: onAttachedToWindow:br.com.melhorafotoai.twa/com.android.billingclient.api.ProxyBillingActivity
09-16 17:02:32.266  1808  5285 D CoreBackPreview: Window{30a7974 u0 br.com.melhorafotoai.twa/com.android.billingclient.api.ProxyBillingActivity}: Setting back callback OnBackInvokedCallbackInfo{mCallback=android.window.IOnBackInvokedCallback$Stub$Proxy@d0fb8e0, mPriority=0, mIsAnimationCallback=false}
09-16 17:02:32.267   969   969 D libcomposer_ext: DeviceImplAidl::DeviceClientContextAidl::NotifyDispDumpReady()
09-16 17:02:32.267  1583  1583 D libcomposer_ext: ClientCallbackAidl::asyncPerform(15)
09-16 17:02:32.267  1583  1583 D libcomposer_ext: ClientImplAidl::ParseNotifyDispDumpReady()
09-16 17:02:32.268  1808  1888 I ActivityTaskManager: visible for Task{c8b13a0 #153 type=standard A=10307:br.com.melhorafotoai.twa} visible = true isAnimating = false TRANSITION = false PARENTS = false CHILDREN = false
09-16 17:02:32.269  1064  1285 I BufferQueueDebug: [br.com.melhorafotoai.twa/com.android.billingclient.api.ProxyBillingActivity#8502](this:0xb400007b642e2a40,id:-1,api:0,p:-1,c:-1) BufferQueue core=(1064:/system/bin/surfaceflinger)
09-16 17:02:32.269   993  1035 I libPerfCtl: xgfGetFPS pid:2628 fps:-1
09-16 17:02:32.270   993  1035 I libPerfCtl: xgfGetFPS pid:7072 fps:-1
09-16 17:02:32.270   993  1035 I libPerfCtl: xgfGetFPS pid:28261 fps:-1
09-16 17:02:32.271  1808  2133 D MiuiRefreshRatePolicy: reset
09-16 17:02:32.272  6607  6119 W FA      : Error with data collection. Data lost.
09-16 17:02:32.272  6607  6119 W FA      : java.lang.IllegalStateException: Attempting to perform action before initialize.
09-16 17:02:32.272  6607  6119 W FA      : 	at com.google.android.gms.measurement.internal.AppMeasurementDynamiteService.b(:com.google.android.gms.dynamite_measurementdynamite@253534035@25.35.34 (260400-0):10)
09-16 17:02:32.272  6607  6119 W FA      : 	at com.google.android.gms.measurement.internal.AppMeasurementDynamiteService.onActivityCreatedByScionActivityInfo(:com.google.android.gms.dynamite_measurementdynamite@253534035@25.35.34 (260400-0):1)
09-16 17:02:32.272  6607  6119 W FA      : 	at m7.iz.w(:com.google.android.gms.dynamite_measurementdynamite@253534035@25.35.34 (260400-0):41)
09-16 17:02:32.272  6607  6119 W FA      : 	at m7.bv.onTransact(:com.google.android.gms.dynamite_measurementdynamite@253534035@25.35.34 (260400-0):21)
09-16 17:02:32.272  6607  6119 W FA      : 	at android.os.Binder.transact(Binder.java:1352)
09-16 17:02:32.272  6607  6119 W FA      : 	at mnl.transactAndReadExceptionReturnVoid(PG:8)
09-16 17:02:32.272  6607  6119 W FA      : 	at axzs.a(PG:67)
09-16 17:02:32.272  6607  6119 W FA      : 	at axzr.run(PG:11)
09-16 17:02:32.272  6607  6119 W FA      : 	at java.util.concurrent.ThreadPoolExecutor.runWorker(ThreadPoolExecutor.java:1156)
09-16 17:02:32.272  6607  6119 W FA      : 	at java.util.concurrent.ThreadPoolExecutor$Worker.run(ThreadPoolExecutor.java:651)
09-16 17:02:32.272  6607  6119 W FA      : 	at java.lang.Thread.run(Thread.java:1119)
09-16 17:02:32.272  1808  2133 I BLASTSyncEngine: SyncGroup 637:  Unfinished container:ActivityRecord{96d6229 u0 br.com.melhorafotoai.twa/com.android.billingclient.api.ProxyBillingActivity t153}
09-16 17:02:32.272  6607  6119 W FA      : Error with data collection. Data lost.
09-16 17:02:32.272  6607  6119 W FA      : java.lang.IllegalStateException: Attempting to perform action before initialize.
09-16 17:02:32.272  6607  6119 W FA      : 	at com.google.android.gms.measurement.internal.AppMeasurementDynamiteService.b(:com.google.android.gms.dynamite_measurementdynamite@253534035@25.35.34 (260400-0):10)
09-16 17:02:32.272  6607  6119 W FA      : 	at com.google.android.gms.measurement.internal.AppMeasurementDynamiteService.logHealthData(:com.google.android.gms.dynamite_measurementdynamite@253534035@25.35.34 (260400-0):1)
09-16 17:02:32.272  6607  6119 W FA      : 	at m7.iz.w(:com.google.android.gms.dynamite_measurementdynamite@253534035@25.35.34 (260400-0):124)
09-16 17:02:32.272  6607  6119 W FA      : 	at m7.bv.onTransact(:com.google.android.gms.dynamite_measurementdynamite@253534035@25.35.34 (260400-0):21)
09-16 17:02:32.272  6607  6119 W FA      : 	at android.os.Binder.transact(Binder.java:1352)
09-16 17:02:32.272  6607  6119 W FA      : 	at mnl.transactAndReadExceptionReturnVoid(PG:8)
09-16 17:02:32.272  6607  6119 W FA      : 	at axzn.a(PG:50)
09-16 17:02:32.272  6607  6119 W FA      : 	at axzr.run(PG:11)
09-16 17:02:32.272  6607  6119 W FA      : 	at java.util.concurrent.ThreadPoolExecutor.runWorker(ThreadPoolExecutor.java:1156)
09-16 17:02:32.272  6607  6119 W FA      : 	at java.util.concurrent.ThreadPoolExecutor$Worker.run(ThreadPoolExecutor.java:651)
09-16 17:02:32.272  6607  6119 W FA      : 	at java.lang.Thread.run(Thread.java:1119)
09-16 17:02:32.272  1808  2133 I BLASTSyncEngine: isActivitySyncFinished isSyncFinished false ActivityRecord{96d6229 u0 br.com.melhorafotoai.twa/com.android.billingclient.api.ProxyBillingActivity t153}
09-16 17:02:32.272  1808  1866 D AudioSystem: +setParameters(): gamebooster=false 
09-16 17:02:32.273  1808  1866 D AudioSystem: start get log level!
09-16 17:02:32.273   960  4680 W libc    : Access denied finding property "AUDIO_FEATURE_REVERSE_MIC_DIRECTION_SUPPORT"
09-16 17:02:32.273  2628  2725 D MiuiFreeformModeCornerTipHandler: task#153 onTaskVanished
09-16 17:02:32.273  2628  2725 I MiuiBubbleController: removeBubble: 153 reason=2
09-16 17:02:32.273   960  4680 D AudioALSAHardware: +setParameters(): gamebooster=false
09-16 17:02:32.273  2628  2725 I MultiTaskingTaskRepository: onTaskInfoChanged multi list = [5, 4], full = [153]
09-16 17:02:32.273   960  4680 D AudioALSAHardware: -setParameters(): gamebooster=false
09-16 17:02:32.274  1808  2133 I WindowManager: Relayout Window{30a7974 u0 br.com.melhorafotoai.twa/com.android.billingclient.api.ProxyBillingActivity}: oldVis=4 newVis=0 focusMayChange = true requestedWidth = 1220 requestedHeight = 2712 outFrames = ClientWindowFrames{frame=[0,0][1220,2712] display=[0,0][1220,2712] parentFrame=[0,0][0,0]} outSurfaceControl = Surface(name=br.com.melhorafotoai.twa/com.android.billingclient.api.ProxyBillingActivity#8502)/@0xb48a455
09-16 17:02:32.274   960  4680 D r_submix: adev_set_parameters() kvpairs='gamebooster=false'
09-16 17:02:32.275  1808  1888 I ActivityTaskManager: visible for Task{c8b13a0 #153 type=standard A=10307:br.com.melhorafotoai.twa} visible = true isAnimating = false TRANSITION = false PARENTS = false CHILDREN = false
09-16 17:02:32.275  1808  2213 I MiuiNetworkPolicy: updateUidState uid = 10183, uidState = 19
09-16 17:02:32.276  5936 15369 D PerfEngineController: ForegroundInfo{mForegroundPackageName='com.android.vending', mForegroundUid=10154, mForegroundPid=6607, mLastForegroundPackageName='br.com.melhorafotoai.twa', mLastForegroundUid=10307, mLastForegroundPid=28261, mMultiWindowForegroundPackageName='com.android.vending', mMultiWindowForegroundUid=10154, mFlags=0}
09-16 17:02:32.276  1808  2285 I NetworkBoostStatusManager: onForegroundInfoChanged uid:10154, isColdStart:false
09-16 17:02:32.276  1808  2285 I SLM-SRV-SLAToast: foreground uid:10154, isColdStart:false, isLinkTurboEnable:false
09-16 17:02:32.276  1808  2285 D NetworkSDKService: handleMultiAppsDualWifi isSet = false isEverOpened = false
09-16 17:02:32.276  1808  1887 D ActivityManager: mediaResourceManagerBinder get success
09-16 17:02:32.276  7554  7598 I GST     : forePkg: com.android.vending, preForePkg: br.com.melhorafotoai.twa
09-16 17:02:32.276  1449  2882 D ResourceManagerServiceNew: update package name: com.android.vending
09-16 17:02:32.276  1808  2285 D BluetoothAdapter: getActiveDevices(profile= A2DP)
09-16 17:02:32.276  5737 13839 I ProcessMonitor: onForegroundInfoChanged: ForegroundInfo{mForegroundPackageName='com.android.vending', mForegroundUid=10154, mForegroundPid=6607, mLastForegroundPackageName='br.com.melhorafotoai.twa', mLastForegroundUid=10307, mLastForegroundPid=28261, mMultiWindowForegroundPackageName='com.android.vending', mMultiWindowForegroundUid=10154, mFlags=0}
09-16 17:02:32.276 28261 28261 D BufferQueueConsumer: [](id:6e6500000004,api:0,p:-1,c:28261) connect: controlledByApp=false
09-16 17:02:32.277  5737 13839 I GameBoosterService: onForegroundInfoChanged: Cur=com.android.vending	 last=br.com.melhorafotoai.twa
09-16 17:02:32.277 28261 28261 D BLASTBufferQueue: [VRI[ProxyBillingActivity]#4](f:0,a:0) constructor()
09-16 17:02:32.277 28261 28261 D BLASTBufferQueue: [VRI[ProxyBillingActivity]#4](f:0,a:0) update width=1220 height=2712 format=-2 mTransformHint=0
09-16 17:02:32.277  5737 13839 D GameBoosterService: onGameStatusChange foreground:ForegroundInfo{mForegroundPackageName='com.android.vending', mForegroundUid=10154, mForegroundPid=6607, mLastForegroundPackageName='br.com.melhorafotoai.twa', mLastForegroundUid=10307, mLastForegroundPid=28261, mMultiWindowForegroundPackageName='com.android.vending', mMultiWindowForegroundUid=10154, mFlags=0}
09-16 17:02:32.277  5737 13839 I VideoBoxUtils: isSupportVideoBox: false
09-16 17:02:32.277  5737 13839 I VideoToolBoxService: vtb is closed!!!
09-16 17:02:32.277  5737 13839 I BeautyService: onForegroundInfoChanged: Cur=com.android.vending	 last=br.com.melhorafotoai.twa
09-16 17:02:32.277  2387  3106 D TaskStackChangeListeners: onTaskDescriptionChanged =  taskId = 153
09-16 17:02:32.278 28261 28261 D VRI[ProxyBillingActivity]: vri.reportNextDraw android.view.ViewRootImpl.performTraversals:4984 android.view.ViewRootImpl.doTraversal:3564 android.view.ViewRootImpl$TraversalRunnable.run:11781 android.view.Choreographer$CallbackRecord.run:1809 android.view.Choreographer$CallbackRecord.run:1818 
09-16 17:02:32.278  1449  2882 D ResourceManagerServiceNew: packageName: com.android.vending, uid : 10154, hashCode : 169908424
09-16 17:02:32.278  1449  2882 D ResourceManagerServiceNew: ResourceManagerService::setCodecsVppModeWithLock
09-16 17:02:32.278  1449  2882 D ResourceManagerServiceNew: all codecs setVppMode return fail
09-16 17:02:32.278 28261 28261 D VRI[ProxyBillingActivity]: Setup new sync=wmsSync-VRI[ProxyBillingActivity]#8
09-16 17:02:32.278  5936  7063 D MilletUtils: setUidState, uid = 10154 allow = true
09-16 17:02:32.278  1808  4889 D MiSensorServiceImpl: PowerKeeperSensor resume iUid:10154 but app has not in Controlled
09-16 17:02:32.279 28261  5099 D HWUI    : makeCurrent grContext:0xb400006f8a460390 reset mTextureAvailable
09-16 17:02:32.279  3419  3444 E BluetoothAdapterService: getActiveDevices: A2dpService is null
09-16 17:02:32.279  1808  2285 D BluetoothAdapter: getActiveDevices(profile= HEADSET)
09-16 17:02:32.280  7554  7598 D VENUS_GAMEAI_START_GameAiStartManager: 高能时刻未安装
09-16 17:02:32.280  5737  5762 D v1      : myUserId = 0	currentUserId0
09-16 17:02:32.281  1064  1731 D MI-SF   : updateScene: module = 258 (TpIdle), value = 1, pkg = com.android.vending
09-16 17:02:32.281  1064  1731 D MI-SF   : updateScene mSetTpIdleFlag 1
09-16 17:02:32.281  3419  3444 E BluetoothAdapterService: getActiveDevices: HeadsetService is null
09-16 17:02:32.281  1808  2285 D BluetoothAdapter: getActiveDevices(profile= LE_AUDIO)
09-16 17:02:32.282 28261  5099 D BLASTBufferQueue: [VRI[ProxyBillingActivity]#4](f:0,a:1) acquireNextBufferLocked size=1220x2712 mFrameNumber=1 applyTransaction=true mTimestamp=19075549175444(auto) mPendingTransactions.size=0 graphicBufferId=121380070752272 transform=0
09-16 17:02:32.282  3419  3444 E BluetoothAdapterService: getActiveDevices: LeAudioService is null
09-16 17:02:32.282  1808  2285 D AudioSystem: +setParameters(): foregroundUid=10154;bluetoothlowlatencystatus=false 
09-16 17:02:32.282  1808  2285 D AudioSystem: start get log level!
09-16 17:02:32.283   960  4680 W libc    : Access denied finding property "AUDIO_FEATURE_REVERSE_MIC_DIRECTION_SUPPORT"
09-16 17:02:32.283  6607  6119 W FA      : Error with data collection. Data lost.
09-16 17:02:32.283  6607  6119 W FA      : java.lang.IllegalStateException: Attempting to perform action before initialize.
09-16 17:02:32.283  6607  6119 W FA      : 	at com.google.android.gms.measurement.internal.AppMeasurementDynamiteService.b(:com.google.android.gms.dynamite_measurementdynamite@253534035@25.35.34 (260400-0):10)
09-16 17:02:32.283  6607  6119 W FA      : 	at com.google.android.gms.measurement.internal.AppMeasurementDynamiteService.onActivityStartedByScionActivityInfo(:com.google.android.gms.dynamite_measurementdynamite@253534035@25.35.34 (260400-0):1)
09-16 17:02:32.283  6607  6119 W FA      : 	at m7.iz.w(:com.google.android.gms.dynamite_measurementdynamite@253534035@25.35.34 (260400-0):49)
09-16 17:02:32.283  6607  6119 W FA      : 	at m7.bv.onTransact(:com.google.android.gms.dynamite_measurementdynamite@253534035@25.35.34 (260400-0):21)
09-16 17:02:32.283  6607  6119 W FA      : 	at android.os.Binder.transact(Binder.java:1352)
09-16 17:02:32.283  6607  6119 W FA      : 	at mnl.transactAndReadExceptionReturnVoid(PG:8)
09-16 17:02:32.283  6607  6119 W FA      : 	at axzt.a(PG:32)
09-16 17:02:32.283  6607  6119 W FA      : 	at axzr.run(PG:11)
09-16 17:02:32.283  6607  6119 W FA      : 	at java.util.concurrent.ThreadPoolExecutor.runWorker(ThreadPoolExecutor.java:1156)
09-16 17:02:32.283  6607  6119 W FA      : 	at java.util.concurrent.ThreadPoolExecutor$Worker.run(ThreadPoolExecutor.java:651)
09-16 17:02:32.283  6607  6119 W FA      : 	at java.lang.Thread.run(Thread.java:1119)
09-16 17:02:32.283  6607  6119 W FA      : Error with data collection. Data lost.
09-16 17:02:32.283  6607  6119 W FA      : java.lang.IllegalStateException: Attempting to perform action before initialize.
09-16 17:02:32.283  6607  6119 W FA      : 	at com.google.android.gms.measurement.internal.AppMeasurementDynamiteService.b(:com.google.android.gms.dynamite_measurementdynamite@253534035@25.35.34 (260400-0):10)
09-16 17:02:32.283  6607  6119 W FA      : 	at com.google.android.gms.measurement.internal.AppMeasurementDynamiteService.logHealthData(:com.google.android.gms.dynamite_measurementdynamite@253534035@25.35.34 (260400-0):1)
09-16 17:02:32.283  6607  6119 W FA      : 	at m7.iz.w(:com.google.android.gms.dynamite_measurementdynamite@253534035@25.35.34 (260400-0):124)
09-16 17:02:32.283  6607  6119 W FA      : 	at m7.bv.onTransact(:com.google.android.gms.dynamite_measurementdynamite@253534035@25.35.34 (260400-0):21)
09-16 17:02:32.283  6607  6119 W FA      : 	at android.os.Binder.transact(Binder.java:1352)
09-16 17:02:32.283  6607  6119 W FA      : 	at mnl.transactAndReadExceptionReturnVoid(PG:8)
09-16 17:02:32.283  6607  6119 W FA      : 	at axzn.a(PG:50)
09-16 17:02:32.283  6607  6119 W FA      : 	at axzr.run(PG:11)
09-16 17:02:32.283  6607  6119 W FA      : 	at java.util.concurrent.ThreadPoolExecutor.runWorker(ThreadPoolExecutor.java:1156)
09-16 17:02:32.283  6607  6119 W FA      : 	at java.util.concurrent.ThreadPoolExecutor$Worker.run(ThreadPoolExecutor.java:651)
09-16 17:02:32.283  6607  6119 W FA      : 	at java.lang.Thread.run(Thread.java:1119)
09-16 17:02:32.283   960  4680 D AudioALSAHardware: +setParameters(): bluetoothlowlatencystatus=false;foregroundUid=10154
09-16 17:02:32.283   960  4680 D AudioALSAHardware: -setParameters(): bluetoothlowlatencystatus=false;foregroundUid=10154
09-16 17:02:32.284 28261 28261 D VRI[ProxyBillingActivity]: vri.reportDrawFinished
09-16 17:02:32.284   960  1031 D r_submix: adev_set_parameters() kvpairs='bluetoothlowlatencystatus=false;foregroundUid=10154'
09-16 17:02:32.284  1808  2030 D WindowManager: wms.finishDrawingLocked: mDrawState=COMMIT_DRAW_PENDING Window{30a7974 u0 br.com.melhorafotoai.twa/com.android.billingclient.api.ProxyBillingActivity} in Surface(name=br.com.melhorafotoai.twa/com.android.billingclient.api.ProxyBillingActivity#8502)/@0x667830c
09-16 17:02:32.285  1808  2285 I AudioGameEffect: foreground change to com.android.vending, last foreground is br.com.melhorafotoai.twa
09-16 17:02:32.285  1808  2285 I AudioGameEffect: get enable packages from setting: null
09-16 17:02:32.285  1808  2285 I AudioGameEffect: get enable packages from setting: null
09-16 17:02:32.285  1808  1888 D MiuiRefreshRatePolicy: reset
09-16 17:02:32.285  6607  6607 D ScrollerOptimizationManager: registerConfigChangedListener
09-16 17:02:32.286  1808  1888 I BLASTSyncEngine: SyncGroup 637:  Unfinished container:ActivityRecord{1b856b u0 com.android.vending/com.google.android.finsky.billing.acquire.LockToPortraitUiBuilderHostActivity t153}
09-16 17:02:32.286  1808  1888 I BLASTSyncEngine: isActivitySyncFinished isSyncFinished false ActivityRecord{1b856b u0 com.android.vending/com.google.android.finsky.billing.acquire.LockToPortraitUiBuilderHostActivity t153}
09-16 17:02:32.286  6607  6607 D ScrollerOptimizationManager: registerConfigChangedListener
09-16 17:02:32.286  1808  1888 D MiuiRefreshRatePolicy: reset
09-16 17:02:32.286  1808  1888 I BLASTSyncEngine: SyncGroup 637:  Unfinished container:ActivityRecord{1b856b u0 com.android.vending/com.google.android.finsky.billing.acquire.LockToPortraitUiBuilderHostActivity t153}
09-16 17:02:32.286  1808  1888 I BLASTSyncEngine: isActivitySyncFinished isSyncFinished false ActivityRecord{1b856b u0 com.android.vending/com.google.android.finsky.billing.acquire.LockToPortraitUiBuilderHostActivity t153}
09-16 17:02:32.287  1808  2030 I PowerHalWrapper: amsBoostStop AMS_BOOST_PACK_SWITCH:true, AMS_BOOST_ACT_SWITCH:true, AMS_BOOST_PROCESS_CREATE:false, AMS_BOOST_PROCESS_CREATE_FOR_GAME:false, AMS_BOOST_HOT_LAUNCH:false 
09-16 17:02:32.287  1001  1016 I libPowerHal: [mtkPowerHint] hint:22, hold:500, ext:30, ext_hold:1500
09-16 17:02:32.288  1001  1098 I libPowerHal: [perfLockAcq] idx:0 hdl:12125 hint:22 pid:1001 tid:1001 duration:500 lock_user:vendor.mediatek => ret_hdl:12125
09-16 17:02:32.288  1001  1098 I libPowerHal: [setClusterFreq] MTKPOWER_HINT_PACK_SWITCH set cpufreq[0] min:1600000 max:-1 cpufreq[1] min:2200000 max:-1 cpufreq[2] min:2200000 max:-1 
09-16 17:02:32.288  1001  1098 I libPowerHal: [setGPUFreq] MTKPOWER_HINT_PACK_SWITCH user set gpu freq min:62, max:-1
09-16 17:02:32.288  1001  1098 I libPowerHal: MTKPOWER_HINT_PACK_SWITCH: set gpu opp level max: 0
09-16 17:02:32.288  1001  1098 I libPowerHal: [setGPUFreq] Soft min/max = (62, 0); Hard min/max = (64, 0)
09-16 17:02:32.288  1001  1098 I libPowerHal: [setGPUFreq] final min/max = (62, 0)
09-16 17:02:32.288  1001  1098 I libPowerHal: MTKPOWER_HINT_PACK_SWITCH: set gpu opp level: 62
09-16 17:02:32.288  1001  1098 I libPowerHal: MTKPOWER_HINT_PACK_SWITCH: set gpu opp level max: 0
09-16 17:02:32.288  1001  1016 I libPowerHal: [mtkPowerHint] hint:23, hold:0, ext:30, ext_hold:500
09-16 17:02:32.288  1001  1098 I libPowerHal: [perfLockRel] hdl:12124, idx:10
09-16 17:02:32.288  1001  1098 I libPowerHal: [unsetGPUFreq] current min:62, max:0; scn_gpu_min:62, scn_gpu_max:-1; scn_gpu_min(HL):-1, scn_gpu_max(HL):-1
09-16 17:02:32.288  1001  1098 I libPowerHal: [setGPUFreq] Soft min/max = (62, 0); Hard min/max = (64, 0)
09-16 17:02:32.288  1001  1098 I libPowerHal: [setGPUFreq] final min/max = (62, 0)
09-16 17:02:32.288  1001  1098 I libPowerHal: MTKPOWER_HINT_PACK_SWITCH: set gpu opp level: 62
09-16 17:02:32.288  1808  2133 I ClipboardServiceI: checkProviderWakePathForClipboard: com.android.vendingis not a activePermissionOwner
09-16 17:02:32.288  1583  2177 D libsensor-parseRGB: the value of RGB [25.884090 26.520913 26.184413]
09-16 17:02:32.289  1001  1098 I libPowerHal: MTKPOWER_HINT_PACK_SWITCH: set gpu opp level max: 0
09-16 17:02:32.289  1001  1098 I libPowerHal: [perfLockAcq] idx:12 hdl:12126 hint:30 pid:1001 tid:1001 duration:1500 lock_user:vendor.mediatek => ret_hdl:12126
09-16 17:02:32.289  1001  1098 I libPowerHal: [PE] MTKPOWER_HINT_EXT_LAUNCH update cmd:2020000, param:31
09-16 17:02:32.290  1808  2030 I SmartPower: com.google.android.gms.ui/10145(23448): idle->background(86731ms) R(service create com.google.android.gms/.chimera.UiIntentOperationService) adj=0.
09-16 17:02:32.290  1001  1098 I libPowerHal: [perfLockRel] hdl:12123, idx:8
09-16 17:02:32.290  1001  1098 I libPowerHal: [unsetGPUFreq] current min:62, max:0; scn_gpu_min:62, scn_gpu_max:-1; scn_gpu_min(HL):-1, scn_gpu_max(HL):-1
09-16 17:02:32.290  1001  1098 I libPowerHal: [setGPUFreq] Soft min/max = (62, 0); Hard min/max = (64, 0)
09-16 17:02:32.290  1001  1098 I libPowerHal: [setGPUFreq] final min/max = (62, 0)
09-16 17:02:32.290  1001  1098 I libPowerHal: MTKPOWER_HINT_ACT_SWITCH: set gpu opp level: 62
09-16 17:02:32.290  1001  1098 I libPowerHal: MTKPOWER_HINT_ACT_SWITCH: set gpu opp level max: 0
09-16 17:02:32.291  1001  1098 I libPowerHal: [perfLockAcq] idx:10 hdl:12127 hint:30 pid:1001 tid:1001 duration:500 lock_user:vendor.mediatek => ret_hdl:12127
09-16 17:02:32.292  1808  1888 I ActivityTaskManager: visible for Task{c8b13a0 #153 type=standard A=10307:br.com.melhorafotoai.twa} visible = true isAnimating = false TRANSITION = false PARENTS = false CHILDREN = false
09-16 17:02:32.300  1808  2133 I AS.AudioService: getMode, get current owner's mode
09-16 17:02:32.300  1808  2133 I AS.AudioService: getMode, currentModeHandler is null
09-16 17:02:32.301  1808  2133 I AS.AudioService: getMode, get current owner's mode
09-16 17:02:32.301  1808  2133 I AS.AudioService: getMode, currentModeHandler is null
09-16 17:02:32.302  6607  6655 D PaySecureElementClient: Felica app not found; returning isSecureElementAvailable = false!
09-16 17:02:32.303  1808  2030 D BiometricService: canAuthenticate: User=0, Caller=0, Authenticators=15
09-16 17:02:32.303  1808  2030 D BiometricService/PreAuthInfo: Package: com.android.vending Sensor ID: 8 Modality: 8 Status: 4
09-16 17:02:32.304  1808  2030 D BiometricService/PreAuthInfo: Package: com.android.vending Sensor ID: 5 Modality: 2 Status: 1
09-16 17:02:32.304  1808  2030 D BiometricService/PreAuthInfo: getCanAuthenticateInternal Modality: 2 AuthenticatorStatus: 1
09-16 17:02:32.304  1808  2030 D AuthService: canAuthenticate, userId: 0, callingUserId: 0, authenticators: 15, result: 0
09-16 17:02:32.305  1808  2030 D BiometricService: canAuthenticate: User=0, Caller=0, Authenticators=32768
09-16 17:02:32.305  1808  2030 D BiometricService/PreAuthInfo: getCanAuthenticateInternal Modality: 1 AuthenticatorStatus: 1
09-16 17:02:32.305  1808  2030 D AuthService: canAuthenticate, userId: 0, callingUserId: 0, authenticators: 32768, result: 0
09-16 17:02:32.305  1808  2030 D BiometricService: canAuthenticate: User=0, Caller=0, Authenticators=15
09-16 17:02:32.306  1808  2030 D BiometricService/PreAuthInfo: Package: com.android.vending Sensor ID: 8 Modality: 8 Status: 4
09-16 17:02:32.306  1808  2030 D BiometricService/PreAuthInfo: Package: com.android.vending Sensor ID: 5 Modality: 2 Status: 1
09-16 17:02:32.306  1808  2030 D BiometricService/PreAuthInfo: getCanAuthenticateInternal Modality: 2 AuthenticatorStatus: 1
09-16 17:02:32.306  1808  2030 D AuthService: canAuthenticate, userId: 0, callingUserId: 0, authenticators: 15, result: 0
09-16 17:02:32.306  1808  2030 D BiometricService: canAuthenticate: User=0, Caller=0, Authenticators=15
09-16 17:02:32.307  1808  2030 D BiometricService/PreAuthInfo: Package: com.android.vending Sensor ID: 8 Modality: 8 Status: 4
09-16 17:02:32.307  1808  2030 D BiometricService/PreAuthInfo: Package: com.android.vending Sensor ID: 5 Modality: 2 Status: 1
09-16 17:02:32.307  1808  2030 D BiometricService/PreAuthInfo: getCanAuthenticateInternal Modality: 2 AuthenticatorStatus: 1
09-16 17:02:32.307  1808  2030 D AuthService: canAuthenticate, userId: 0, callingUserId: 0, authenticators: 15, result: 0
09-16 17:02:32.309   571  9009 I keystore2: system/security/keystore2/src/security_level.rs:227 - entry create_operation
09-16 17:02:32.309   571  9009 I keystore2: system/security/keystore2/src/security_level.rs:232 - key: domain:r#KEY_ID, nspace:7731371905873007151, alias:None, blob:None
09-16 17:02:32.310   571  9009 I keystore2: system/security/keystore2/src/security_level.rs:882 - entry upgrade_keyblob_if_required_with
09-16 17:02:32.310   571  9009 I keystore2: system/security/keystore2/src/security_level.rs:347 - In KeystoreSecurityLevel::create_operation: calling begin
09-16 17:02:32.310   572   572 I [MITEE] : mitee_keymaster_call 231 4
09-16 17:02:32.310   572   572 E [MITEE] : Request: 261 Max size: 131072
09-16 17:02:32.311   571  9009 I keystore2: system/security/keystore2/src/security_level.rs:381 - upgraded_blob: None
09-16 17:02:32.312  1808  2133 D BiometricService: Sensor ID(8), oemStrength: 4095, updatedStrength: 4095, modality 8, state: 0, cookie: 0, sensorId 8, hasEnrollments: false cannot participate in Keystore operations
09-16 17:02:32.313  1808  2133 D BiometricService: canAuthenticate: User=0, Caller=0, Authenticators=15
09-16 17:02:32.313  1808  2133 D BiometricService/PreAuthInfo: Package: com.android.vending Sensor ID: 8 Modality: 8 Status: 4
09-16 17:02:32.313  1808  2133 D BiometricService/PreAuthInfo: Package: com.android.vending Sensor ID: 5 Modality: 2 Status: 1
09-16 17:02:32.314  1808  2133 D BiometricService/PreAuthInfo: getCanAuthenticateInternal Modality: 2 AuthenticatorStatus: 1
09-16 17:02:32.314  1808  2133 D AuthService: canAuthenticate, userId: 0, callingUserId: 0, authenticators: 15, result: 0
09-16 17:02:32.316  6607  6119 W FA      : Error with data collection. Data lost.
09-16 17:02:32.316  6607  6119 W FA      : java.lang.IllegalStateException: Attempting to perform action before initialize.
09-16 17:02:32.316  6607  6119 W FA      : 	at com.google.android.gms.measurement.internal.AppMeasurementDynamiteService.b(:com.google.android.gms.dynamite_measurementdynamite@253534035@25.35.34 (260400-0):10)
09-16 17:02:32.316  6607  6119 W FA      : 	at com.google.android.gms.measurement.internal.AppMeasurementDynamiteService.onActivityResumedByScionActivityInfo(:com.google.android.gms.dynamite_measurementdynamite@253534035@25.35.34 (260400-0):1)
09-16 17:02:32.316  6607  6119 W FA      : 	at m7.iz.w(:com.google.android.gms.dynamite_measurementdynamite@253534035@25.35.34 (260400-0):28)
09-16 17:02:32.316  6607  6119 W FA      : 	at m7.bv.onTransact(:com.google.android.gms.dynamite_measurementdynamite@253534035@25.35.34 (260400-0):21)
09-16 17:02:32.316  6607  6119 W FA      : 	at android.os.Binder.transact(Binder.java:1352)
09-16 17:02:32.316  6607  6119 W FA      : 	at mnl.transactAndReadExceptionReturnVoid(PG:8)
09-16 17:02:32.316  6607  6119 W FA      : 	at axzu.a(PG:32)
09-16 17:02:32.316  6607  6119 W FA      : 	at axzr.run(PG:11)
09-16 17:02:32.316  6607  6119 W FA      : 	at java.util.concurrent.ThreadPoolExecutor.runWorker(ThreadPoolExecutor.java:1156)
09-16 17:02:32.316  6607  6119 W FA      : 	at java.util.concurrent.ThreadPoolExecutor$Worker.run(ThreadPoolExecutor.java:651)
09-16 17:02:32.316  6607  6119 W FA      : 	at java.lang.Thread.run(Thread.java:1119)
09-16 17:02:32.316  6607  6119 W FA      : Error with data collection. Data lost.
09-16 17:02:32.316  6607  6119 W FA      : java.lang.IllegalStateException: Attempting to perform action before initialize.
09-16 17:02:32.316  6607  6119 W FA      : 	at com.google.android.gms.measurement.internal.AppMeasurementDynamiteService.b(:com.google.android.gms.dynamite_measurementdynamite@253534035@25.35.34 (260400-0):10)
09-16 17:02:32.316  6607  6119 W FA      : 	at com.google.android.gms.measurement.internal.AppMeasurementDynamiteService.logHealthData(:com.google.android.gms.dynamite_measurementdynamite@253534035@25.35.34 (260400-0):1)
09-16 17:02:32.316  6607  6119 W FA      : 	at m7.iz.w(:com.google.android.gms.dynamite_measurementdynamite@253534035@25.35.34 (260400-0):124)
09-16 17:02:32.316  6607  6119 W FA      : 	at m7.bv.onTransact(:com.google.android.gms.dynamite_measurementdynamite@253534035@25.35.34 (260400-0):21)
09-16 17:02:32.316  6607  6119 W FA      : 	at android.os.Binder.transact(Binder.java:1352)
09-16 17:02:32.316  6607  6119 W FA      : 	at mnl.transactAndReadExceptionReturnVoid(PG:8)
09-16 17:02:32.316  6607  6119 W FA      : 	at axzn.a(PG:50)
09-16 17:02:32.316  6607  6119 W FA      : 	at axzr.run(PG:11)
09-16 17:02:32.316  6607  6119 W FA      : 	at java.util.concurrent.ThreadPoolExecutor.runWorker(ThreadPoolExecutor.java:1156)
09-16 17:02:32.316  6607  6119 W FA      : 	at java.util.concurrent.ThreadPoolExecutor$Worker.run(ThreadPoolExecutor.java:651)
09-16 17:02:32.316  6607  6119 W FA      : 	at java.lang.Thread.run(Thread.java:1119)
09-16 17:02:32.318  6607  6607 D SecurityManager: checkAccessControl flag0
09-16 17:02:32.320  1064  1285 D SurfaceFlinger: [SF client] NEW(0xb4000079f40e6d50) for (6607:com.android.vending)
09-16 17:02:32.321  6607  5510 W libc    : Access denied finding property "ro.vendor.display.iris_x7.support"
09-16 17:02:32.322  6607  6607 D VRI[LockToPortraitUiBuilderHostActivity]: hardware acceleration = true, forceHwAccelerated = false
09-16 17:02:32.323  1064  1285 I BufferQueueDebug: [ddf670e com.android.vending/com.google.android.finsky.billing.acquire.LockToPortraitUiBuilderHostActivity#8503](this:0xb400007b642d1470,id:-1,api:0,p:-1,c:-1) BufferQueue core=(1064:/system/bin/surfaceflinger)
09-16 17:02:32.324  1064  1064 I BufferQueueProducer: [com.android.chrome/ChromeChildSurface#8442](this:0xb400007b6437ee90,id:-1,api:0,p:-1,c:1064) queueBuffer: fps=27.89 dur=1003.79 max=779.46 min=7.20
09-16 17:02:32.325  6607  6607 D InputEventReceiver: Input log is disabled in InputEventReceiver.
09-16 17:02:32.326  6607  6607 D DecorViewImmersiveImpl: onAttachedToWindow:com.android.vending/com.google.android.finsky.billing.acquire.LockToPortraitUiBuilderHostActivity
09-16 17:02:32.327  1808  2030 D CoreBackPreview: Window{ddf670e u0 com.android.vending/com.google.android.finsky.billing.acquire.LockToPortraitUiBuilderHostActivity}: Setting back callback OnBackInvokedCallbackInfo{mCallback=android.window.IOnBackInvokedCallback$Stub$Proxy@77c4cc5, mPriority=-1, mIsAnimationCallback=false}
09-16 17:02:32.327  1808  2030 D CoreBackPreview: Window{ddf670e u0 com.android.vending/com.google.android.finsky.billing.acquire.LockToPortraitUiBuilderHostActivity}: Setting back callback OnBackInvokedCallbackInfo{mCallback=android.window.IOnBackInvokedCallback$Stub$Proxy@4aee61a, mPriority=0, mIsAnimationCallback=true}
09-16 17:02:32.328  1064  1285 I BufferQueueDebug: [com.android.vending/com.google.android.finsky.billing.acquire.LockToPortraitUiBuilderHostActivity#8504](this:0xb400007b6431dad0,id:-1,api:0,p:-1,c:-1) BufferQueue core=(1064:/system/bin/surfaceflinger)
09-16 17:02:32.328  2387  2387 D RecentsImpl: activityResumed in another display, appDisplayId = 0, homeDisplayId = 0
09-16 17:02:32.328  2387  2387 D RecentsImpl: mActivityStateObserver com.google.android.finsky.billing.acquire.LockToPortraitUiBuilderHostActivity
09-16 17:02:32.328  2387  2387 W RecentsImpl: updateStubViewVisibility, className=com.google.android.finsky.billing.acquire.LockToPortraitUiBuilderHostActivity
09-16 17:02:32.328  2387  2387 W RecentsImpl: updateStubViewVisibility, return. mNavStubView=null, mGestureStubLeft=null, mGestureStubRight=null, isNotUpdateByKeyguard=false, mIsStatusBarExpansion=false, mIsInAnotherPro=false, mSecuritySpaceGuideShown=false
09-16 17:02:32.329  1808  2133 D MiuiRefreshRatePolicy: reset
09-16 17:02:32.329  1808  2133 I BLASTSyncEngine: SyncGroup 637:  Unfinished container:ActivityRecord{1b856b u0 com.android.vending/com.google.android.finsky.billing.acquire.LockToPortraitUiBuilderHostActivity t153}
09-16 17:02:32.329  1808  2133 I BLASTSyncEngine: isActivitySyncFinished isSyncFinished false ActivityRecord{1b856b u0 com.android.vending/com.google.android.finsky.billing.acquire.LockToPortraitUiBuilderHostActivity t153}
09-16 17:02:32.330  2387 13113 D TaskStackChangeListeners: onTaskDescriptionChanged =  taskId = 153
09-16 17:02:32.330  1808  2133 W WindowManager: Changing focus from null to Window{ddf670e u0 com.android.vending/com.google.android.finsky.billing.acquire.LockToPortraitUiBuilderHostActivity} displayId=0 Callers=com.android.server.wm.RootWindowContainer.updateFocusedWindowLocked:602 com.android.server.wm.WindowManagerService.updateFocusedWindowLocked:7168 com.android.server.wm.WindowManagerService.relayoutWindowInner:3076 com.android.server.wm.WindowManagerService.relayoutWindow:2724 
09-16 17:02:32.330  1808  2133 I whetstone.activity: Power Event callback listener is empty for resId=32
09-16 17:02:32.330  1808  2133 D BatteryStatsManagerStub: notifyEvent for resId=32 used 0ms
09-16 17:02:32.330  1064  1285 I BufferQueueDebug: [Surface(name=6e3f4c8 NavigationBar0#96)/@0xf2bcc86 - animation-leash of insets_animation#8505](this:0xb400007b64385db0,id:-1,api:0,p:-1,c:-1) BufferQueue core=(1064:/system/bin/surfaceflinger)
09-16 17:02:32.331  1064  1285 I BufferQueueDebug: [Surface(name=cb15e4f StatusBar#100)/@0x3cf906b - animation-leash of insets_animation#8506](this:0xb400007b64351c40,id:-1,api:0,p:-1,c:-1) BufferQueue core=(1064:/system/bin/surfaceflinger)
09-16 17:02:32.330  2628  2725 D MiuiFreeformModeCornerTipHandler: task#153 onTaskVanished
09-16 17:02:32.331  2628  2725 I MiuiBubbleController: removeBubble: 153 reason=2
09-16 17:02:32.331  2628  2725 I MultiTaskingTaskRepository: onTaskInfoChanged multi list = [5, 4], full = [153]
09-16 17:02:32.331  1808  2133 D WindowManager: wms.Input focus has changed to Window{ddf670e u0 com.android.vending/com.google.android.finsky.billing.acquire.LockToPortraitUiBuilderHostActivity} display=0 updateInputWindows = true
09-16 17:02:32.331  1808  2133 I MultiSenceManagerInternalStub: getInstance
09-16 17:02:32.332  1808  2133 I WindowManager: Relayout Window{ddf670e u0 com.android.vending/com.google.android.finsky.billing.acquire.LockToPortraitUiBuilderHostActivity}: oldVis=4 newVis=0 focusMayChange = true requestedWidth = 1220 requestedHeight = 2712 outFrames = ClientWindowFrames{frame=[0,0][1220,2712] display=[0,0][1220,2712] parentFrame=[0,0][0,0]} outSurfaceControl = Surface(name=com.android.vending/com.google.android.finsky.billing.acquire.LockToPortraitUiBuilderHostActivity#8504)/@0x259f041
09-16 17:02:32.332  6607  6607 D BufferQueueConsumer: [](id:19cf00000001,api:0,p:-1,c:6607) connect: controlledByApp=false
09-16 17:02:32.333  6607  6607 D BLASTBufferQueue: [VRI[LockToPortraitUiBuilderHostActivity]#1](f:0,a:0) constructor()
09-16 17:02:32.333  6607  6607 D BLASTBufferQueue: [VRI[LockToPortraitUiBuilderHostActivity]#1](f:0,a:0) update width=1220 height=2712 format=-2 mTransformHint=0
09-16 17:02:32.334  6607  6607 D VRI[LockToPortraitUiBuilderHostActivity]: vri.reportNextDraw android.view.ViewRootImpl.performTraversals:4984 android.view.ViewRootImpl.doTraversal:3564 android.view.ViewRootImpl$TraversalRunnable.run:11781 android.view.Choreographer$CallbackRecord.run:1809 android.view.Choreographer$CallbackRecord.run:1818 
09-16 17:02:32.334  6607  6607 D VRI[LockToPortraitUiBuilderHostActivity]: Setup new sync=wmsSync-VRI[LockToPortraitUiBuilderHostActivity]#2
09-16 17:02:32.335  1808  1888 I ActivityTaskManager: visible for Task{c8b13a0 #153 type=standard A=10307:br.com.melhorafotoai.twa} visible = true isAnimating = false TRANSITION = false PARENTS = false CHILDREN = false
09-16 17:02:32.335  1808  1888 D SurfaceComposerClient: Transaction::apply InputWindowCommands.focusRequests timestamp=19075600121290, windowName=ddf670e com.android.vending/com.google.android.finsky.billing.acquire.LockToPortraitUiBuilderHostActivity
09-16 17:02:32.335  6607  5510 D HWUI    : makeCurrent grContext:0xb400006f8a45a690 reset mTextureAvailable
09-16 17:02:32.337  6607  5510 D BLASTBufferQueue: [VRI[LockToPortraitUiBuilderHostActivity]#1](f:0,a:1) acquireNextBufferLocked size=1220x2712 mFrameNumber=1 applyTransaction=true mTimestamp=19075604706213(auto) mPendingTransactions.size=0 graphicBufferId=28376848924676 transform=0
09-16 17:02:32.338  6607  6607 D VRI[LockToPortraitUiBuilderHostActivity]: vri.reportDrawFinished
09-16 17:02:32.338  1808  2133 D WindowManager: wms.finishDrawingLocked: mDrawState=COMMIT_DRAW_PENDING Window{ddf670e u0 com.android.vending/com.google.android.finsky.billing.acquire.LockToPortraitUiBuilderHostActivity} in Surface(name=com.android.vending/com.google.android.finsky.billing.acquire.LockToPortraitUiBuilderHostActivity#8504)/@0xab0154b
09-16 17:02:32.339  6607  6607 I Finsky  : [2] Unable to report via RADS flow because the ScionPayloadData is null.
09-16 17:02:32.339  1808  1888 D MiuiRefreshRatePolicy: reset
09-16 17:02:32.340  6607  6607 I Finsky  : [2] id: c
09-16 17:02:32.340  1808  1888 I WindowManager: wms.showSurfaceRobustly mWin:Window{30a7974 u0 br.com.melhorafotoai.twa/com.android.billingclient.api.ProxyBillingActivity}
09-16 17:02:32.340  1808  1888 I SmartPower: com.android.vending/10154(6607): invisible->visible(97ms) R(become visible) adj=0.
09-16 17:02:32.340  1808  1888 I WindowManager: wms.showSurfaceRobustly mWin:Window{ddf670e u0 com.android.vending/com.google.android.finsky.billing.acquire.LockToPortraitUiBuilderHostActivity}
09-16 17:02:32.340  1808  1888 D WindowManager: Final targets: [ActivityRecord{1b856b u0 com.android.vending/com.google.android.finsky.billing.acquire.LockToPortraitUiBuilderHostActivity t153}, ActivityRecord{96d6229 u0 br.com.melhorafotoai.twa/com.android.billingclient.api.ProxyBillingActivity t153}]
09-16 17:02:32.340  1064  1064 D SurfaceFlinger: Focus addInputWindowCommands timestamp=19075600121290, windowName=ddf670e com.android.vending/com.google.android.finsky.billing.acquire.LockToPortraitUiBuilderHostActivity
09-16 17:02:32.340  2628  2628 D SurfaceUtils: setStatusBarUpdateState: state: 0
09-16 17:02:32.340  1064  1731 I BufferQueueDebug: [Transition Root #637: ActivityRecord{1b856b u0 com.android.vending/com.google.android.finsky.billing.acquire.LockToPortraitUiBuilderHostActivity t153}#8507](this:0xb400007b64377f70,id:-1,api:0,p:-1,c:-1) BufferQueue core=(1064:/system/bin/surfaceflinger)
09-16 17:02:32.341  1064  1064 I SurfaceFlinger: onHandleDestroyed: name=Surface(name=cb15e4f StatusBar#100)/@0x3cf906b - animation-leash of insets_animation#8495, layerId=8495, parentId=0
09-16 17:02:32.341  1064  1064 I SurfaceFlinger: onHandleDestroyed: name=Surface(name=6e3f4c8 NavigationBar0#96)/@0xf2bcc86 - animation-leash of insets_animation#8494, layerId=8494, parentId=0
09-16 17:02:32.342  1064  1716 D SurfaceFlinger: updateWinowInfo=1, setFocusedWindow timestamp=19075600121290, windowName=ddf670e com.android.vending/com.google.android.finsky.billing.acquire.LockToPortraitUiBuilderHostActivity
09-16 17:02:32.344  1808  1888 D MiuiRefreshRatePolicy: reset
09-16 17:02:32.345  1808  1864 I ActivityTaskManager: Displayed com.android.vending/com.google.android.finsky.billing.acquire.LockToPortraitUiBuilderHostActivity for user 0: +121ms
09-16 17:02:32.345  2628  2725 I ShellTransitions: Is abandon offsetY: false
09-16 17:02:32.345  2628  2725 I ShellTransitions: Is abandon offsetY: false
09-16 17:02:32.345  2628  2725 E KeyguardTransitionHandlerImpl: activityCount = 2
09-16 17:02:32.345  2628  2725 E KeyguardTransitionHandlerImpl: activityCount = 2
09-16 17:02:32.346  2628  2725 D MiuiFreeformModeAnimation: startAnimation change: {null m=OPEN f=TRANSLUCENT|FILLS_TASK leash=Surface(name=ActivityRecord{1b856b u0 com.android.vending/com.google.android.finsky.billing.acquire.LockToPortraitUiBuilderHostActivity t153}#8500)/@0x9c700f7 sb=Rect(0, 0 - 0, 0) eb=Rect(0, 0 - 1220, 2712) d=-1->0 r=-1->0:-1 windowMode=0->1 bc=fffafafa component=com.android.vending/com.google.android.finsky.billing.acquire.LockToPortraitUiBuilderHostActivity} info.getType(): 1
09-16 17:02:32.346  1064  1861 I BufferQueueDebug: [957aaf3 ActivityRecordInputSink br.com.melhorafotoai.twa/com.android.billingclient.api.ProxyBillingActivity#8508](this:0xb400007b6436a130,id:-1,api:0,p:-1,c:-1) BufferQueue core=(1064:/system/bin/surfaceflinger)
09-16 17:02:32.346  2628  2725 D MiuiFreeformModeAnimation: startAnimation change: {null m=OPEN f=TRANSLUCENT|FILLS_TASK leash=Surface(name=ActivityRecord{96d6229 u0 br.com.melhorafotoai.twa/com.android.billingclient.api.ProxyBillingActivity t153}#8499)/@0x210db64 sb=Rect(0, 0 - 0, 0) eb=Rect(0, 0 - 1220, 2712) d=-1->0 r=-1->0:-1 windowMode=0->1 bc=fffafafa component=br.com.melhorafotoai.twa/com.android.billingclient.api.ProxyBillingActivity} info.getType(): 1
09-16 17:02:32.346  2628  2725 D SoScStageCoordinator: inCloseTransition:false pairsStartedWithCloseTransition:false isRequestCloseTriggerTask:false inSingleSoScState:false inSoScUnactivie:true closeStage:null
09-16 17:02:32.346  1064  1731 I BufferQueueDebug: [f1f82ba ActivityRecordInputSink com.android.vending/com.google.android.finsky.billing.acquire.LockToPortraitUiBuilderHostActivity#8509](this:0xb400007b64335fc0,id:-1,api:0,p:-1,c:-1) BufferQueue core=(1064:/system/bin/surfaceflinger)
09-16 17:02:32.347  1064  1861 I BufferQueueDebug: [Dim Layer for - Task=153#8510](this:0xb400007b6433cee0,id:-1,api:0,p:-1,c:-1) BufferQueue core=(1064:/system/bin/surfaceflinger)
09-16 17:02:32.348  2628  2746 D ShellTransitions: speed ui!!!!!!!!!!!
09-16 17:02:32.348  1808  1888 I ActivityTaskManager: visible for Task{c8b13a0 #153 type=standard A=10307:br.com.melhorafotoai.twa} visible = true isAnimating = false TRANSITION = false PARENTS = false CHILDREN = false
09-16 17:02:32.348  2628  2725 D SoScUtils: monitorTransitionFinished transition:android.os.BinderProxy@33fbbb8 transaction: android.view.SurfaceControl$Transaction@de0b593 mRequestCloseTransition:null mRequestOpenTransition:null mRequestOpenTransitionWithSameTask size:0 mPairsOpenTransition:null mPairsOpenTransitionNull:null mRequestOpenTriggerTask:-1 mRequestCloseTriggerTask:-1 mOrientationTransition: null mMainStartingTask:-1 mSideStartingTask:-1
09-16 17:02:32.349  1064  1064 I BufferQueueDebug: [Surface(name=6e3f4c8 NavigationBar0#96)/@0xf2bcc86 - animation-leash of insets_animation#8494](this:0xb400007b64308d70,id:-1,api:0,p:-1,c:1064) onDestructor()
09-16 17:02:32.349  1064  1064 I BufferQueueDebug: [Surface(name=cb15e4f StatusBar#100)/@0x3cf906b - animation-leash of insets_animation#8495](this:0xb400007b6436d8c0,id:-1,api:0,p:-1,c:1064) onDestructor()
09-16 17:02:32.350  6607  6119 W FA      : Error with data collection. Data lost.
09-16 17:02:32.350  6607  6119 W FA      : java.lang.IllegalStateException: Attempting to perform action before initialize.
09-16 17:02:32.350  6607  6119 W FA      : 	at com.google.android.gms.measurement.internal.AppMeasurementDynamiteService.b(:com.google.android.gms.dynamite_measurementdynamite@253534035@25.35.34 (260400-0):10)
09-16 17:02:32.350  6607  6119 W FA      : 	at com.google.android.gms.measurement.internal.AppMeasurementDynamiteService.logEventAndBundle(:com.google.android.gms.dynamite_measurementdynamite@253534035@25.35.34 (260400-0):1)
09-16 17:02:32.350  6607  6119 W FA      : 	at m7.iz.w(:com.google.android.gms.dynamite_measurementdynamite@253534035@25.35.34 (260400-0):296)
09-16 17:02:32.350  6607  6119 W FA      : 	at m7.bv.onTransact(:com.google.android.gms.dynamite_measurementdynamite@253534035@25.35.34 (260400-0):21)
09-16 17:02:32.350  6607  6119 W FA      : 	at android.os.Binder.transact(Binder.java:1352)
09-16 17:02:32.350  6607  6119 W FA      : 	at mnl.transactAndReadExceptionReturnVoid(PG:8)
09-16 17:02:32.350  6607  6119 W FA      : 	at axzq.a(PG:38)
09-16 17:02:32.350  6607  6119 W FA      : 	at axzr.run(PG:11)
09-16 17:02:32.350  6607  6119 W FA      : 	at java.util.concurrent.ThreadPoolExecutor.runWorker(ThreadPoolExecutor.java:1156)
09-16 17:02:32.350  6607  6119 W FA      : 	at java.util.concurrent.ThreadPoolExecutor$Worker.run(ThreadPoolExecutor.java:651)
09-16 17:02:32.350  6607  6119 W FA      : 	at java.lang.Thread.run(Thread.java:1119)
09-16 17:02:32.350  6607  6119 W FA      : Error with data collection. Data lost.
09-16 17:02:32.350  6607  6119 W FA      : java.lang.IllegalStateException: Attempting to perform action before initialize.
09-16 17:02:32.350  6607  6119 W FA      : 	at com.google.android.gms.measurement.internal.AppMeasurementDynamiteService.b(:com.google.android.gms.dynamite_measurementdynamite@253534035@25.35.34 (260400-0):10)
09-16 17:02:32.350  6607  6119 W FA      : 	at com.google.android.gms.measurement.internal.AppMeasurementDynamiteService.logHealthData(:com.google.android.gms.dynamite_measurementdynamite@253534035@25.35.34 (260400-0):1)
09-16 17:02:32.350  6607  6119 W FA      : 	at m7.iz.w(:com.google.android.gms.dynamite_measurementdynamite@253534035@25.35.34 (260400-0):124)
09-16 17:02:32.350  6607  6119 W FA      : 	at m7.bv.onTransact(:com.google.android.gms.dynamite_measurementdynamite@253534035@25.35.34 (260400-0):21)
09-16 17:02:32.350  6607  6119 W FA      : 	at android.os.Binder.transact(Binder.java:1352)
09-16 17:02:32.350  6607  6119 W FA      : 	at mnl.transactAndReadExceptionReturnVoid(PG:8)
09-16 17:02:32.350  6607  6119 W FA      : 	at axzn.a(PG:50)
09-16 17:02:32.350  6607  6119 W FA      : 	at axzr.run(PG:11)
09-16 17:02:32.350  6607  6119 W FA      : 	at java.util.concurrent.ThreadPoolExecutor.runWorker(ThreadPoolExecutor.java:1156)
09-16 17:02:32.350  6607  6119 W FA      : 	at java.util.concurrent.ThreadPoolExecutor$Worker.run(ThreadPoolExecutor.java:651)
09-16 17:02:32.350  6607  6119 W FA      : 	at java.lang.Thread.run(Thread.java:1119)
09-16 17:02:32.351  1808  2355 D BarFollowAnimation:  disableStatusBarAnimation  mFakeStatusBar = com.android.server.wm.MiuiStatusBarController$BarSurfaceControl@c723853 mStatusState = -1 taskCount = 0 isRecentTransition = false !isKeyguardGoingAway = true
09-16 17:02:32.351  1064  1861 W VsyncModulator: setTransactionSchedule: Unexpected EarlyEnd
09-16 17:02:32.351  2628  2725 I RemoteTransitionHandlerStubImpl: invokeAndRemoveWctCB transition is null, curWctCB: null
09-16 17:02:32.354  1808  1864 D WindowManager: Finish Transition (#637): created at 09-16 17:02:32.222 collect-started=0.067ms request-sent=6.415ms started=7.869ms ready=40.214ms sent=119.206ms finished=127.509ms
09-16 17:02:32.357  1808  1888 I ActivityTaskManager: visible for Task{c8b13a0 #153 type=standard A=10307:br.com.melhorafotoai.twa} visible = true isAnimating = false TRANSITION = false PARENTS = false CHILDREN = false
09-16 17:02:32.357  1064  1064 I SurfaceFlinger: onHandleDestroyed: name=Transition Root #637: ActivityRecord{1b856b u0 com.android.vending/com.google.android.finsky.billing.acquire.LockToPortraitUiBuilderHostActivity t153}#8507, layerId=8507, parentId=0
09-16 17:02:32.362  1808  2941 W UserManagerService: Requested status bar icon for non-badged user 0
09-16 17:02:32.362  1808  2941 W UserManagerService: Requested status bar icon for non-badged user 0
09-16 17:02:32.363  1808  2941 W UserManagerService: Requested status bar icon for non-badged user 0
09-16 17:02:32.363  2387  2942 D RecentsModel: onTaskStackChangedBackground    MSG_TASK_STACK_CHANGE
09-16 17:02:32.363  2387  2942 D RecentsModel: boostTaskStackChangedThread once, tid=2942, recentResourceLoaderTid=2776
09-16 17:02:32.363  2387  2942 W MiBridge: Permission not granted !!
09-16 17:02:32.363  2387  2942 D Launcher.Boost: setDynamicVIPTaskIfNeeded::tid = 2942 duration = 500
09-16 17:02:32.364  5936 15369 I MultiScreenObserver: onTaskStackChanged, splitScreenMode: false isSmallScreen: false
09-16 17:02:32.364  2387 13113 D EventBus: No subscribers registered for event class com.miui.home.recents.messages.RecentTasksChangedEvent
09-16 17:02:32.364  2387 13113 D EventBus: No subscribers registered for event class org.greenrobot.eventbus.NoSubscriberEvent
09-16 17:02:32.365  1808  2941 I ATMSImpl: cacheTasksForDefaultDisplay size=2
09-16 17:02:32.365  5737  5762 I SCTaskStackListener: onTaskStackChanged! inSplit = false
09-16 17:02:32.365  1064  1064 I BufferQueueDebug: [Transition Root #637: ActivityRecord{1b856b u0 com.android.vending/com.google.android.finsky.billing.acquire.LockToPortraitUiBuilderHostActivity t153}#8507](this:0xb400007b64377f70,id:-1,api:0,p:-1,c:1064) onDestructor()
09-16 17:02:32.366  2387  2942 D RecentsModel: getRunningTask ignoreActivityType : 2 ,ignoreWindowMode:5
09-16 17:02:32.367  5737  6510 I SCTaskStackListener: onTaskStackChanged! inSplit = false
09-16 17:02:32.367  2387  2942 W RecentsModel: getRunningTask   taskInfo=TaskInfo{userId=0 taskId=153 displayId=0 isRunning=true baseIntent=Intent { act=android.intent.action.MAIN cat=[android.intent.category.LAUNCHER] flg=0x10200000 cmp=br.com.melhorafotoai.twa/.LauncherActivity } baseActivity=ComponentInfo{br.com.melhorafotoai.twa/br.com.melhorafotoai.twa.LauncherActivity} topActivity=ComponentInfo{com.android.vending/com.google.android.finsky.billing.acquire.LockToPortraitUiBuilderHostActivity} origActivity=null realActivity=ComponentInfo{br.com.melhorafotoai.twa/br.com.melhorafotoai.twa.LauncherActivity} numActivities=5 lastActiveTime=23689046 supportsSplitScreenMultiWindow=true supportsMultiWindow=true resizeMode=1 isResizeable=true minWidth=-1 minHeight=-1 defaultMinSize=200 token=WCT{android.window.IWindowContainerToken$Stub$Proxy@9478159} topActivityType=1 pictureInPictureParams=null shouldDockBigOverlays=false launchIntoPipHostTaskId=-1 lastParentTaskIdBeforePip=-1 displayCutoutSafeInsets=null topActivityInfo=ActivityInfo{b1611e com.google.android.finsky.billing.acquire.LockToPortraitUiBuilderHostActivity} launchCookies=[] positionInParent=Point(0, 0) parentTaskId=-1 isFocused=true isVisible=true isVisibleRequested=true isSleeping=false locusId=null displayAreaFeatureId=1 isTopActivityTransparent=true appCompatTaskInfo=AppCompatTaskInfo { topActivityInSizeCompat=false topActivityEligibleForLetterboxEducation= falseisLetterboxEducationEnabled= false isLetterboxDoubleTapEnabled= false topActivityEligibleForUserAspectRatioButton= false topActivityBoundsLetterboxed= false isFromLetterboxDoubleTap= false topActivityLetterboxVerticalPosition= -1 topActivityLetterboxHorizontalPosition= -1 topActivityLetterboxWidth=1220 topActivityLetterboxHeight=2712 isUserFullscreenOverrideEnabled=false isSystemFullscreenOverrideEnabled=false cameraCompatTaskInfo=CameraCompatTaskInfo { cameraCompatControlState=hidden freeformCameraCompatMode=inactive}} isImmersive=false mTopActivityRequestOrientation=1 mBehindAppLockPkg=null mOriginatingUid=0 isEmbedded=false shouldBeVisible=true mIsCastMode=false mTopActivityMediaSize=null mTopActivityRecordName=ActivityRecord{1b856b u0 com.android.vending/com.google.android.finsky.billing.acquire.LockToPortraitUiBuilderHostActivity t153} mTopActivityOrientation=1}
09-16 17:02:32.367  2387  2942 D RecentsModel: preloadRecents runningTaskId:153, mCurrentRunningTaskId:-1, mRecentsTaskLoadPlan=com.android.systemui.shared.recents.model.RecentsTaskLoadPlan@251adff
09-16 17:02:32.367  1808  5285 E NativeTurboSchedManagerJni: open /dev/metis failed!
09-16 17:02:32.369  2387  2942 E ActivityManagerWrapper: get all recent tasks force including 153
09-16 17:02:32.369  1808  4994 I ATMSImpl: cacheTasksForDefaultDisplay size=2
09-16 17:02:32.369  1583  2182 I libsensor-displayalgo: the value of channelCali C:931.050237,R:604.019410,G:337.739313,B:141.449598,scales C:1.053362,R:0.940208,G:1.080438,B:1.016771
09-16 17:02:32.369  1583  2182 D libsensor-displayalgo: brightness:8191.000000,flat_mode:0.000000,R1:1284.317455,G1:1354.860690,B1:1317.328994,R2:1060.918194,G2:1115.660514,B2:1095.912564,R3:3865.453288,G3:4071.861242,B3:3985.823313,R4:2218.437704,G4:2331.672606,B4:2292.921895,EVENT C:4978.000000,R:2774.000000,G:2413.000000,B:1294.000000, lux: 207.762711
09-16 17:02:32.372  7554  7623 I HeavyPackageIdentify: splitMode: false, splitPackages: null, foregroundPkg: br.com.melhorafotoai.twa
09-16 17:02:32.372  1808  4994 I ATMSImpl: cacheTasksForDefaultDisplay size=2
09-16 17:02:32.379  2628  2628 D PromptViewAnimState: backToHome: false needUpdate: false oldEquals: false newEquals: false focusedChanged: false
09-16 17:02:32.379  2628  2628 D KeyguardEditorHelper: onTopActivityMayChanged, topActivity=ComponentInfo{com.android.vending/com.google.android.finsky.billing.acquire.LockToPortraitUiBuilderHostActivity}; mState=IDEL
09-16 17:02:32.380  1808  4994 I AS.AudioService: getMode, get current owner's mode
09-16 17:02:32.380  1808  4994 I AS.AudioService: getMode, currentModeHandler is null
09-16 17:02:32.380  1808  4994 I AS.AudioService: getMode, get current owner's mode
09-16 17:02:32.380  1808  4994 I AS.AudioService: getMode, currentModeHandler is null
09-16 17:02:32.382  6607  6652 D PaySecureElementClient: Felica app not found; returning isSecureElementAvailable = false!
09-16 17:02:32.386  1808  1866 D AudioSystem: +setParameters(): gamebooster=false 
09-16 17:02:32.386  1808  1866 D AudioSystem: start get log level!
09-16 17:02:32.386  2387  2942 E ActivityManagerWrapper: getRecentTasksForceIncludingTaskIdIfValid: getRecentTasks: size=1
09-16 17:02:32.386  2387  2942 E ActivityManagerWrapper:  mainTaskId=153   userId=0   windowMode=1   baseIntent=Intent { act=android.intent.action.MAIN flag=270532608 cmp=ComponentInfo{br.com.melhorafotoai.twa/br.com.melhorafotoai.twa.LauncherActivity} }
09-16 17:02:32.387   960  4680 W libc    : Access denied finding property "AUDIO_FEATURE_REVERSE_MIC_DIRECTION_SUPPORT"
09-16 17:02:32.387   960  4680 D AudioALSAHardware: +setParameters(): gamebooster=false
09-16 17:02:32.387   960  4680 D AudioALSAHardware: -setParameters(): gamebooster=false
09-16 17:02:32.388   960  1031 D r_submix: adev_set_parameters() kvpairs='gamebooster=false'
09-16 17:02:32.389  2387  2942 W IconCustomizer: Density abnormal: context density=497 systemDensity=480
09-16 17:02:32.389  2387  2942 W IconCustomizer: Density abnormal: context density=497 systemDensity=480
09-16 17:02:32.396  2387  2942 D TaskSnapshotCompatVV: getIsInvalidateFromTaskSnapshot, return, mTaskSnapshot=null, mTaskSnapshotClazz=null
09-16 17:02:32.396  2387  2942 D RecentsModel: onTaskStackChangedBackground    MSG_TASK_STACK_CHANGE
09-16 17:02:32.396  2387  2942 D RecentsModel: boostTaskStackChangedThread, don't boost
09-16 17:02:32.397  1808  4994 I ATMSImpl: cacheTasksForDefaultDisplay size=2
09-16 17:02:32.399  2387  2942 D RecentsModel: getRunningTask ignoreActivityType : 2 ,ignoreWindowMode:5
09-16 17:02:32.399  2387  2942 W RecentsModel: getRunningTask   taskInfo=TaskInfo{userId=0 taskId=153 displayId=0 isRunning=true baseIntent=Intent { act=android.intent.action.MAIN cat=[android.intent.category.LAUNCHER] flg=0x10200000 cmp=br.com.melhorafotoai.twa/.LauncherActivity } baseActivity=ComponentInfo{br.com.melhorafotoai.twa/br.com.melhorafotoai.twa.LauncherActivity} topActivity=ComponentInfo{com.android.vending/com.google.android.finsky.billing.acquire.LockToPortraitUiBuilderHostActivity} origActivity=null realActivity=ComponentInfo{br.com.melhorafotoai.twa/br.com.melhorafotoai.twa.LauncherActivity} numActivities=5 lastActiveTime=23689079 supportsSplitScreenMultiWindow=true supportsMultiWindow=true resizeMode=1 isResizeable=true minWidth=-1 minHeight=-1 defaultMinSize=200 token=WCT{android.window.IWindowContainerToken$Stub$Proxy@66fc4b8} topActivityType=1 pictureInPictureParams=null shouldDockBigOverlays=false launchIntoPipHostTaskId=-1 lastParentTaskIdBeforePip=-1 displayCutoutSafeInsets=null topActivityInfo=ActivityInfo{9d70291 com.google.android.finsky.billing.acquire.LockToPortraitUiBuilderHostActivity} launchCookies=[] positionInParent=Point(0, 0) parentTaskId=-1 isFocused=true isVisible=true isVisibleRequested=true isSleeping=false locusId=null displayAreaFeatureId=1 isTopActivityTransparent=true appCompatTaskInfo=AppCompatTaskInfo { topActivityInSizeCompat=false topActivityEligibleForLetterboxEducation= falseisLetterboxEducationEnabled= false isLetterboxDoubleTapEnabled= false topActivityEligibleForUserAspectRatioButton= false topActivityBoundsLetterboxed= false isFromLetterboxDoubleTap= false topActivityLetterboxVerticalPosition= -1 topActivityLetterboxHorizontalPosition= -1 topActivityLetterboxWidth=1220 topActivityLetterboxHeight=2712 isUserFullscreenOverrideEnabled=false isSystemFullscreenOverrideEnabled=false cameraCompatTaskInfo=CameraCompatTaskInfo { cameraCompatControlState=hidden freeformCameraCompatMode=inactive}} isImmersive=false mTopActivityRequestOrientation=1 mBehindAppLockPkg=null mOriginatingUid=0 isEmbedded=false shouldBeVisible=true mIsCastMode=false mTopActivityMediaSize=null mTopActivityRecordName=ActivityRecord{1b856b u0 com.android.vending/com.google.android.finsky.billing.acquire.LockToPortraitUiBuilderHostActivity t153} mTopActivityOrientation=1}
09-16 17:02:32.399  2387  2942 D RecentsModel: preloadRecents runningTaskId:153, mCurrentRunningTaskId:-1, mRecentsTaskLoadPlan=com.android.systemui.shared.recents.model.RecentsTaskLoadPlan@7a75f6
09-16 17:02:32.400  2387  2942 E ActivityManagerWrapper: get all recent tasks force including 153
09-16 17:02:32.400   969   969 I hwcomposer: [HWCDisplay] [Display_0 (type:1, mode:2)] fps:41.865437,dur:1003.21,max:322.82,min:3.80  
09-16 17:02:32.403  2387  2942 E ActivityManagerWrapper: getRecentTasksForceIncludingTaskIdIfValid: getRecentTasks: size=1
09-16 17:02:32.403  2387  2942 E ActivityManagerWrapper:  mainTaskId=153   userId=0   windowMode=1   baseIntent=Intent { act=android.intent.action.MAIN flag=270532608 cmp=ComponentInfo{br.com.melhorafotoai.twa/br.com.melhorafotoai.twa.LauncherActivity} }
09-16 17:02:32.405  2387  2942 D TaskSnapshotCompatVV: getIsInvalidateFromTaskSnapshot, return, mTaskSnapshot=null, mTaskSnapshotClazz=null
09-16 17:02:32.426  6607  6607 I Finsky  : [2] Scion Payload refresh for Scion gets completed.
09-16 17:02:32.427  6607  6607 I HandWritingStubImpl: refreshLastKeyboardType: 1
09-16 17:02:32.427  6607  6607 I HandWritingStubImpl: getCurrentKeyboardType: 1
09-16 17:02:32.429  1808  1910 I ExtM    : the number of flushable pages is relatively few
09-16 17:02:32.429  1808  2170 I ImeTracker: com.android.vending:8f16735e: onRequestHide at ORIGIN_SERVER reason HIDE_UNSPECIFIED_WINDOW fromUser false
09-16 17:02:32.430  5936 13114 D MirrorManager:  sendAcceptInput 0 0
09-16 17:02:32.430  1808  2170 I ImeTracker: com.android.vending:8f16735e: onCancelled at PHASE_SERVER_SHOULD_HIDE
09-16 17:02:32.432  4088  4088 I GoogleInputMethodService: GoogleInputMethodService.onFinishInput():2057 
09-16 17:02:32.433  1064  1861 I BufferQueueDebug: [Surface(name=dc94aba InputMethod#129)/@0x7e8063f - animation-leash of insets_animation#8511](this:0xb400007b64377f70,id:-1,api:0,p:-1,c:-1) BufferQueue core=(1064:/system/bin/surfaceflinger)
09-16 17:02:32.433  4088  4088 I Module  : DeviceLockedStatusModuleProvider$Module.updateDeviceLockedStatus():100 repeatCheckTimes = 0, locked = false
09-16 17:02:32.433  4088  4088 I GoogleInputMethodService: GoogleInputMethodService.onStartInput():1318 onStartInput(EditorInfo{EditorInfo{packageName=com.android.vending, inputType=0, inputTypeString=NULL, enableLearning=false, autoCorrection=false, autoComplete=false, imeOptions=0, privateImeOptions=null, actionName=UNSPECIFIED, actionLabel=null, initialSelStart=-1, initialSelEnd=-1, initialCapsMode=0, label=null, fieldId=0, fieldName=null, extras=Bundle[mParcelledData.dataSize=72], hintText=null, hintLocales=[]}}, false)
09-16 17:02:32.434  1001  1016 I mtkpower@impl: [setMode] type:5, enabled:0
09-16 17:02:32.434  1001  1098 I libPowerHal: [perfLockRel] hdl:12122, idx:1
09-16 17:02:32.434  1001  1098 I libPowerHal: [unsetGPUFreq] current min:62, max:0; scn_gpu_min:62, scn_gpu_max:-1; scn_gpu_min(HL):-1, scn_gpu_max(HL):-1
09-16 17:02:32.435  1001  1098 I libPowerHal: [setGPUFreq] Soft min/max = (62, 0); Hard min/max = (64, 0)
09-16 17:02:32.435  1001  1098 I libPowerHal: [setGPUFreq] final min/max = (62, 0)
09-16 17:02:32.435  1001  1098 I libPowerHal: LAUNCH: set gpu opp level: 62
09-16 17:02:32.435  1808  4994 W PackageConfigPersister: App-specific configuration not found for packageName: com.android.vending and userId: 0
09-16 17:02:32.435  1001  1098 I libPowerHal: LAUNCH: set gpu opp level max: 0
09-16 17:02:32.435  1001  1098 I libPowerHal: [PD] LAUNCH update cmd:300c000 param:0
09-16 17:02:32.435  1808  5285 I PowerHalWrapper: amsBoostStop AMS_BOOST_PACK_SWITCH:false, AMS_BOOST_ACT_SWITCH:false, AMS_BOOST_PROCESS_CREATE:false, AMS_BOOST_PROCESS_CREATE_FOR_GAME:false, AMS_BOOST_HOT_LAUNCH:false 
09-16 17:02:32.436  4088  4088 I Module  : DeviceLockedStatusModuleProvider$Module.updateDeviceLockedStatus():100 repeatCheckTimes = 1, locked = false
09-16 17:02:32.436  1808  1888 D MiuiRefreshRatePolicy: reset
09-16 17:02:32.440  1808  1888 I ActivityTaskManager: visible for Task{c8b13a0 #153 type=standard A=10307:br.com.melhorafotoai.twa} visible = true isAnimating = false TRANSITION = false PARENTS = false CHILDREN = false
09-16 17:02:32.449  1064  1064 I SurfaceFlinger: onHandleDestroyed: name=Surface(name=dc94aba InputMethod#129)/@0x7e8063f - animation-leash of insets_animation#8498, layerId=8498, parentId=0
09-16 17:02:32.451  1808  1914 D SsruManagerImpl: MiSsru Sensor not init!!!!
09-16 17:02:32.451   979   979 I mtkSubHal: mtkSubHal batch handle(10)...
09-16 17:02:32.451   979   979 I OriginChannel: batch: [10,20000000,0]
09-16 17:02:32.451  1808  5285 I SensorService: 	>>> actuating h/w activate handle=0xa enabled=1
09-16 17:02:32.451   979   979 I mtkSubHal: mtkSubHal activate handle(10) enable(1).
09-16 17:02:32.451   979   979 I OriginChannel: activate: [10,1]
09-16 17:02:32.455  2628  2628 D Utilities:  oldHints : 0 backDisposition : 0 imeShown : false hints 0
09-16 17:02:32.457  1064  1064 I BufferQueueDebug: [Surface(name=dc94aba InputMethod#129)/@0x7e8063f - animation-leash of insets_animation#8498](this:0xb400007b6438ccd0,id:-1,api:0,p:-1,c:1064) onDestructor()
09-16 17:02:32.459   969  1656 I android.hardware.graphics.composer@3.2-service: Sensor: notify citsensorservice to trigger cwb
09-16 17:02:32.459  1808  1914 D SsruManagerImpl: MiSsru Sensor not init!!!!
09-16 17:02:32.459   979   979 I mtkSubHal: mtkSubHal batch handle(11)...
09-16 17:02:32.459  1583  2176 I libsensor-frameBufferManager: request dump start
09-16 17:02:32.459   979   979 I OriginChannel: batch: [11,20000000,0]
09-16 17:02:32.459  1583  2176 D libcomposer_ext: ClientImplAidl::getDispDump(), dpy 1, dst (160, 120), dump_point 1, release_fence -1
09-16 17:02:32.459  1808  5285 I SensorService: 	>>> actuating h/w activate handle=0xb enabled=1
09-16 17:02:32.459   979   979 I mtkSubHal: mtkSubHal activate handle(11) enable(1).
09-16 17:02:32.459   979   979 I OriginChannel: activate: [11,1]
09-16 17:02:32.460   969   969 D libcomposer_ext: DeviceImplAidl::syncPerform(14), client_handle: 1
09-16 17:02:32.460   969   969 D libcomposer_ext: DeviceImplAidl::DeviceClientContextAidl::ParseGetDispDump()
09-16 17:02:32.460   969   969 D libcomposer_ext: DeviceImplAidl::ParseGetDispDump(), dpy 1, dst (160, 120), dump_point 1
09-16 17:02:32.460   969   969 I hwcomposer: [HWC] getDispDump(), dpy 1, (822,7,982,127), (160, 120), (1, 2), (-1), (-1), (0xb400006f50ca62d0)  
09-16 17:02:32.460   969   969 I hwcomposer: [DRMDEV] isSupportWbParams(), id_crtc 103, id_connector 34, dump_point 1, src(160, 120), dst(160, 120), config 2  
09-16 17:02:32.460   969   969 E hwcomposer: [DRMDEV] isSupportWbParams(), disp(1220, 2712)  
09-16 17:02:32.460   969   969 I hwcomposer: [DISP_DUMP] setDumpBuf(), dpy(0), src(822, 7, 982, 127), dst(160, 120), (1, 2), -1, (-1), (0xb400006f50ca62d0)  
09-16 17:02:32.460   969   969 I hwcomposer: [HWC] (0)fire a callback of refresh to SF[9]  
09-16 17:02:32.464  1064  1861 D SurfaceFlinger: [SF client] REMOVE (0xb4000079f40fe870) for (6607:com.android.vending)
09-16 17:02:32.465   572   572 I [MITEE] : mitee_keymaster_call 231 16
09-16 17:02:32.465   572   572 E [MITEE] : Request: 8 Max size: 131072
09-16 17:02:32.467   969   969 D libcomposer_ext: DeviceImplAidl::DeviceClientContextAidl::NotifyDispDumpReady()
09-16 17:02:32.467  1583  1583 D libcomposer_ext: ClientCallbackAidl::asyncPerform(15)
09-16 17:02:32.467  1583  1583 D libcomposer_ext: ClientImplAidl::ParseNotifyDispDumpReady()
09-16 17:02:32.472  2628  2628 D SurfaceUtils: setStatusBarUpdateState: state: 1
09-16 17:02:32.477  7554  7623 I HeavyPackageIdentify: splitMode: false, splitPackages: null, foregroundPkg: com.android.vending
09-16 17:02:32.483   979  1143 E HfLooper: sensor imu_hand_detect in hal data=1000,999,0,0,10043,27
09-16 17:02:32.487  1583  2177 D libsensor-parseRGB: the value of RGB [6.368494 6.493357 6.478714]
09-16 17:02:32.502  8013  8034 W libc    : Access denied finding property "persist.adb.tls_server.enable"
09-16 17:02:32.504  1808  5285 D FileUtils: Rounded bytes from 11892555776 to 16000000000
09-16 17:02:32.533  6607  6175 I Finsky  : [3107] Successfully fetched DroidGuard token for DG flow name phonesky_acquire_flow.
09-16 17:02:32.535  1808  4889 I SensorService: 	>>> actuating h/w activate handle=0xb enabled=0
09-16 17:02:32.535   979   979 I mtkSubHal: mtkSubHal activate handle(11) enable(0).
09-16 17:02:32.535   979   979 I OriginChannel: activate: [11,0]
09-16 17:02:32.537  1808  5285 I SensorService: 	>>> actuating h/w activate handle=0xa enabled=0
09-16 17:02:32.537   979   979 I mtkSubHal: mtkSubHal activate handle(10) enable(0).
09-16 17:02:32.537   979   979 I OriginChannel: activate: [10,0]
09-16 17:02:32.538  1808  1914 D SsruManagerImpl: MiSsru Sensor not init!!!!
09-16 17:02:32.538  1808  1914 D SsruManagerImpl: MiSsru Sensor not init!!!!
09-16 17:02:32.571  1583  2182 I libsensor-displayalgo: the value of channelCali C:47.327437,R:35.032435,G:9.558511,B:2.545755,scales C:1.053362,R:0.940208,G:1.080438,B:1.016771
09-16 17:02:32.571  1583  2182 D libsensor-displayalgo: brightness:8191.000000,flat_mode:0.000000,R1:58.732810,G1:61.296041,B1:60.992349,R2:47.175463,G2:49.622334,B2:48.085824,R3:185.099156,G3:194.419140,B3:189.751914,R4:100.235454,G4:105.607911,B4:101.724209,EVENT C:3308.000000,R:1898.000000,G:1688.000000,B:960.000000, lux: 152.013550
09-16 17:02:32.618  1808  1857 I system_server: Background concurrent mark compact GC freed 23MB AllocSpace bytes, 203(5116KB) LOS objects, 17% free, 111MB/135MB, paused 1.158ms,2.331ms total 352.216ms
09-16 17:02:32.622  1808  1859 W system_server: ApkAssets: Deleting an ApkAssets object '<empty> and /product/app/MIUIScreenshot/MIUIScreenshot.apk' with 1 weak references
09-16 17:02:32.623  1808  1859 W system_server: ApkAssets: Deleting an ApkAssets object '<empty> and /system_ext/priv-app/RtMiCloudSDK/RtMiCloudSDK.apk' with 1 weak references
09-16 17:02:32.623  1808  1859 W system_server: ApkAssets: Deleting an ApkAssets object '<empty> and /data/app/~~21HbbaOI_fz7YXAfGZqMEw==/com.google.android.gms-6Tqh2avGfQgW3rrjoPhP6g==/base.apk' with 1 weak references
09-16 17:02:32.624  1808  1859 W system_server: ApkAssets: Deleting an ApkAssets object '<empty> and /data/app/~~21HbbaOI_fz7YXAfGZqMEw==/com.google.android.gms-6Tqh2avGfQgW3rrjoPhP6g==/split_AdsDynamite_installtime.apk' with 1 weak references
09-16 17:02:32.624  1808  1859 W system_server: ApkAssets: Deleting an ApkAssets object '<empty> and /data/app/~~21HbbaOI_fz7YXAfGZqMEw==/com.google.android.gms-6Tqh2avGfQgW3rrjoPhP6g==/split_CronetDynamite_installtime.apk' with 1 weak references
09-16 17:02:32.624  1808  1859 W system_server: ApkAssets: Deleting an ApkAssets object '<empty> and /data/app/~~21HbbaOI_fz7YXAfGZqMEw==/com.google.android.gms-6Tqh2avGfQgW3rrjoPhP6g==/split_DynamiteLoader_installtime.apk' with 1 weak references
09-16 17:02:32.624  1808  1859 W system_server: ApkAssets: Deleting an ApkAssets object '<empty> and /data/app/~~21HbbaOI_fz7YXAfGZqMEw==/com.google.android.gms-6Tqh2avGfQgW3rrjoPhP6g==/split_DynamiteModulesA_installtime.apk' with 1 weak references
09-16 17:02:32.624  1808  1859 W system_server: ApkAssets: Deleting an ApkAssets object '<empty> and /data/app/~~21HbbaOI_fz7YXAfGZqMEw==/com.google.android.gms-6Tqh2avGfQgW3rrjoPhP6g==/split_DynamiteModulesC_installtime.apk' with 1 weak references
09-16 17:02:32.624  1808  1859 W system_server: ApkAssets: Deleting an ApkAssets object '<empty> and /data/app/~~21HbbaOI_fz7YXAfGZqMEw==/com.google.android.gms-6Tqh2avGfQgW3rrjoPhP6g==/split_GoogleCertificates_installtime.apk' with 1 weak references
09-16 17:02:32.624  1808  1859 W system_server: ApkAssets: Deleting an ApkAssets object '<empty> and /data/app/~~21HbbaOI_fz7YXAfGZqMEw==/com.google.android.gms-6Tqh2avGfQgW3rrjoPhP6g==/split_MapsDynamite_installtime.apk' with 1 weak references
09-16 17:02:32.624  1808  1859 W system_server: ApkAssets: Deleting an ApkAssets object '<empty> and /data/app/~~21HbbaOI_fz7YXAfGZqMEw==/com.google.android.gms-6Tqh2avGfQgW3rrjoPhP6g==/split_MeasurementDynamite_installtime.apk' with 1 weak references
09-16 17:02:32.624  1808  1859 W system_server: ApkAssets: Deleting an ApkAssets object '<empty> and /data/app/~~21HbbaOI_fz7YXAfGZqMEw==/com.google.android.gms-6Tqh2avGfQgW3rrjoPhP6g==/split_config.pt.apk' with 1 weak references
09-16 17:02:32.624  1808  1859 W system_server: ApkAssets: Deleting an ApkAssets object '<empty> and /data/app/~~21HbbaOI_fz7YXAfGZqMEw==/com.google.android.gms-6Tqh2avGfQgW3rrjoPhP6g==/split_config.xxhdpi.apk' with 1 weak references
09-16 17:02:32.648  2628  2628 D ArtChoreographerMonitor: invoke error.
09-16 17:02:32.666   969  1656 I android.hardware.graphics.composer@3.2-service: Sensor: notify citsensorservice to trigger cwb
09-16 17:02:32.666  1583  2176 I libsensor-frameBufferManager: request dump start
09-16 17:02:32.666  1583  2176 D libcomposer_ext: ClientImplAidl::getDispDump(), dpy 1, dst (160, 120), dump_point 1, release_fence -1
09-16 17:02:32.666   969   969 D libcomposer_ext: DeviceImplAidl::syncPerform(14), client_handle: 1
09-16 17:02:32.666   969   969 D libcomposer_ext: DeviceImplAidl::DeviceClientContextAidl::ParseGetDispDump()
09-16 17:02:32.666   969   969 D libcomposer_ext: DeviceImplAidl::ParseGetDispDump(), dpy 1, dst (160, 120), dump_point 1
09-16 17:02:32.666   969   969 I hwcomposer: [HWC] getDispDump(), dpy 1, (822,7,982,127), (160, 120), (1, 2), (-1), (-1), (0xb400006f50ca3030)  
09-16 17:02:32.666   969   969 I hwcomposer: [DRMDEV] isSupportWbParams(), id_crtc 103, id_connector 34, dump_point 1, src(160, 120), dst(160, 120), config 2  
09-16 17:02:32.666   969   969 E hwcomposer: [DRMDEV] isSupportWbParams(), disp(1220, 2712)  
09-16 17:02:32.666   969   969 I hwcomposer: [DISP_DUMP] setDumpBuf(), dpy(0), src(822, 7, 982, 127), dst(160, 120), (1, 2), -1, (-1), (0xb400006f50ca3030)  
09-16 17:02:32.667   969   969 I hwcomposer: [HWC] (0)fire a callback of refresh to SF[9]  
09-16 17:02:32.674   969   969 D libcomposer_ext: DeviceImplAidl::DeviceClientContextAidl::NotifyDispDumpReady()
09-16 17:02:32.675  1583  1583 D libcomposer_ext: ClientCallbackAidl::asyncPerform(15)
09-16 17:02:32.675  1583  1583 D libcomposer_ext: ClientImplAidl::ParseNotifyDispDumpReady()
09-16 17:02:32.695  1583  2177 D libsensor-parseRGB: the value of RGB [0.000000 0.000000 0.000000]
09-16 17:02:32.719  1808  4889 I AS.AudioService: getMode, get current owner's mode
09-16 17:02:32.719  1808  4889 I AS.AudioService: getMode, currentModeHandler is null
09-16 17:02:32.719  1808  4889 I AS.AudioService: getMode, get current owner's mode
09-16 17:02:32.719  1808  4889 I AS.AudioService: getMode, currentModeHandler is null
09-16 17:02:32.721  6607  6658 D PaySecureElementClient: Felica app not found; returning isSecureElementAvailable = false!
09-16 17:02:32.724  1808  4889 D BiometricService: canAuthenticate: User=0, Caller=0, Authenticators=15
09-16 17:02:32.724  1808  4889 D BiometricService/PreAuthInfo: Package: com.android.vending Sensor ID: 8 Modality: 8 Status: 4
09-16 17:02:32.726  1808  4889 D BiometricService/PreAuthInfo: Package: com.android.vending Sensor ID: 5 Modality: 2 Status: 1
09-16 17:02:32.726  1808  4889 D BiometricService/PreAuthInfo: getCanAuthenticateInternal Modality: 2 AuthenticatorStatus: 1
09-16 17:02:32.726  1808  4889 D AuthService: canAuthenticate, userId: 0, callingUserId: 0, authenticators: 15, result: 0
09-16 17:02:32.727  1808  4889 D BiometricService: canAuthenticate: User=0, Caller=0, Authenticators=32768
09-16 17:02:32.727  1808  4889 D BiometricService/PreAuthInfo: getCanAuthenticateInternal Modality: 1 AuthenticatorStatus: 1
09-16 17:02:32.727  1808  4889 D AuthService: canAuthenticate, userId: 0, callingUserId: 0, authenticators: 32768, result: 0
09-16 17:02:32.727  1808  4889 D BiometricService: canAuthenticate: User=0, Caller=0, Authenticators=15
09-16 17:02:32.727  1808  4889 D BiometricService/PreAuthInfo: Package: com.android.vending Sensor ID: 8 Modality: 8 Status: 4
09-16 17:02:32.728  1808  4889 D BiometricService/PreAuthInfo: Package: com.android.vending Sensor ID: 5 Modality: 2 Status: 1
09-16 17:02:32.729  1808  4889 D BiometricService/PreAuthInfo: getCanAuthenticateInternal Modality: 2 AuthenticatorStatus: 1
09-16 17:02:32.729  1808  4889 D AuthService: canAuthenticate, userId: 0, callingUserId: 0, authenticators: 15, result: 0
09-16 17:02:32.731  1808  4889 D BiometricService: canAuthenticate: User=0, Caller=0, Authenticators=15
09-16 17:02:32.731  1808  4889 D BiometricService/PreAuthInfo: Package: com.android.vending Sensor ID: 8 Modality: 8 Status: 4
09-16 17:02:32.732  1808  4889 D BiometricService/PreAuthInfo: Package: com.android.vending Sensor ID: 5 Modality: 2 Status: 1
09-16 17:02:32.732  1808  4889 D BiometricService/PreAuthInfo: getCanAuthenticateInternal Modality: 2 AuthenticatorStatus: 1
09-16 17:02:32.732  1808  4889 D AuthService: canAuthenticate, userId: 0, callingUserId: 0, authenticators: 15, result: 0
09-16 17:02:32.733   571  9009 I keystore2: system/security/keystore2/src/security_level.rs:227 - entry create_operation
09-16 17:02:32.734   571  9009 I keystore2: system/security/keystore2/src/security_level.rs:232 - key: domain:r#KEY_ID, nspace:7731371905873007151, alias:None, blob:None
09-16 17:02:32.734   571  9009 I keystore2: system/security/keystore2/src/security_level.rs:882 - entry upgrade_keyblob_if_required_with
09-16 17:02:32.734   571  9009 I keystore2: system/security/keystore2/src/security_level.rs:347 - In KeystoreSecurityLevel::create_operation: calling begin
09-16 17:02:32.734   572   572 I [MITEE] : mitee_keymaster_call 231 4
09-16 17:02:32.734   572   572 E [MITEE] : Request: 261 Max size: 131072
09-16 17:02:32.735   571  9009 I keystore2: system/security/keystore2/src/security_level.rs:381 - upgraded_blob: None
09-16 17:02:32.736  1808  4889 D BiometricService: Sensor ID(8), oemStrength: 4095, updatedStrength: 4095, modality 8, state: 0, cookie: 0, sensorId 8, hasEnrollments: false cannot participate in Keystore operations
09-16 17:02:32.737  1808  4889 D BiometricService: canAuthenticate: User=0, Caller=0, Authenticators=15
09-16 17:02:32.737  1808  4889 D BiometricService/PreAuthInfo: Package: com.android.vending Sensor ID: 8 Modality: 8 Status: 4
09-16 17:02:32.738  1808  4889 D BiometricService/PreAuthInfo: Package: com.android.vending Sensor ID: 5 Modality: 2 Status: 1
09-16 17:02:32.738  1808  4889 D BiometricService/PreAuthInfo: getCanAuthenticateInternal Modality: 2 AuthenticatorStatus: 1
09-16 17:02:32.738  1808  4889 D AuthService: canAuthenticate, userId: 0, callingUserId: 0, authenticators: 15, result: 0
09-16 17:02:32.740  6607  6730 I Finsky  : [3008] Skipping a request to /bulkAcquire since cache has all the records.
09-16 17:02:32.770  1583  2182 I libsensor-displayalgo: the value of channelCali C:0.008018,R:0.000000,G:0.000699,B:0.002546,scales C:1.053362,R:0.940208,G:1.080438,B:1.016771
09-16 17:02:32.770  1583  2182 D libsensor-displayalgo: brightness:8191.000000,flat_mode:0.000000,R1:0.000000,G1:0.000000,B1:0.000000,R2:0.407390,G2:0.429817,B2:0.408810,R3:1.125947,G3:1.187583,B3:1.129468,R4:0.000000,G4:0.000000,B4:0.000000,EVENT C:3137.000000,R:1799.000000,G:1614.000000,B:934.000000, lux: 145.927612
09-16 17:02:32.788  1001  1098 I mtkpower@impl: [powerd_req] TIMER_MSG_PERF_LOCK_TIMEOUT hdl:12125
09-16 17:02:32.789  1001  1098 I libPowerHal: [perfLockRel] hdl:12125, idx:0
09-16 17:02:32.789  1001  1098 I libPowerHal: [setClusterFreq]  set cpu_ctrl cpufreq: -1 -1 -1 -1 -1 -1 
09-16 17:02:32.789  1001  1098 I libPowerHal: [unsetGPUFreq] current min:62, max:0; scn_gpu_min:62, scn_gpu_max:-1; scn_gpu_min(HL):-1, scn_gpu_max(HL):-1
09-16 17:02:32.789  1001  1098 I libPowerHal: MTKPOWER_HINT_PACK_SWITCH: set gpu opp level: 64
09-16 17:02:32.790  1001  1098 I libPowerHal: MTKPOWER_HINT_PACK_SWITCH: set gpu opp level max: 0
09-16 17:02:32.790  1001  1098 I libPowerHal: [setGPUFreq] Soft min/max = (64, 0); Hard min/max = (64, 0)
09-16 17:02:32.790  1001  1098 I libPowerHal: [setGPUFreq] final min/max = (64, 0)
09-16 17:02:32.790  1001  1098 I libPowerHal: MTKPOWER_HINT_PACK_SWITCH: set gpu opp level: 64
09-16 17:02:32.791  1001  1098 I libPowerHal: MTKPOWER_HINT_PACK_SWITCH: set gpu opp level max: 0
09-16 17:02:32.791  1001  1098 I libPowerHal: [PD] MTKPOWER_HINT_PACK_SWITCH update cmd:143c100 param:1
09-16 17:02:32.791  1001  1098 I libPowerHal: [PD] MTKPOWER_HINT_PACK_SWITCH update cmd:1408300 param:34
09-16 17:02:32.792  1001  1098 I libPowerHal: [PD] MTKPOWER_HINT_PACK_SWITCH update cmd:c0c200 param:798
09-16 17:02:32.792  1001  1098 I libPowerHal: [PD] MTKPOWER_HINT_PACK_SWITCH update cmd:c0c300 param:4
09-16 17:02:32.795  1001  1098 I mtkpower@impl: [powerd_req] TIMER_MSG_PERF_LOCK_TIMEOUT hdl:12127
09-16 17:02:32.795  1001  1098 I libPowerHal: [perfLockRel] hdl:12127, idx:10
09-16 17:02:32.802  1414  1491 I MBrainServer: [INFO] MNetlinkCenter.cpp:230 Run: No data received, ret: -1
09-16 17:02:32.830  2350  2350 D WifiHAL : WifiRequest::create vendor command to iface 37, vendor_id=0x1a11, subcmd=0x1200, res=0
09-16 17:02:32.842  2350  2350 I WifiHAL : LLS RSP: data=0xb40000750e29d660, len=4292
09-16 17:02:32.842  2350  2350 I WifiHAL : LLS check_data_sanity: 1801: current_radio_stat->num_channels=28
09-16 17:02:32.842  2350  2350 I WifiHAL : LLS check_data_sanity: 1801: current_radio_stat->num_channels=0
09-16 17:02:32.842  2350  2350 I WifiHAL : LLS check_data_sanity: confirmed_size=4292, len=4292
09-16 17:02:32.854  2628  2628 D ArtChoreographerMonitor: invoke error.
09-16 17:02:32.854  2628  2628 D ControlCenterHeaderExpandController: onExpansionChanged: progress =  0.0
09-16 17:02:32.858  2628  2628 D ControlCenterHeaderExpandController: onExpansionChanged: progress =  0.0
09-16 17:02:32.862  2628  2628 D ControlCenterHeaderExpandController: onExpansionChanged: progress =  0.0
09-16 17:02:32.868   969  1656 I android.hardware.graphics.composer@3.2-service: Sensor: notify citsensorservice to trigger cwb
09-16 17:02:32.869  1583  2176 I libsensor-frameBufferManager: request dump start
09-16 17:02:32.870  1583  2176 D libcomposer_ext: ClientImplAidl::getDispDump(), dpy 1, dst (160, 120), dump_point 1, release_fence -1
09-16 17:02:32.870   969   969 D libcomposer_ext: DeviceImplAidl::syncPerform(14), client_handle: 1
09-16 17:02:32.870   969   969 D libcomposer_ext: DeviceImplAidl::DeviceClientContextAidl::ParseGetDispDump()
09-16 17:02:32.870   969   969 D libcomposer_ext: DeviceImplAidl::ParseGetDispDump(), dpy 1, dst (160, 120), dump_point 1
09-16 17:02:32.870   969   969 I hwcomposer: [HWC] getDispDump(), dpy 1, (822,7,982,127), (160, 120), (1, 2), (-1), (-1), (0xb400006f50ca61b0)  
09-16 17:02:32.870   969   969 I hwcomposer: [DRMDEV] isSupportWbParams(), id_crtc 103, id_connector 34, dump_point 1, src(160, 120), dst(160, 120), config 2  
09-16 17:02:32.870   969   969 E hwcomposer: [DRMDEV] isSupportWbParams(), disp(1220, 2712)  
09-16 17:02:32.870   969   969 I hwcomposer: [DISP_DUMP] setDumpBuf(), dpy(0), src(822, 7, 982, 127), dst(160, 120), (1, 2), -1, (-1), (0xb400006f50ca61b0)  
09-16 17:02:32.870   969   969 I hwcomposer: [HWC] (0)fire a callback of refresh to SF[9]  
09-16 17:02:32.876   969   969 D libcomposer_ext: DeviceImplAidl::DeviceClientContextAidl::NotifyDispDumpReady()
09-16 17:02:32.876  1583  1583 D libcomposer_ext: ClientCallbackAidl::asyncPerform(15)
09-16 17:02:32.876  1583  1583 D libcomposer_ext: ClientImplAidl::ParseNotifyDispDumpReady()
09-16 17:02:32.885   979  1143 E HfLooper: sensor imu_hand_detect in hal data=1000,999,0,0,10039,27
09-16 17:02:32.894  1583  2177 D libsensor-parseRGB: the value of RGB [0.000000 0.000000 0.000000]
09-16 17:02:32.968  1583  2182 I libsensor-displayalgo: the value of channelCali C:0.008018,R:0.000000,G:0.000699,B:0.002546,scales C:1.053362,R:0.940208,G:1.080438,B:1.016771
09-16 17:02:32.968  1583  2182 D libsensor-displayalgo: brightness:8191.000000,flat_mode:0.000000,R1:0.000000,G1:0.000000,B1:0.000000,R2:0.407390,G2:0.429817,B2:0.408810,R3:1.125947,G3:1.187583,B3:1.129468,R4:0.000000,G4:0.000000,B4:0.000000,EVENT C:3131.000000,R:1795.000000,G:1612.000000,B:932.000000, lux: 145.626953
09-16 17:02:32.968  1583  2182 I libsensor-displayalgo: ##### the value of lux: 145.927612, cct: 0.000000
09-16 17:02:32.968  1583  2182 I libsensor-ssccalapi: Enter calibrateApi process_msg
09-16 17:02:32.968  1583  2182 I libsensor-ssccalapi: Sensorgroup get sensor, find 33171111 sensor success
09-16 17:02:32.969  1583  2182 E HfManager: successfully try 1 times to wait device ready
09-16 17:02:32.970  1583  2182 E libsensor-ssccalapi: [CAL_LUX_VALUE_NOTIFY] 201.000000 145.927612 0.000000 =>   104 145928     0
09-16 17:02:32.974  1583  2182 E HfManager: HfManager::configCalibration sensor = 108 err = 0
09-16 17:02:33.030  2628  2628 D ArtChoreographerMonitor: invoke error.
09-16 17:02:33.033  1808  5285 I mtkpower_client: perf_lock_acq, hdl:12115, dur:1, num:2, pid:1808, tid:5285
09-16 17:02:33.037  1808  5285 I mtkpower_client: ret_hdl:12128
09-16 17:02:33.037  1001  1098 I libPowerHal: [perfLockAcq] idx:0 hdl:12128 hint:-1 pid:1808 tid:5285 duration:1 lock_user:system_server => ret_hdl:12128
09-16 17:02:33.041  1001  1098 I libPowerHal: [PE] system_server update ONESHOT(set) cmd:1444300 param:7072
09-16 17:02:33.042  1001  1098 I mtkpower@impl: [powerd_req] TIMER_MSG_PERF_LOCK_TIMEOUT hdl:12128
09-16 17:02:33.043  1001  1098 I libPowerHal: [perfLockRel] hdl:12128, idx:0
09-16 17:02:33.043  1808  4889 I mtkpower_client: perf_lock_rel, hdl:12128, tid:4889
09-16 17:02:33.044  1001  1098 I libPowerHal: [PD] system_server update ONESHOT(unset) cmd:1444300 param:7072
09-16 17:02:33.044  1001  1098 I libPowerHal: [perfLockRel] hdl:12128, idx:-1
09-16 17:02:33.068   979  1143 I HfLooper: sensor light = 146.000000
09-16 17:02:33.070  1516  2357 D AALLightSensor: oldLux=164 [SA:-1 LA:-1] newLux=146 (oriLux: 146)
09-16 17:02:33.071  1516  2357 D AALService: [CRTC_103] onALIChanged: 164 -> 146
09-16 17:02:33.075   969  1656 I android.hardware.graphics.composer@3.2-service: Sensor: notify citsensorservice to trigger cwb
09-16 17:02:33.075  1583  2176 I libsensor-frameBufferManager: request dump start
09-16 17:02:33.075  1583  2176 D libcomposer_ext: ClientImplAidl::getDispDump(), dpy 1, dst (160, 120), dump_point 1, release_fence -1
09-16 17:02:33.076   969   969 D libcomposer_ext: DeviceImplAidl::syncPerform(14), client_handle: 1
09-16 17:02:33.076   969   969 D libcomposer_ext: DeviceImplAidl::DeviceClientContextAidl::ParseGetDispDump()
09-16 17:02:33.076   969   969 D libcomposer_ext: DeviceImplAidl::ParseGetDispDump(), dpy 1, dst (160, 120), dump_point 1
09-16 17:02:33.076   969   969 I hwcomposer: [HWC] getDispDump(), dpy 1, (822,7,982,127), (160, 120), (1, 2), (-1), (-1), (0xb400006f50ca62d0)  
09-16 17:02:33.076   969   969 I hwcomposer: [DRMDEV] isSupportWbParams(), id_crtc 103, id_connector 34, dump_point 1, src(160, 120), dst(160, 120), config 2  
09-16 17:02:33.076   969   969 E hwcomposer: [DRMDEV] isSupportWbParams(), disp(1220, 2712)  
09-16 17:02:33.076   969   969 I hwcomposer: [DISP_DUMP] setDumpBuf(), dpy(0), src(822, 7, 982, 127), dst(160, 120), (1, 2), -1, (-1), (0xb400006f50ca62d0)  
09-16 17:02:33.076   969   969 I hwcomposer: [HWC] (0)fire a callback of refresh to SF[9]  
09-16 17:02:33.082   969   969 D libcomposer_ext: DeviceImplAidl::DeviceClientContextAidl::NotifyDispDumpReady()
09-16 17:02:33.083  1583  1583 D libcomposer_ext: ClientCallbackAidl::asyncPerform(15)
09-16 17:02:33.083  1583  1583 D libcomposer_ext: ClientImplAidl::ParseNotifyDispDumpReady()
09-16 17:02:33.105  1583  2177 D libsensor-parseRGB: the value of RGB [0.000000 0.000000 0.000000]
09-16 17:02:33.115  1064  1064 I BufferQueueProducer: [FramebufferSurface](this:0xb400007aa4096710,id:-1,api:1,p:1064,c:1064) queueBuffer: fps=91.94 dur=1000.68 max=245.60 min=6.96
09-16 17:02:33.169  1583  2182 I libsensor-displayalgo: the value of channelCali C:0.008018,R:0.000000,G:0.000699,B:0.002546,scales C:1.053362,R:0.940208,G:1.080438,B:1.016771
09-16 17:02:33.170  1583  2182 D libsensor-displayalgo: brightness:8191.000000,flat_mode:0.000000,R1:0.000000,G1:0.000000,B1:0.000000,R2:0.407390,G2:0.429817,B2:0.408810,R3:1.125947,G3:1.187583,B3:1.129468,R4:0.000000,G4:0.000000,B4:0.000000,EVENT C:3138.000000,R:1798.000000,G:1612.000000,B:933.000000, lux: 146.197586
09-16 17:02:33.233  1808  2303 I DisplayModeDirectorImpl: SmartDisplayPolicyEnd
09-16 17:02:33.233  1064  1731 D MI-SF   : updateScene: module = 268 (Unknown), value = 0, pkg = perf_interaction
09-16 17:02:33.270   993  1035 I libPerfCtl: xgfGetFPS pid:2628 fps:-1
09-16 17:02:33.271   993  1035 I libPerfCtl: xgfGetFPS pid:6607 fps:-1
09-16 17:02:33.271   993  1035 I libPerfCtl: xgfGetFPS pid:7072 fps:-1
09-16 17:02:33.271   993  1035 I libPerfCtl: xgfGetFPS pid:28261 fps:-1
09-16 17:02:33.283   969  1656 I android.hardware.graphics.composer@3.2-service: Sensor: notify citsensorservice to trigger cwb
09-16 17:02:33.285  1583  2176 I libsensor-frameBufferManager: request dump start
09-16 17:02:33.285  1583  2176 D libcomposer_ext: ClientImplAidl::getDispDump(), dpy 1, dst (160, 120), dump_point 1, release_fence -1
09-16 17:02:33.285   969   969 D libcomposer_ext: DeviceImplAidl::syncPerform(14), client_handle: 1
09-16 17:02:33.285   969   969 D libcomposer_ext: DeviceImplAidl::DeviceClientContextAidl::ParseGetDispDump()
09-16 17:02:33.285   969   969 D libcomposer_ext: DeviceImplAidl::ParseGetDispDump(), dpy 1, dst (160, 120), dump_point 1
09-16 17:02:33.285   969   969 I hwcomposer: [HWC] getDispDump(), dpy 1, (822,7,982,127), (160, 120), (1, 2), (-1), (-1), (0xb400006f50ca7b90)  
09-16 17:02:33.285   969   969 I hwcomposer: [DRMDEV] isSupportWbParams(), id_crtc 103, id_connector 34, dump_point 1, src(160, 120), dst(160, 120), config 2  
09-16 17:02:33.285   969   969 E hwcomposer: [DRMDEV] isSupportWbParams(), disp(1220, 2712)  
09-16 17:02:33.285   969   969 I hwcomposer: [DISP_DUMP] setDumpBuf(), dpy(0), src(822, 7, 982, 127), dst(160, 120), (1, 2), -1, (-1), (0xb400006f50ca7b90)  
09-16 17:02:33.286   969   969 I hwcomposer: [HWC] (0)fire a callback of refresh to SF[9]  
09-16 17:02:33.288   979  1143 E HfLooper: sensor imu_hand_detect in hal data=1000,999,0,0,10033,21
09-16 17:02:33.291   969   969 D libcomposer_ext: DeviceImplAidl::DeviceClientContextAidl::NotifyDispDumpReady()
09-16 17:02:33.291  1583  1583 D libcomposer_ext: ClientCallbackAidl::asyncPerform(15)
09-16 17:02:33.291  1583  1583 D libcomposer_ext: ClientImplAidl::ParseNotifyDispDumpReady()
09-16 17:02:33.309  1583  2177 D libsensor-parseRGB: the value of RGB [0.000000 0.000000 0.000000]
09-16 17:02:33.319  2628  2628 D ArtChoreographerMonitor: invoke error.
09-16 17:02:33.321  2628  2628 D ControlCenterHeaderExpandController: onExpansionChanged: progress =  0.0
09-16 17:02:33.325  2628  2628 D ControlCenterHeaderExpandController: onExpansionChanged: progress =  0.0
09-16 17:02:33.327  2628  2628 D ControlCenterHeaderExpandController: onExpansionChanged: progress =  0.0
09-16 17:02:33.328  1064  1064 I BufferQueueProducer: [StatusBar#106](this:0xb400007b642df2b0,id:-1,api:0,p:-1,c:1064) queueBuffer: fps=27.38 dur=1278.26 max=464.86 min=8.14
09-16 17:02:33.329  1064  1064 I BufferQueueProducer: [com.android.chrome/ChromeChildSurface#8442](this:0xb400007b6437ee90,id:-1,api:0,p:-1,c:1064) queueBuffer: fps=120.39 dur=1005.03 max=8.76 min=7.80
09-16 17:02:33.345  1064  1064 I BufferQueueProducer: [com.android.vending/com.google.android.finsky.billing.acquire.LockToPortraitUiBuilderHostActivity#8504](this:0xb400007b6431dad0,id:-1,api:0,p:-1,c:1064) queueBuffer: fps=64.73 dur=1004.23 max=315.74 min=7.83
09-16 17:02:33.367  1583  2182 I libsensor-displayalgo: the value of channelCali C:0.008018,R:0.000000,G:0.000699,B:0.002546,scales C:1.053362,R:0.940208,G:1.080438,B:1.016771
09-16 17:02:33.367  1583  2182 D libsensor-displayalgo: brightness:8191.000000,flat_mode:0.000000,R1:0.000000,G1:0.000000,B1:0.000000,R2:0.407390,G2:0.429817,B2:0.408810,R3:1.125947,G3:1.187583,B3:1.129468,R4:0.000000,G4:0.000000,B4:0.000000,EVENT C:3139.000000,R:1796.000000,G:1613.000000,B:933.000000, lux: 146.384171
09-16 17:02:33.391  1808  2297 E HyperSentinel: -------------------------------------------------------
09-16 17:02:33.391  1808  2297 E HyperSentinel: Event_OpenFileFDSize
09-16 17:02:33.391  1808  2297 E HyperSentinel: -> audit event by proc 1064 "/system/bin/surfaceflinger": Fd increasement, peak, 842 -> 940
09-16 17:02:33.391  1808  2296 D MiuiSentinelService: begin judgment FdAmountLeakException
09-16 17:02:33.408   969   969 I hwcomposer: [HWCDisplay] [Display_0 (type:1, mode:2)] fps:120.113113,dur:1007.38,max:11.07,min:6.30  
09-16 17:02:33.489   969  1656 I android.hardware.graphics.composer@3.2-service: Sensor: notify citsensorservice to trigger cwb
09-16 17:02:33.490  1583  2176 I libsensor-frameBufferManager: request dump start
09-16 17:02:33.490  1583  2176 D libcomposer_ext: ClientImplAidl::getDispDump(), dpy 1, dst (160, 120), dump_point 1, release_fence -1
09-16 17:02:33.490   969   969 D libcomposer_ext: DeviceImplAidl::syncPerform(14), client_handle: 1
09-16 17:02:33.490   969   969 D libcomposer_ext: DeviceImplAidl::DeviceClientContextAidl::ParseGetDispDump()
09-16 17:02:33.490   969   969 D libcomposer_ext: DeviceImplAidl::ParseGetDispDump(), dpy 1, dst (160, 120), dump_point 1
09-16 17:02:33.490   969   969 I hwcomposer: [HWC] getDispDump(), dpy 1, (822,7,982,127), (160, 120), (1, 2), (-1), (-1), (0xb400006f50ca3030)  
09-16 17:02:33.490   969   969 I hwcomposer: [DRMDEV] isSupportWbParams(), id_crtc 103, id_connector 34, dump_point 1, src(160, 120), dst(160, 120), config 2  
09-16 17:02:33.490   969   969 E hwcomposer: [DRMDEV] isSupportWbParams(), disp(1220, 2712)  
09-16 17:02:33.490   969   969 I hwcomposer: [DISP_DUMP] setDumpBuf(), dpy(0), src(822, 7, 982, 127), dst(160, 120), (1, 2), -1, (-1), (0xb400006f50ca3030)  
09-16 17:02:33.490   969   969 I hwcomposer: [HWC] (0)fire a callback of refresh to SF[9]  
09-16 17:02:33.494  2628  2628 D ArtChoreographerMonitor: invoke error.
09-16 17:02:33.497   969   969 D libcomposer_ext: DeviceImplAidl::DeviceClientContextAidl::NotifyDispDumpReady()
09-16 17:02:33.498  1583  1583 D libcomposer_ext: ClientCallbackAidl::asyncPerform(15)
09-16 17:02:33.499  1583  1583 D libcomposer_ext: ClientImplAidl::ParseNotifyDispDumpReady()
09-16 17:02:33.518  1583  2177 D libsensor-parseRGB: the value of RGB [0.000000 0.000000 0.000000]
09-16 17:02:33.555  1808  2301 I SmartPower: com.google.android.cellbroadcastreceiver/10268(30310): background->idle(3001ms) R(broadcast start Intent { act=android.intent.action.SERVICE_STATE flg=0x1000010 (has extras) }) adj=905.
09-16 17:02:33.570  1583  2182 I libsensor-displayalgo: the value of channelCali C:0.008018,R:0.000000,G:0.000699,B:0.002546,scales C:1.053362,R:0.940208,G:1.080438,B:1.016771
09-16 17:02:33.570  1583  2182 D libsensor-displayalgo: brightness:8191.000000,flat_mode:0.000000,R1:0.000000,G1:0.000000,B1:0.000000,R2:0.407390,G2:0.429817,B2:0.408810,R3:1.125947,G3:1.187583,B3:1.129468,R4:0.000000,G4:0.000000,B4:0.000000,EVENT C:3159.000000,R:1806.000000,G:1621.000000,B:939.000000, lux: 147.529495
09-16 17:02:33.688   979  1143 E HfLooper: sensor imu_hand_detect in hal data=1000,999,0,0,10038,23
09-16 17:02:33.696   969  1656 I android.hardware.graphics.composer@3.2-service: Sensor: notify citsensorservice to trigger cwb
09-16 17:02:33.696  1583  2176 I libsensor-frameBufferManager: request dump start
09-16 17:02:33.697  1583  2176 D libcomposer_ext: ClientImplAidl::getDispDump(), dpy 1, dst (160, 120), dump_point 1, release_fence -1
09-16 17:02:33.697   969   969 D libcomposer_ext: DeviceImplAidl::syncPerform(14), client_handle: 1
09-16 17:02:33.697   969   969 D libcomposer_ext: DeviceImplAidl::DeviceClientContextAidl::ParseGetDispDump()
09-16 17:02:33.697   969   969 D libcomposer_ext: DeviceImplAidl::ParseGetDispDump(), dpy 1, dst (160, 120), dump_point 1
09-16 17:02:33.697   969   969 I hwcomposer: [HWC] getDispDump(), dpy 1, (822,7,982,127), (160, 120), (1, 2), (-1), (-1), (0xb400006f50ca61b0)  
09-16 17:02:33.697   969   969 I hwcomposer: [DRMDEV] isSupportWbParams(), id_crtc 103, id_connector 34, dump_point 1, src(160, 120), dst(160, 120), config 2  
09-16 17:02:33.697   969   969 E hwcomposer: [DRMDEV] isSupportWbParams(), disp(1220, 2712)  
09-16 17:02:33.697   969   969 I hwcomposer: [DISP_DUMP] setDumpBuf(), dpy(0), src(822, 7, 982, 127), dst(160, 120), (1, 2), -1, (-1), (0xb400006f50ca61b0)  
09-16 17:02:33.697   969   969 I hwcomposer: [HWC] (0)fire a callback of refresh to SF[9]  
09-16 17:02:33.705   969   969 D libcomposer_ext: DeviceImplAidl::DeviceClientContextAidl::NotifyDispDumpReady()
09-16 17:02:33.705  1583  1583 D libcomposer_ext: ClientCallbackAidl::asyncPerform(15)
09-16 17:02:33.705  1583  1583 D libcomposer_ext: ClientImplAidl::ParseNotifyDispDumpReady()
09-16 17:02:33.725  1583  2177 D libsensor-parseRGB: the value of RGB [0.000000 0.000000 0.000000]
09-16 17:02:33.769  1583  2182 I libsensor-displayalgo: the value of channelCali C:0.008018,R:0.000000,G:0.000699,B:0.002546,scales C:1.053362,R:0.940208,G:1.080438,B:1.016771
09-16 17:02:33.769  1583  2182 D libsensor-displayalgo: brightness:8191.000000,flat_mode:0.000000,R1:0.000000,G1:0.000000,B1:0.000000,R2:0.407390,G2:0.429817,B2:0.408810,R3:1.125947,G3:1.187583,B3:1.129468,R4:0.000000,G4:0.000000,B4:0.000000,EVENT C:3184.000000,R:1819.000000,G:1636.000000,B:948.000000, lux: 148.680496
09-16 17:02:33.791  1001  1098 I mtkpower@impl: [powerd_req] TIMER_MSG_PERF_LOCK_TIMEOUT hdl:12126
09-16 17:02:33.791  1001  1098 I libPowerHal: [perfLockRel] hdl:12126, idx:12
09-16 17:02:33.791  1001  1098 I libPowerHal: [PD] MTKPOWER_HINT_EXT_LAUNCH update cmd:2020000 param:0
09-16 17:02:33.791  1001  1098 I libPowerHal: [PD] MTKPOWER_HINT_EXT_LAUNCH update cmd:1408300 param:0
09-16 17:02:33.793  1001  1098 I libPowerHal: [PD] MTKPOWER_HINT_EXT_LAUNCH update cmd:1000000 param:-1
09-16 17:02:33.793  1001  1098 I libPowerHal: [PD] MTKPOWER_HINT_EXT_LAUNCH update cmd:808000 param:0
09-16 17:02:33.896   969  1656 I android.hardware.graphics.composer@3.2-service: Sensor: notify citsensorservice to trigger cwb
09-16 17:02:33.898  1583  2176 I libsensor-frameBufferManager: request dump start
09-16 17:02:33.898  1583  2176 D libcomposer_ext: ClientImplAidl::getDispDump(), dpy 1, dst (160, 120), dump_point 1, release_fence -1
09-16 17:02:33.898   969   969 D libcomposer_ext: DeviceImplAidl::syncPerform(14), client_handle: 1
09-16 17:02:33.898   969   969 D libcomposer_ext: DeviceImplAidl::DeviceClientContextAidl::ParseGetDispDump()
09-16 17:02:33.898   969   969 D libcomposer_ext: DeviceImplAidl::ParseGetDispDump(), dpy 1, dst (160, 120), dump_point 1
09-16 17:02:33.898   969   969 I hwcomposer: [HWC] getDispDump(), dpy 1, (822,7,982,127), (160, 120), (1, 2), (-1), (-1), (0xb400006f50ca62d0)  
09-16 17:02:33.898   969   969 I hwcomposer: [DRMDEV] isSupportWbParams(), id_crtc 103, id_connector 34, dump_point 1, src(160, 120), dst(160, 120), config 2  
09-16 17:02:33.898   969   969 E hwcomposer: [DRMDEV] isSupportWbParams(), disp(1220, 2712)  
09-16 17:02:33.898   969   969 I hwcomposer: [DISP_DUMP] setDumpBuf(), dpy(0), src(822, 7, 982, 127), dst(160, 120), (1, 2), -1, (-1), (0xb400006f50ca62d0)  
09-16 17:02:33.898   969   969 I hwcomposer: [HWC] (0)fire a callback of refresh to SF[9]  
09-16 17:02:33.905   969   969 D libcomposer_ext: DeviceImplAidl::DeviceClientContextAidl::NotifyDispDumpReady()
09-16 17:02:33.905  1583  1583 D libcomposer_ext: ClientCallbackAidl::asyncPerform(15)
09-16 17:02:33.906  1583  1583 D libcomposer_ext: ClientImplAidl::ParseNotifyDispDumpReady()
09-16 17:02:33.924  1583  2177 D libsensor-parseRGB: the value of RGB [0.000000 0.000000 0.000000]
09-16 17:02:33.970  1583  2182 I libsensor-displayalgo: the value of channelCali C:0.008018,R:0.000000,G:0.000699,B:0.002546,scales C:1.053362,R:0.940208,G:1.080438,B:1.016771
09-16 17:02:33.970  1583  2182 D libsensor-displayalgo: brightness:8191.000000,flat_mode:0.000000,R1:0.000000,G1:0.000000,B1:0.000000,R2:0.407390,G2:0.429817,B2:0.408810,R3:1.125947,G3:1.187583,B3:1.129468,R4:0.000000,G4:0.000000,B4:0.000000,EVENT C:3189.000000,R:1821.000000,G:1638.000000,B:948.000000, lux: 148.989685
09-16 17:02:34.032  1808  2286 D SchedBoost: thread tid=7072, priority is set to -10
09-16 17:02:34.032  1808  2286 D SchedBoost: thread tid=7522, priority is set to -4
09-16 17:02:34.090   979  1143 E HfLooper: sensor imu_hand_detect in hal data=1000,999,0,0,10037,22
09-16 17:02:34.097   969  1656 I android.hardware.graphics.composer@3.2-service: Sensor: notify citsensorservice to trigger cwb
09-16 17:02:34.098  1583  2176 I libsensor-frameBufferManager: request dump start
09-16 17:02:34.098  1583  2176 D libcomposer_ext: ClientImplAidl::getDispDump(), dpy 1, dst (160, 120), dump_point 1, release_fence -1
09-16 17:02:34.100   969   969 D libcomposer_ext: DeviceImplAidl::syncPerform(14), client_handle: 1
09-16 17:02:34.100   969   969 D libcomposer_ext: DeviceImplAidl::DeviceClientContextAidl::ParseGetDispDump()
09-16 17:02:34.100   969   969 D libcomposer_ext: DeviceImplAidl::ParseGetDispDump(), dpy 1, dst (160, 120), dump_point 1
09-16 17:02:34.100   969   969 I hwcomposer: [HWC] getDispDump(), dpy 1, (822,7,982,127), (160, 120), (1, 2), (-1), (-1), (0xb400006f50ca3030)  
09-16 17:02:34.103   969   969 I hwcomposer: [DRMDEV] isSupportWbParams(), id_crtc 103, id_connector 34, dump_point 1, src(160, 120), dst(160, 120), config 2  
09-16 17:02:34.103   969   969 E hwcomposer: [DRMDEV] isSupportWbParams(), disp(1220, 2712)  
09-16 17:02:34.103   969   969 I hwcomposer: [DISP_DUMP] setDumpBuf(), dpy(0), src(822, 7, 982, 127), dst(160, 120), (1, 2), -1, (-1), (0xb400006f50ca3030)  
09-16 17:02:34.103   969   969 I hwcomposer: [HWC] (0)fire a callback of refresh to SF[9]  
09-16 17:02:34.104   969   969 D libcomposer_ext: DeviceImplAidl::DeviceClientContextAidl::NotifyDispDumpReady()
09-16 17:02:34.105  1583  1583 D libcomposer_ext: ClientCallbackAidl::asyncPerform(15)
09-16 17:02:34.105  1583  1583 D libcomposer_ext: ClientImplAidl::ParseNotifyDispDumpReady()
09-16 17:02:34.120  1064  1064 I BufferQueueProducer: [FramebufferSurface](this:0xb400007aa4096710,id:-1,api:1,p:1064,c:1064) queueBuffer: fps=120.36 dur=1005.34 max=10.50 min=6.27
09-16 17:02:34.123  1583  2177 D libsensor-parseRGB: the value of RGB [0.000000 0.000000 0.000000]
09-16 17:02:34.170  1583  2182 I libsensor-displayalgo: the value of channelCali C:0.008018,R:0.000000,G:0.000699,B:0.002546,scales C:1.053362,R:0.940208,G:1.080438,B:1.016771
09-16 17:02:34.170  1583  2182 D libsensor-displayalgo: brightness:8191.000000,flat_mode:0.000000,R1:0.000000,G1:0.000000,B1:0.000000,R2:0.407390,G2:0.429817,B2:0.408810,R3:1.125947,G3:1.187583,B3:1.129468,R4:0.000000,G4:0.000000,B4:0.000000,EVENT C:3193.000000,R:1823.000000,G:1644.000000,B:950.000000, lux: 148.997009
09-16 17:02:34.195  2614  2614 W Settings: Setting airplane_mode_on has moved from android.provider.Settings.System to android.provider.Settings.Global, returning read-only value.
09-16 17:02:34.196  2614  2614 W Settings: Setting airplane_mode_on has moved from android.provider.Settings.System to android.provider.Settings.Global, returning read-only value.
09-16 17:02:34.201 15795 15795 D YellowPage.Network: onSignalStrengthsChanged()
09-16 17:02:34.203  2614  3126 D SelfStudyController: handleMessage msg.what is 1035
09-16 17:02:34.203  2614  3113 D MiuiTelephonyDFS: msg.what = 2
09-16 17:02:34.204  2614  3113 D MiuiTelephonyDFS: getVoiceRat = 13
09-16 17:02:34.204  2614  3113 D MiuiTelephonyDFS: getRsrp = -100
09-16 17:02:34.204  2614  3113 D MiuiTelephonyDFS: getVoiceRat = 13
09-16 17:02:34.204  2614 19671 D NetworkSpeedTracker: updateSignalInfo lteRsrp=-100lteSnr=-5,phoneId=0
09-16 17:02:34.205  2614  3113 D MiuiTelephonyDFS: getSnr = -5
09-16 17:02:34.206  2614  3113 D MiSight::  constructEvent id=915100005
09-16 17:02:34.207  2614  3113 D MiSight::  sendEvent id=915100005
09-16 17:02:34.207  2614  3113 D MiSightJni: MiSight: Java_com_miui_misight_MiSight_nativeSendEvent enter called. '{"SNRValue":-5}'
09-16 17:02:34.207  2614  3113 D MiEvent : MiEvent: this 0x6c9d9a80c0, paylod=0xb400006efa4ebbb0
09-16 17:02:34.208  2614  3113 D MiEvent : flatten EventId 915100005 -t 1758052954 -paraList {"SNRValue":-5}
09-16 17:02:34.208  2614  3113 I MiEvent : report:no open miev 2
09-16 17:02:34.208  2614  3113 D MiEvent : ~MiEvent: this 0x6c9d9a80c0, paylod=0xb400006efa4ebbb0
09-16 17:02:34.208  2614  3113 E MiSightJni: MiSight: nativeSendEvent fail
09-16 17:02:34.208  2614 19671 D NetworkSpeedTracker: updateSignalInfo nrRsrp= -104,nrSnr= -3,phoneId= 0
09-16 17:02:34.208  2614  3113 D MiuiTelephonyDFS: msg.what = 3
09-16 17:02:34.212 15795 15795 D YellowPage.Network: onSignalStrengthsChanged()
09-16 17:02:34.213  2614 19671 D NetworkSpeedTracker: updateSignalInfo lteRsrp=-100lteSnr=-5,phoneId=0
09-16 17:02:34.213  2614 19671 D NetworkSpeedTracker: updateSignalInfo nrRsrp= -104,nrSnr= -3,phoneId= 0
09-16 17:02:34.214  2614  3126 D SelfStudyController: handleMessage msg.what is 1035
09-16 17:02:34.214  2614  3113 D MiuiTelephonyDFS: msg.what = 2
09-16 17:02:34.214  2614  3113 D MiuiTelephonyDFS: getVoiceRat = 13
09-16 17:02:34.214  2614  3113 D MiuiTelephonyDFS: getRsrp = -100
09-16 17:02:34.214  2614  3113 D MiuiTelephonyDFS: getVoiceRat = 13
09-16 17:02:34.214  2614  3113 D MiuiTelephonyDFS: getSnr = -5
09-16 17:02:34.214  2614  3113 D MiSight::  constructEvent id=915100005
09-16 17:02:34.214  2614  3113 D MiSight::  sendEvent id=915100005
09-16 17:02:34.214  2614  3113 D MiSightJni: MiSight: Java_com_miui_misight_MiSight_nativeSendEvent enter called. '{"SNRValue":-5}'
09-16 17:02:34.216  2614  3113 D MiEvent : MiEvent: this 0x6c9d9a80c0, paylod=0xb400006efa4ebbb0
09-16 17:02:34.216  2614  3113 D MiEvent : flatten EventId 915100005 -t 1758052954 -paraList {"SNRValue":-5}
09-16 17:02:34.216  2614  3113 I MiEvent : report:no open miev 2
09-16 17:02:34.216  2614  3113 D MiEvent : ~MiEvent: this 0x6c9d9a80c0, paylod=0xb400006efa4ebbb0
09-16 17:02:34.216  2614  3113 E MiSightJni: MiSight: nativeSendEvent fail
09-16 17:02:34.270   993  1035 I libPerfCtl: xgfGetFPS pid:2628 fps:-1
09-16 17:02:34.270   993  1035 I libPerfCtl: xgfGetFPS pid:6607 fps:-1
09-16 17:02:34.270   993  1035 I libPerfCtl: xgfGetFPS pid:7072 fps:-1
09-16 17:02:34.270   993  1035 I libPerfCtl: xgfGetFPS pid:28261 fps:-1
09-16 17:02:34.304   969  1656 I android.hardware.graphics.composer@3.2-service: Sensor: notify citsensorservice to trigger cwb
09-16 17:02:34.305  1583  2176 I libsensor-frameBufferManager: request dump start
09-16 17:02:34.305  1583  2176 D libcomposer_ext: ClientImplAidl::getDispDump(), dpy 1, dst (160, 120), dump_point 1, release_fence -1
09-16 17:02:34.306   969   969 D libcomposer_ext: DeviceImplAidl::syncPerform(14), client_handle: 1
09-16 17:02:34.306   969   969 D libcomposer_ext: DeviceImplAidl::DeviceClientContextAidl::ParseGetDispDump()
09-16 17:02:34.306   969   969 D libcomposer_ext: DeviceImplAidl::ParseGetDispDump(), dpy 1, dst (160, 120), dump_point 1
09-16 17:02:34.306   969   969 I hwcomposer: [HWC] getDispDump(), dpy 1, (822,7,982,127), (160, 120), (1, 2), (-1), (-1), (0xb400006f50ca61b0)  
09-16 17:02:34.306   969   969 I hwcomposer: [DRMDEV] isSupportWbParams(), id_crtc 103, id_connector 34, dump_point 1, src(160, 120), dst(160, 120), config 2  
09-16 17:02:34.306   969   969 E hwcomposer: [DRMDEV] isSupportWbParams(), disp(1220, 2712)  
09-16 17:02:34.306   969   969 I hwcomposer: [DISP_DUMP] setDumpBuf(), dpy(0), src(822, 7, 982, 127), dst(160, 120), (1, 2), -1, (-1), (0xb400006f50ca61b0)  
09-16 17:02:34.306   969   969 I hwcomposer: [HWC] (0)fire a callback of refresh to SF[9]  
09-16 17:02:34.312   969   969 D libcomposer_ext: DeviceImplAidl::DeviceClientContextAidl::NotifyDispDumpReady()
09-16 17:02:34.313  1583  1583 D libcomposer_ext: ClientCallbackAidl::asyncPerform(15)
09-16 17:02:34.313  1583  1583 D libcomposer_ext: ClientImplAidl::ParseNotifyDispDumpReady()
09-16 17:02:34.331  1583  2177 D libsensor-parseRGB: the value of RGB [0.000000 0.000000 0.000000]
09-16 17:02:34.333  1064  1064 I BufferQueueProducer: [com.android.chrome/ChromeChildSurface#8442](this:0xb400007b6437ee90,id:-1,api:0,p:-1,c:1064) queueBuffer: fps=120.48 dur=1004.35 max=8.86 min=7.68
09-16 17:02:34.349  1064  1064 I BufferQueueProducer: [com.android.vending/com.google.android.finsky.billing.acquire.LockToPortraitUiBuilderHostActivity#8504](this:0xb400007b6431dad0,id:-1,api:0,p:-1,c:1064) queueBuffer: fps=50.76 dur=1004.67 max=530.95 min=7.92
09-16 17:02:34.370  1583  2182 I libsensor-displayalgo: the value of channelCali C:0.008018,R:0.000000,G:0.000699,B:0.002546,scales C:1.053362,R:0.940208,G:1.080438,B:1.016771
09-16 17:02:34.370  1583  2182 D libsensor-displayalgo: brightness:8191.000000,flat_mode:0.000000,R1:0.000000,G1:0.000000,B1:0.000000,R2:0.407390,G2:0.429817,B2:0.408810,R3:1.125947,G3:1.187583,B3:1.129468,R4:0.000000,G4:0.000000,B4:0.000000,EVENT C:3194.000000,R:1824.000000,G:1642.000000,B:949.000000, lux: 149.137299
09-16 17:02:34.411   969   969 I hwcomposer: [HWCDisplay] [Display_0 (type:1, mode:2)] fps:120.579712,dur:1003.49,max:10.69,min:6.60  
09-16 17:02:34.491   979  1143 E HfLooper: sensor imu_hand_detect in hal data=1000,999,0,0,10038,21
09-16 17:02:34.511   969  1656 I android.hardware.graphics.composer@3.2-service: Sensor: notify citsensorservice to trigger cwb
09-16 17:02:34.511  1583  2176 I libsensor-frameBufferManager: request dump start
09-16 17:02:34.512  1583  2176 D libcomposer_ext: ClientImplAidl::getDispDump(), dpy 1, dst (160, 120), dump_point 1, release_fence -1
09-16 17:02:34.512   969   969 D libcomposer_ext: DeviceImplAidl::syncPerform(14), client_handle: 1
09-16 17:02:34.512   969   969 D libcomposer_ext: DeviceImplAidl::DeviceClientContextAidl::ParseGetDispDump()
09-16 17:02:34.512   969   969 D libcomposer_ext: DeviceImplAidl::ParseGetDispDump(), dpy 1, dst (160, 120), dump_point 1
09-16 17:02:34.512   969   969 I hwcomposer: [HWC] getDispDump(), dpy 1, (822,7,982,127), (160, 120), (1, 2), (-1), (-1), (0xb400006f50ca62d0)  
09-16 17:02:34.512   969   969 I hwcomposer: [DRMDEV] isSupportWbParams(), id_crtc 103, id_connector 34, dump_point 1, src(160, 120), dst(160, 120), config 2  
09-16 17:02:34.512   969   969 E hwcomposer: [DRMDEV] isSupportWbParams(), disp(1220, 2712)  
09-16 17:02:34.512   969   969 I hwcomposer: [DISP_DUMP] setDumpBuf(), dpy(0), src(822, 7, 982, 127), dst(160, 120), (1, 2), -1, (-1), (0xb400006f50ca62d0)  
09-16 17:02:34.512   969   969 I hwcomposer: [HWC] (0)fire a callback of refresh to SF[9]  
09-16 17:02:34.519   969   969 D libcomposer_ext: DeviceImplAidl::DeviceClientContextAidl::NotifyDispDumpReady()
09-16 17:02:34.520  1583  1583 D libcomposer_ext: ClientCallbackAidl::asyncPerform(15)
09-16 17:02:34.520  1583  1583 D libcomposer_ext: ClientImplAidl::ParseNotifyDispDumpReady()
09-16 17:02:34.538  1583  2177 D libsensor-parseRGB: the value of RGB [0.000000 0.000000 0.000000]
09-16 17:02:34.572  1583  2182 I libsensor-displayalgo: the value of channelCali C:0.008018,R:0.000000,G:0.000699,B:0.002546,scales C:1.053362,R:0.940208,G:1.080438,B:1.016771
09-16 17:02:34.572  1583  2182 D libsensor-displayalgo: brightness:8191.000000,flat_mode:0.000000,R1:0.000000,G1:0.000000,B1:0.000000,R2:0.407390,G2:0.429817,B2:0.408810,R3:1.125947,G3:1.187583,B3:1.129468,R4:0.000000,G4:0.000000,B4:0.000000,EVENT C:3203.000000,R:1827.000000,G:1646.000000,B:950.000000, lux: 149.718506
09-16 17:02:34.718   969  1656 I android.hardware.graphics.composer@3.2-service: Sensor: notify citsensorservice to trigger cwb
09-16 17:02:34.718  1583  2176 I libsensor-frameBufferManager: request dump start
09-16 17:02:34.718  1583  2176 D libcomposer_ext: ClientImplAidl::getDispDump(), dpy 1, dst (160, 120), dump_point 1, release_fence -1
09-16 17:02:34.719   969   969 D libcomposer_ext: DeviceImplAidl::syncPerform(14), client_handle: 1
09-16 17:02:34.719   969   969 D libcomposer_ext: DeviceImplAidl::DeviceClientContextAidl::ParseGetDispDump()
09-16 17:02:34.719   969   969 D libcomposer_ext: DeviceImplAidl::ParseGetDispDump(), dpy 1, dst (160, 120), dump_point 1
09-16 17:02:34.719   969   969 I hwcomposer: [HWC] getDispDump(), dpy 1, (822,7,982,127), (160, 120), (1, 2), (-1), (-1), (0xb400006f50ca3030)  
09-16 17:02:34.719   969   969 I hwcomposer: [DRMDEV] isSupportWbParams(), id_crtc 103, id_connector 34, dump_point 1, src(160, 120), dst(160, 120), config 2  
09-16 17:02:34.719   969   969 E hwcomposer: [DRMDEV] isSupportWbParams(), disp(1220, 2712)  
09-16 17:02:34.719   969   969 I hwcomposer: [DISP_DUMP] setDumpBuf(), dpy(0), src(822, 7, 982, 127), dst(160, 120), (1, 2), -1, (-1), (0xb400006f50ca3030)  
09-16 17:02:34.719   969   969 I hwcomposer: [HWC] (0)fire a callback of refresh to SF[9]  
09-16 17:02:34.726   969   969 D libcomposer_ext: DeviceImplAidl::DeviceClientContextAidl::NotifyDispDumpReady()
09-16 17:02:34.726  1583  1583 D libcomposer_ext: ClientCallbackAidl::asyncPerform(15)
09-16 17:02:34.726  1583  1583 D libcomposer_ext: ClientImplAidl::ParseNotifyDispDumpReady()
09-16 17:02:34.748  1583  2177 D libsensor-parseRGB: the value of RGB [0.000000 0.000000 0.000000]
09-16 17:02:34.758  1808  2297 E HyperSentinel: -------------------------------------------------------
09-16 17:02:34.758  1808  2297 E HyperSentinel: Event_OpenFileFDSize
09-16 17:02:34.758  1808  2297 E HyperSentinel: -> audit event by proc 1808 "system_server": Fd increasement, peak, 1049 -> 1219
09-16 17:02:34.758  1808  2296 D MiuiSentinelService: begin judgment FdAmountLeakException
09-16 17:02:34.763  1808  1808 E AmlWifiScoreReportInjector: current network is in roaming environment
09-16 17:02:34.763  1808  1808 I AmlMiuiThirdPartScorer: same score, no send
09-16 17:02:34.772  1583  2182 I libsensor-displayalgo: the value of channelCali C:0.008018,R:0.000000,G:0.000699,B:0.002546,scales C:1.053362,R:0.940208,G:1.080438,B:1.016771
09-16 17:02:34.772  1583  2182 D libsensor-displayalgo: brightness:8191.000000,flat_mode:0.000000,R1:0.000000,G1:0.000000,B1:0.000000,R2:0.407390,G2:0.429817,B2:0.408810,R3:1.125947,G3:1.187583,B3:1.129468,R4:0.000000,G4:0.000000,B4:0.000000,EVENT C:3191.000000,R:1823.000000,G:1640.000000,B:948.000000, lux: 148.973679
09-16 17:02:34.879   979  1143 E HfLooper: sensor imu_hand_detect in hal data=1000,999,0,0,10027,10
09-16 17:02:34.927   969  1656 I android.hardware.graphics.composer@3.2-service: Sensor: notify citsensorservice to trigger cwb
09-16 17:02:34.927  1583  2176 I libsensor-frameBufferManager: request dump start
09-16 17:02:34.927  1583  2176 D libcomposer_ext: ClientImplAidl::getDispDump(), dpy 1, dst (160, 120), dump_point 1, release_fence -1
09-16 17:02:34.927   969   969 D libcomposer_ext: DeviceImplAidl::syncPerform(14), client_handle: 1
09-16 17:02:34.927   969   969 D libcomposer_ext: DeviceImplAidl::DeviceClientContextAidl::ParseGetDispDump()
09-16 17:02:34.927   969   969 D libcomposer_ext: DeviceImplAidl::ParseGetDispDump(), dpy 1, dst (160, 120), dump_point 1
09-16 17:02:34.927   969   969 I hwcomposer: [HWC] getDispDump(), dpy 1, (822,7,982,127), (160, 120), (1, 2), (-1), (-1), (0xb400006f50ca61b0)  
09-16 17:02:34.927   969   969 I hwcomposer: [DRMDEV] isSupportWbParams(), id_crtc 103, id_connector 34, dump_point 1, src(160, 120), dst(160, 120), config 2  
09-16 17:02:34.927   969   969 E hwcomposer: [DRMDEV] isSupportWbParams(), disp(1220, 2712)  
09-16 17:02:34.927   969   969 I hwcomposer: [DISP_DUMP] setDumpBuf(), dpy(0), src(822, 7, 982, 127), dst(160, 120), (1, 2), -1, (-1), (0xb400006f50ca61b0)  
09-16 17:02:34.927   969   969 I hwcomposer: [HWC] (0)fire a callback of refresh to SF[9]  
09-16 17:02:34.936   969   969 D libcomposer_ext: DeviceImplAidl::DeviceClientContextAidl::NotifyDispDumpReady()
09-16 17:02:34.937  1583  1583 D libcomposer_ext: ClientCallbackAidl::asyncPerform(15)
09-16 17:02:34.937  1583  1583 D libcomposer_ext: ClientImplAidl::ParseNotifyDispDumpReady()
09-16 17:02:34.955  1583  2177 D libsensor-parseRGB: the value of RGB [0.000000 0.000000 0.000000]
09-16 17:02:34.969  1583  2182 I libsensor-displayalgo: the value of channelCali C:0.008018,R:0.000000,G:0.000699,B:0.002546,scales C:1.053362,R:0.940208,G:1.080438,B:1.016771
09-16 17:02:34.969  1583  2182 D libsensor-displayalgo: brightness:8191.000000,flat_mode:0.000000,R1:0.000000,G1:0.000000,B1:0.000000,R2:0.407390,G2:0.429817,B2:0.408810,R3:1.125947,G3:1.187583,B3:1.129468,R4:0.000000,G4:0.000000,B4:0.000000,EVENT C:3193.000000,R:1823.000000,G:1642.000000,B:949.000000, lux: 149.093750
09-16 17:02:35.124  1064  1064 I BufferQueueProducer: [FramebufferSurface](this:0xb400007aa4096710,id:-1,api:1,p:1064,c:1064) queueBuffer: fps=120.54 dur=1003.82 max=12.05 min=6.69
09-16 17:02:35.133   969  1656 I android.hardware.graphics.composer@3.2-service: Sensor: notify citsensorservice to trigger cwb
09-16 17:02:35.133  1583  2176 I libsensor-frameBufferManager: request dump start
09-16 17:02:35.133  1583  2176 D libcomposer_ext: ClientImplAidl::getDispDump(), dpy 1, dst (160, 120), dump_point 1, release_fence -1
09-16 17:02:35.134   969   969 D libcomposer_ext: DeviceImplAidl::syncPerform(14), client_handle: 1
09-16 17:02:35.134   969   969 D libcomposer_ext: DeviceImplAidl::DeviceClientContextAidl::ParseGetDispDump()
09-16 17:02:35.134   969   969 D libcomposer_ext: DeviceImplAidl::ParseGetDispDump(), dpy 1, dst (160, 120), dump_point 1
09-16 17:02:35.134   969   969 I hwcomposer: [HWC] getDispDump(), dpy 1, (822,7,982,127), (160, 120), (1, 2), (-1), (-1), (0xb400006f50ca62d0)  
09-16 17:02:35.134   969   969 I hwcomposer: [DRMDEV] isSupportWbParams(), id_crtc 103, id_connector 34, dump_point 1, src(160, 120), dst(160, 120), config 2  
09-16 17:02:35.134   969   969 E hwcomposer: [DRMDEV] isSupportWbParams(), disp(1220, 2712)  
09-16 17:02:35.134   969   969 I hwcomposer: [DISP_DUMP] setDumpBuf(), dpy(0), src(822, 7, 982, 127), dst(160, 120), (1, 2), -1, (-1), (0xb400006f50ca62d0)  
09-16 17:02:35.134   969   969 I hwcomposer: [HWC] (0)fire a callback of refresh to SF[9]  
09-16 17:02:35.142   969   969 D libcomposer_ext: DeviceImplAidl::DeviceClientContextAidl::NotifyDispDumpReady()
09-16 17:02:35.142  1583  1583 D libcomposer_ext: ClientCallbackAidl::asyncPerform(15)
09-16 17:02:35.142  1583  1583 D libcomposer_ext: ClientImplAidl::ParseNotifyDispDumpReady()
09-16 17:02:35.150  1808  4299 E TaskPersister: File error accessing recents directory (directory doesn't exist?).
09-16 17:02:35.160  1583  2177 D libsensor-parseRGB: the value of RGB [0.000000 0.000000 0.000000]
09-16 17:02:35.168  1583  2182 I libsensor-displayalgo: the value of channelCali C:0.008018,R:0.000000,G:0.000699,B:0.002546,scales C:1.053362,R:0.940208,G:1.080438,B:1.016771
09-16 17:02:35.168  1583  2182 D libsensor-displayalgo: brightness:8191.000000,flat_mode:0.000000,R1:0.000000,G1:0.000000,B1:0.000000,R2:0.407390,G2:0.429817,B2:0.408810,R3:1.125947,G3:1.187583,B3:1.129468,R4:0.000000,G4:0.000000,B4:0.000000,EVENT C:3203.000000,R:1829.000000,G:1644.000000,B:949.000000, lux: 149.685516
09-16 17:02:35.185  5936  7169 I AudioEffect: set 0xb400006ffa45e240 uuid: 0x6d67f686c0 timeLow ec7178ec
09-16 17:02:35.187  1808  2301 I SmartPower: com.google.android.gm/10183(7060): background->idle(3002ms) R(service create com.google.android.gm/androidx.work.impl.background.systemjob.SystemJobService) adj=905.
09-16 17:02:35.194  1051 30793 I AudioFlinger: createEffect pid 5936, effectClient 0xb400007399682550, priority -1, sessionId 0, io 0, factory 0xb4000073e9667820
09-16 17:02:35.196  1051 30793 D APM::AudioPolicyEngine: getDevices ForStrategy() strategy 0, device 0x2 avadevice 0x1, 0x2, 0x10000 sfu [0]:0, [1]:0, [4]:11
09-16 17:02:35.196  1051 30793 I AudioFlinger_Threads: createEffect_l() thread 0xb400007513402700 effect DAP on session 0
09-16 17:02:35.196  1051 30793 I AudioFlinger_Threads: createEffect_l() got effect 0xb40000736965e2d0 on chain 0xb4000073b967da90
09-16 17:02:35.196  1051 30793 V audio_utils::mutex: mutex_impl: audio_mutex initialized: ret:0  order:2
09-16 17:02:35.196  1051 30793 V EffectHandle: constructor 0xb40000727966d7d0 client 0xb400007399689260
09-16 17:02:35.196  1051 30793 V EffectBase: addHandle() 0xb40000736965e2e0 added handle 0xb40000727966d7d0 in position 1
09-16 17:02:35.197  1051 30793 V audio_utils::mutex: mutex_impl: audio_mutex initialized: ret:0  order:20
09-16 17:02:35.197  1051  1732 D AudioFlinger_Threads: updateWakeLockUids_l AudioOut_D uids:
09-16 17:02:35.200  5936  7169 I AudioEffect: set() 0xb400006ffa45e240 OK effect: DAP id: 227 status -17 enabled 0 pid 5936
09-16 17:02:35.200  5936  7169 I DolbyAudioEffect: Creating a DolbyAudioEffect to global output mix!
09-16 17:02:35.201  5936  7169 I AudioEffect: getParameter: param: 5, param2: -1
09-16 17:02:35.201  1051 30793 V EffectHandle: command(), cmdCode: 8, mHasControl: 0, mEffect: 0xb40000736965e2d0
09-16 17:02:35.201  1051 30793 V EffectModule: command, DAP cmdCode: 8, mEffectInterface: 0xb4000073e9675580
09-16 17:02:35.201   960  4680 I EffectsFactory: Effect_Command(): self = 0xb40000766defb210, cmdCode = 8
09-16 17:02:35.202   998   998 D DolbyManagerService: get parm event: 0x0
09-16 17:02:35.203  5936  7169 D MiEffectUtils: support google spatializer, getSpatialStatus: false
09-16 17:02:35.209  5936  7169 I AudioEffect: set 0xb400006ffa45a3d0 uuid: 0x6d67f686d0 timeLow ec7178ec
09-16 17:02:35.210  1051 30793 I AudioFlinger: createEffect pid 5936, effectClient 0xb400007399684120, priority -1, sessionId 0, io 0, factory 0xb4000073e9667820
09-16 17:02:35.211  1051 30793 D APM::AudioPolicyEngine: getDevices ForStrategy() strategy 0, device 0x2 avadevice 0x1, 0x2, 0x10000 sfu [0]:0, [1]:0, [4]:11
09-16 17:02:35.212  1051 30793 I AudioFlinger_Threads: createEffect_l() thread 0xb400007513402700 effect DAP on session 0
09-16 17:02:35.212  1051 30793 I AudioFlinger_Threads: createEffect_l() got effect 0xb40000736965e2d0 on chain 0xb4000073b967da90
09-16 17:02:35.212  1051 30793 V audio_utils::mutex: mutex_impl: audio_mutex initialized: ret:0  order:2
09-16 17:02:35.212  1051 30793 V EffectHandle: constructor 0xb40000727966f510 client 0xb400007399689260
09-16 17:02:35.212  1051 30793 V EffectBase: addHandle() 0xb40000736965e2e0 added handle 0xb40000727966f510 in position 1
09-16 17:02:35.212  1051 30793 V audio_utils::mutex: mutex_impl: audio_mutex initialized: ret:0  order:20
09-16 17:02:35.213  5936  7169 I AudioEffect: set() 0xb400006ffa45a3d0 OK effect: DAP id: 227 status -17 enabled 0 pid 5936
09-16 17:02:35.214  5936  7169 I DolbyAudioEffect: Creating a DolbyAudioEffect to global output mix!
09-16 17:02:35.215  5936  7169 I AudioEffect: getParameter: param: 5, param2: -1
09-16 17:02:35.215  1051 30793 V EffectHandle: command(), cmdCode: 8, mHasControl: 0, mEffect: 0xb40000736965e2d0
09-16 17:02:35.215  1051 30793 V EffectModule: command, DAP cmdCode: 8, mEffectInterface: 0xb4000073e9675580
09-16 17:02:35.215   960  4680 I EffectsFactory: Effect_Command(): self = 0xb40000766defb210, cmdCode = 8
09-16 17:02:35.216   998   998 D DolbyManagerService: get parm event: 0x0
09-16 17:02:35.217  5936  7169 D MiEffectUtils: support google spatializer, getSpatialStatus: false
09-16 17:02:35.221  3419  3444 D BluetoothDevice: getAddress: mAddress=XX:XX:XX:XX:2C:03
09-16 17:02:35.221  3419  3444 D BluetoothDevice: getAddress: mAddress=XX:XX:XX:XX:2D:87
09-16 17:02:35.221  3419  3444 D BluetoothDevice: getAddress: mAddress=XX:XX:XX:XX:CE:13
09-16 17:02:35.221  3419  3444 D BluetoothDevice: getAddress: mAddress=XX:XX:XX:XX:68:9E
09-16 17:02:35.221  3419  3444 D BluetoothDevice: getAddress: mAddress=XX:XX:XX:XX:80:44
09-16 17:02:35.221  3419  3444 D BluetoothDevice: getAddress: mAddress=XX:XX:XX:XX:6F:1E
09-16 17:02:35.221  3419  3444 D BluetoothDevice: getAddress: mAddress=XX:XX:XX:XX:21:F5
09-16 17:02:35.221  3419  3444 D BluetoothDevice: getAddress: mAddress=XX:XX:XX:XX:01:44
09-16 17:02:35.222  3419  3444 D BluetoothDevice: getAddress: mAddress=XX:XX:XX:XX:2C:03
09-16 17:02:35.222  3419  3444 D BluetoothDevice: getAddress: mAddress=XX:XX:XX:XX:2D:87
09-16 17:02:35.222  3419  3444 D BluetoothDevice: getAddress: mAddress=XX:XX:XX:XX:CE:13
09-16 17:02:35.222  3419  3444 D BluetoothDevice: getAddress: mAddress=XX:XX:XX:XX:68:9E
09-16 17:02:35.222  3419  3444 D BluetoothDevice: getAddress: mAddress=XX:XX:XX:XX:80:44
09-16 17:02:35.222  3419  3444 D BluetoothDevice: getAddress: mAddress=XX:XX:XX:XX:6F:1E
09-16 17:02:35.222  3419  3444 D BluetoothDevice: getAddress: mAddress=XX:XX:XX:XX:21:F5
09-16 17:02:35.222  3419  3444 D BluetoothDevice: getAddress: mAddress=XX:XX:XX:XX:01:44
09-16 17:02:35.224  3419  3444 D BluetoothDevice: getAddress: mAddress=XX:XX:XX:XX:2C:03
09-16 17:02:35.224  3419  3444 D BluetoothDevice: getAddress: mAddress=XX:XX:XX:XX:2D:87
09-16 17:02:35.224  3419  3444 D BluetoothDevice: getAddress: mAddress=XX:XX:XX:XX:CE:13
09-16 17:02:35.224  3419  3444 D BluetoothDevice: getAddress: mAddress=XX:XX:XX:XX:68:9E
09-16 17:02:35.224  3419  3444 D BluetoothDevice: getAddress: mAddress=XX:XX:XX:XX:80:44
09-16 17:02:35.224  3419  3444 D BluetoothDevice: getAddress: mAddress=XX:XX:XX:XX:6F:1E
09-16 17:02:35.224  3419  3444 D BluetoothDevice: getAddress: mAddress=XX:XX:XX:XX:21:F5
09-16 17:02:35.224  3419  3444 D BluetoothDevice: getAddress: mAddress=XX:XX:XX:XX:01:44
09-16 17:02:35.270   993  1035 I libPerfCtl: xgfGetFPS pid:2628 fps:-1
09-16 17:02:35.270   993  1035 I libPerfCtl: xgfGetFPS pid:6607 fps:-1
09-16 17:02:35.270   993  1035 I libPerfCtl: xgfGetFPS pid:7072 fps:-1
09-16 17:02:35.270   993  1035 I libPerfCtl: xgfGetFPS pid:28261 fps:-1
09-16 17:02:35.282   979  1143 E HfLooper: sensor imu_hand_detect in hal data=1000,999,0,0,10029,11
09-16 17:02:35.292  5936  7169 I AudioEffect: set 0xb400006ffa45a180 uuid: 0x6d67f686c0 timeLow ec7178ec
09-16 17:02:35.294  1808  2301 I SmartPower: com.google.android.gms.ui/10145(23448): background->idle(3003ms) R(service create com.google.android.gms/.chimera.UiIntentOperationService) adj=800.
09-16 17:02:35.294  1051 30793 I AudioFlinger: createEffect pid 5936, effectClient 0xb400007399681650, priority -1, sessionId 0, io 0, factory 0xb4000073e9667820
09-16 17:02:35.295  1051 30793 D APM::AudioPolicyEngine: getDevices ForStrategy() strategy 0, device 0x2 avadevice 0x1, 0x2, 0x10000 sfu [0]:0, [1]:0, [4]:11
09-16 17:02:35.295  1051 30793 I AudioFlinger_Threads: createEffect_l() thread 0xb400007513402700 effect DAP on session 0
09-16 17:02:35.295  1051 30793 I AudioFlinger_Threads: createEffect_l() got effect 0xb40000736965e2d0 on chain 0xb4000073b967da90
09-16 17:02:35.295  1051 30793 V audio_utils::mutex: mutex_impl: audio_mutex initialized: ret:0  order:2
09-16 17:02:35.295  1051 30793 V EffectHandle: constructor 0xb40000727966f210 client 0xb400007399689260
09-16 17:02:35.295  1051 30793 V EffectBase: addHandle() 0xb40000736965e2e0 added handle 0xb40000727966f210 in position 1
09-16 17:02:35.295  1051 30793 V audio_utils::mutex: mutex_impl: audio_mutex initialized: ret:0  order:20
09-16 17:02:35.296  5936  7169 I AudioEffect: set() 0xb400006ffa45a180 OK effect: DAP id: 227 status -17 enabled 0 pid 5936
09-16 17:02:35.296  5936  7169 I DolbyAudioEffect: Creating a DolbyAudioEffect to global output mix!
09-16 17:02:35.296  5936  7169 I AudioEffect: getParameter: param: 5, param2: -1
09-16 17:02:35.296  1051 30793 V EffectHandle: command(), cmdCode: 8, mHasControl: 0, mEffect: 0xb40000736965e2d0
09-16 17:02:35.296  1051 30793 V EffectModule: command, DAP cmdCode: 8, mEffectInterface: 0xb4000073e9675580
09-16 17:02:35.296   960  4680 I EffectsFactory: Effect_Command(): self = 0xb40000766defb210, cmdCode = 8
09-16 17:02:35.297   998   998 D DolbyManagerService: get parm event: 0x0
09-16 17:02:35.298  5936  7169 D MiEffectUtils: support google spatializer, getSpatialStatus: false
09-16 17:02:35.300  5936  7169 I AudioEffect: set 0xb400006ffa45f270 uuid: 0x6d67f686d0 timeLow ec7178ec
09-16 17:02:35.302  1051 30793 I AudioFlinger: createEffect pid 5936, effectClient 0xb40000739968a0c0, priority -1, sessionId 0, io 0, factory 0xb4000073e9667820
09-16 17:02:35.303  1051 30793 D APM::AudioPolicyEngine: getDevices ForStrategy() strategy 0, device 0x2 avadevice 0x1, 0x2, 0x10000 sfu [0]:0, [1]:0, [4]:11
09-16 17:02:35.304  1051 30793 I AudioFlinger_Threads: createEffect_l() thread 0xb400007513402700 effect DAP on session 0
09-16 17:02:35.304  1051 30793 I AudioFlinger_Threads: createEffect_l() got effect 0xb40000736965e2d0 on chain 0xb4000073b967da90
09-16 17:02:35.304  1051 30793 V audio_utils::mutex: mutex_impl: audio_mutex initialized: ret:0  order:2
09-16 17:02:35.304  1051 30793 V EffectHandle: constructor 0xb40000727966ee50 client 0xb400007399689260
09-16 17:02:35.304  1051 30793 V EffectBase: addHandle() 0xb40000736965e2e0 added handle 0xb40000727966ee50 in position 1
09-16 17:02:35.304  1051 30793 V audio_utils::mutex: mutex_impl: audio_mutex initialized: ret:0  order:20
09-16 17:02:35.305  5936  7169 I AudioEffect: set() 0xb400006ffa45f270 OK effect: DAP id: 227 status -17 enabled 0 pid 5936
09-16 17:02:35.305  5936  7169 I DolbyAudioEffect: Creating a DolbyAudioEffect to global output mix!
09-16 17:02:35.305  5936  7169 I AudioEffect: getParameter: param: 5, param2: -1
09-16 17:02:35.305  1051 30793 V EffectHandle: command(), cmdCode: 8, mHasControl: 0, mEffect: 0xb40000736965e2d0
09-16 17:02:35.306  1051 30793 V EffectModule: command, DAP cmdCode: 8, mEffectInterface: 0xb4000073e9675580
09-16 17:02:35.306   960  4680 I EffectsFactory: Effect_Command(): self = 0xb40000766defb210, cmdCode = 8
09-16 17:02:35.306   998   998 D DolbyManagerService: get parm event: 0x0
09-16 17:02:35.307  5936  7169 D MiEffectUtils: support google spatializer, getSpatialStatus: false
09-16 17:02:35.312  3419  3444 D BluetoothDevice: getAddress: mAddress=XX:XX:XX:XX:2C:03
09-16 17:02:35.312  3419  3444 D BluetoothDevice: getAddress: mAddress=XX:XX:XX:XX:2D:87
09-16 17:02:35.312  3419  3444 D BluetoothDevice: getAddress: mAddress=XX:XX:XX:XX:CE:13
09-16 17:02:35.312  3419  3444 D BluetoothDevice: getAddress: mAddress=XX:XX:XX:XX:68:9E
09-16 17:02:35.312  3419  3444 D BluetoothDevice: getAddress: mAddress=XX:XX:XX:XX:80:44
09-16 17:02:35.312  3419  3444 D BluetoothDevice: getAddress: mAddress=XX:XX:XX:XX:6F:1E
09-16 17:02:35.312  3419  3444 D BluetoothDevice: getAddress: mAddress=XX:XX:XX:XX:21:F5
09-16 17:02:35.312  3419  3444 D BluetoothDevice: getAddress: mAddress=XX:XX:XX:XX:01:44
09-16 17:02:35.313  3419  3444 D BluetoothDevice: getAddress: mAddress=XX:XX:XX:XX:2C:03
09-16 17:02:35.314  3419  3444 D BluetoothDevice: getAddress: mAddress=XX:XX:XX:XX:2D:87
09-16 17:02:35.314  3419  3444 D BluetoothDevice: getAddress: mAddress=XX:XX:XX:XX:CE:13
09-16 17:02:35.314  3419  3444 D BluetoothDevice: getAddress: mAddress=XX:XX:XX:XX:68:9E
09-16 17:02:35.314  3419  3444 D BluetoothDevice: getAddress: mAddress=XX:XX:XX:XX:80:44
09-16 17:02:35.314  3419  3444 D BluetoothDevice: getAddress: mAddress=XX:XX:XX:XX:6F:1E
09-16 17:02:35.314  3419  3444 D BluetoothDevice: getAddress: mAddress=XX:XX:XX:XX:21:F5
09-16 17:02:35.314  3419  3444 D BluetoothDevice: getAddress: mAddress=XX:XX:XX:XX:01:44
09-16 17:02:35.315  3419  3444 D BluetoothDevice: getAddress: mAddress=XX:XX:XX:XX:2C:03
09-16 17:02:35.315  3419  3444 D BluetoothDevice: getAddress: mAddress=XX:XX:XX:XX:2D:87
09-16 17:02:35.315  3419  3444 D BluetoothDevice: getAddress: mAddress=XX:XX:XX:XX:CE:13
09-16 17:02:35.315  3419  3444 D BluetoothDevice: getAddress: mAddress=XX:XX:XX:XX:68:9E
09-16 17:02:35.315  3419  3444 D BluetoothDevice: getAddress: mAddress=XX:XX:XX:XX:80:44
09-16 17:02:35.315  3419  3444 D BluetoothDevice: getAddress: mAddress=XX:XX:XX:XX:6F:1E
09-16 17:02:35.315  3419  3444 D BluetoothDevice: getAddress: mAddress=XX:XX:XX:XX:21:F5
09-16 17:02:35.315  3419  3444 D BluetoothDevice: getAddress: mAddress=XX:XX:XX:XX:01:44
09-16 17:02:35.318  5936  6881 I AudioEffect: Destructor 0xb400006ffa4630e0
09-16 17:02:35.318  1051 30793 V EffectHandle: disconnect 0xb40000727966c210
09-16 17:02:35.318  1051 30793 V EffectHandle: disconnect(true) 0xb40000727966c210
09-16 17:02:35.318  1051 30793 V EffectBase: disconnect() 0xb40000736965e2e0 handle 0xb40000727966c210
09-16 17:02:35.318  1051 30793 V EffectBase: removeHandle_l() 0xb40000736965e2e0 removed handle 0xb40000727966c210 in position 8
09-16 17:02:35.318  1051 30793 V audio_utils::mutex: mutex_impl: audio_mutex initialized: ret:0  order:20
09-16 17:02:35.318  1051 30793 W EffectHandle: disconnect Effect handle 0xb40000727966c210 disconnected after thread destruction
09-16 17:02:35.319  1051 30793 V EffectHandle: Destructor 0xb40000727966c210
09-16 17:02:35.319  1051 30793 V EffectHandle: disconnect(false) 0xb40000727966c210
09-16 17:02:35.320  5936  6881 I AudioEffect: Destructor 0xb400006ffa461c10
09-16 17:02:35.320  1051 18372 V EffectHandle: disconnect 0xb40000727966b3d0
09-16 17:02:35.321  1051 18372 V EffectHandle: disconnect(true) 0xb40000727966b3d0
09-16 17:02:35.321  1051 18372 V EffectBase: disconnect() 0xb40000736965e2e0 handle 0xb40000727966b3d0
09-16 17:02:35.321  1051 18372 V EffectBase: removeHandle_l() 0xb40000736965e2e0 removed handle 0xb40000727966b3d0 in position 7
09-16 17:02:35.321  1051 18372 V audio_utils::mutex: mutex_impl: audio_mutex initialized: ret:0  order:20
09-16 17:02:35.321  1051 18372 W EffectHandle: disconnect Effect handle 0xb40000727966b3d0 disconnected after thread destruction
09-16 17:02:35.321  1051 30793 V EffectHandle: Destructor 0xb40000727966b3d0
09-16 17:02:35.321  1051 30793 V EffectHandle: disconnect(false) 0xb40000727966b3d0
09-16 17:02:35.321  5936  6881 I AudioEffect: Destructor 0xb400006ffa459ce0
09-16 17:02:35.321  1051 18372 V EffectHandle: disconnect 0xb40000727966dad0
09-16 17:02:35.321  1051 18372 V EffectHandle: disconnect(true) 0xb40000727966dad0
09-16 17:02:35.321  1051 18372 V EffectBase: disconnect() 0xb40000736965e2e0 handle 0xb40000727966dad0
09-16 17:02:35.321  1051 18372 V EffectBase: removeHandle_l() 0xb40000736965e2e0 removed handle 0xb40000727966dad0 in position 6
09-16 17:02:35.321  1051 18372 V audio_utils::mutex: mutex_impl: audio_mutex initialized: ret:0  order:20
09-16 17:02:35.322  1051 18372 W EffectHandle: disconnect Effect handle 0xb40000727966dad0 disconnected after thread destruction
09-16 17:02:35.323  5936  6881 I AudioEffect: Destructor 0xb400006ffa45fe00
09-16 17:02:35.323  1051 30793 V EffectHandle: disconnect 0xb40000727966c990
09-16 17:02:35.323  1051 30793 V EffectHandle: disconnect(true) 0xb40000727966c990
09-16 17:02:35.323  1051 30793 V EffectBase: disconnect() 0xb40000736965e2e0 handle 0xb40000727966c990
09-16 17:02:35.323  1051 18372 V EffectHandle: Destructor 0xb40000727966dad0
09-16 17:02:35.323  1051 30793 V EffectBase: removeHandle_l() 0xb40000736965e2e0 removed handle 0xb40000727966c990 in position 5
09-16 17:02:35.323  1051 30793 V audio_utils::mutex: mutex_impl: audio_mutex initialized: ret:0  order:20
09-16 17:02:35.323  1051 30793 W EffectHandle: disconnect Effect handle 0xb40000727966c990 disconnected after thread destruction
09-16 17:02:35.323  1051 18372 V EffectHandle: disconnect(false) 0xb40000727966dad0
09-16 17:02:35.323  1051 30793 V EffectHandle: Destructor 0xb40000727966c990
09-16 17:02:35.323  5936  6881 I AudioEffect: Destructor 0xb400006ffa45e240
09-16 17:02:35.323  1051  3104 V EffectHandle: disconnect 0xb40000727966d7d0
09-16 17:02:35.323  1051  3104 V EffectHandle: disconnect(true) 0xb40000727966d7d0
09-16 17:02:35.323  1051  3104 V EffectBase: disconnect() 0xb40000736965e2e0 handle 0xb40000727966d7d0
09-16 17:02:35.323  1051  3104 V EffectBase: removeHandle_l() 0xb40000736965e2e0 removed handle 0xb40000727966d7d0 in position 4
09-16 17:02:35.323  1051 30793 V EffectHandle: disconnect(false) 0xb40000727966c990
09-16 17:02:35.323  1051  3104 V audio_utils::mutex: mutex_impl: audio_mutex initialized: ret:0  order:20
09-16 17:02:35.323  1051  3104 W EffectHandle: disconnect Effect handle 0xb40000727966d7d0 disconnected after thread destruction
09-16 17:02:35.324  5936  6881 I AudioEffect: Destructor 0xb400006ffa45a3d0
09-16 17:02:35.324  1051 12112 V EffectHandle: disconnect 0xb40000727966f510
09-16 17:02:35.324  1051 12112 V EffectHandle: disconnect(true) 0xb40000727966f510
09-16 17:02:35.324  1051 12112 V EffectBase: disconnect() 0xb40000736965e2e0 handle 0xb40000727966f510
09-16 17:02:35.324  1051 12112 V EffectBase: removeHandle_l() 0xb40000736965e2e0 removed handle 0xb40000727966f510 in position 3
09-16 17:02:35.324  1051 12112 V audio_utils::mutex: mutex_impl: audio_mutex initialized: ret:0  order:20
09-16 17:02:35.324  1051 12112 W EffectHandle: disconnect Effect handle 0xb40000727966f510 disconnected after thread destruction
09-16 17:02:35.324  5936  6881 I AudioEffect: Destructor 0xb400006ffa45a180
09-16 17:02:35.324  1051  1263 V EffectHandle: disconnect 0xb40000727966f210
09-16 17:02:35.324  1051 30793 V EffectHandle: Destructor 0xb40000727966f510
09-16 17:02:35.324  1051  1263 V EffectHandle: disconnect(true) 0xb40000727966f210
09-16 17:02:35.324  1051  1263 V EffectBase: disconnect() 0xb40000736965e2e0 handle 0xb40000727966f210
09-16 17:02:35.324  1051  1263 V EffectBase: removeHandle_l() 0xb40000736965e2e0 removed handle 0xb40000727966f210 in position 2
09-16 17:02:35.324  1051  1263 V audio_utils::mutex: mutex_impl: audio_mutex initialized: ret:0  order:20
09-16 17:02:35.324  1051 30793 V EffectHandle: disconnect(false) 0xb40000727966f510
09-16 17:02:35.324  1051  1263 W EffectHandle: disconnect Effect handle 0xb40000727966f210 disconnected after thread destruction
09-16 17:02:35.325  1051 30793 V EffectHandle: Destructor 0xb40000727966f210
09-16 17:02:35.325  1051 30793 V EffectHandle: disconnect(false) 0xb40000727966f210
09-16 17:02:35.326  1051 11630 V EffectHandle: Destructor 0xb40000727966d7d0
09-16 17:02:35.327  1051 11630 V EffectHandle: disconnect(false) 0xb40000727966d7d0
09-16 17:02:35.337  1064  1064 I BufferQueueProducer: [com.android.chrome/ChromeChildSurface#8442](this:0xb400007b6437ee90,id:-1,api:0,p:-1,c:1064) queueBuffer: fps=120.51 dur=1004.10 max=8.87 min=7.76
09-16 17:02:35.339   969  1656 I android.hardware.graphics.composer@3.2-service: Sensor: notify citsensorservice to trigger cwb
09-16 17:02:35.340  1583  2176 I libsensor-frameBufferManager: request dump start
09-16 17:02:35.340  1583  2176 D libcomposer_ext: ClientImplAidl::getDispDump(), dpy 1, dst (160, 120), dump_point 1, release_fence -1
09-16 17:02:35.340   969   969 D libcomposer_ext: DeviceImplAidl::syncPerform(14), client_handle: 1
09-16 17:02:35.340   969   969 D libcomposer_ext: DeviceImplAidl::DeviceClientContextAidl::ParseGetDispDump()
09-16 17:02:35.340   969   969 D libcomposer_ext: DeviceImplAidl::ParseGetDispDump(), dpy 1, dst (160, 120), dump_point 1
09-16 17:02:35.340   969   969 I hwcomposer: [HWC] getDispDump(), dpy 1, (822,7,982,127), (160, 120), (1, 2), (-1), (-1), (0xb400006f50ca3030)  
09-16 17:02:35.340   969   969 I hwcomposer: [DRMDEV] isSupportWbParams(), id_crtc 103, id_connector 34, dump_point 1, src(160, 120), dst(160, 120), config 2  
09-16 17:02:35.340   969   969 E hwcomposer: [DRMDEV] isSupportWbParams(), disp(1220, 2712)  
09-16 17:02:35.340   969   969 I hwcomposer: [DISP_DUMP] setDumpBuf(), dpy(0), src(822, 7, 982, 127), dst(160, 120), (1, 2), -1, (-1), (0xb400006f50ca3030)  
09-16 17:02:35.340   969   969 I hwcomposer: [HWC] (0)fire a callback of refresh to SF[9]  
09-16 17:02:35.347   969   969 D libcomposer_ext: DeviceImplAidl::DeviceClientContextAidl::NotifyDispDumpReady()
09-16 17:02:35.347  1583  1583 D libcomposer_ext: ClientCallbackAidl::asyncPerform(15)
09-16 17:02:35.347  1583  1583 D libcomposer_ext: ClientImplAidl::ParseNotifyDispDumpReady()
09-16 17:02:35.369  1064  1702 D MI-SF   : isTpIdleScene mSetTpIdleFlag 1, mSetLtpoTpIdleFlag 0
09-16 17:02:35.369  1583  2177 D libsensor-parseRGB: the value of RGB [0.000000 0.000000 0.000000]
09-16 17:02:35.369  1064  1702 D DisplayModeController: setDesiredMode 4627039422300187648 {mode={fps=60.00 Hz, modePtr={id=0, vsyncRate=60.00 Hz, peakRefreshRate=60.00 Hz}}, emitEvent=true, force=false}
09-16 17:02:35.369  1064  1702 D Scheduler: MtkOverrideDuration: update vsync 60
09-16 17:02:35.370  1064  1702 E SurfaceFlinger: MtkDuration override mode is disabled
09-16 17:02:35.370  1064  1702 D Scheduler: MtkOverrideDuration: reset override duration
09-16 17:02:35.370  1064  1702 I PowerHalWrapper: updateFps(): 60
09-16 17:02:35.371   969   969 I hwcomposer: [HWCDisplay] (0) setActiveConfigWithConstraints config:0  
09-16 17:02:35.371   969   969 I hwcomposer: [HWCDisplay] setActiveConfigWithConstraints(), now 19078638381906, diff 194231, estimated_applied_time 8333333 queued_size:0  
09-16 17:02:35.385   969  1721 I hwcomposer: [HWCDisplay] updateAppliedConfigState: applied config complete[idx:19078646715239, config:0]  
09-16 17:02:35.394  1064  1064 I PowerHalWrapper: updateFps(): 60
09-16 17:02:35.395  1064  1064 I PowerHalWrapper: updateFps(): 60
09-16 17:02:35.402  1808  1887 I DisplayDeviceRepository: Display device changed render timings: "Tela integrada", renderFrameRate=60.0, presentationDeadlineNanos=16600000, appVsyncOffsetNanos=1133334
09-16 17:02:35.406  1808  1887 D DisplayManagerService: Ignore redundant display event 0/2 to 10221/726
09-16 17:02:35.406  1808  1933 D BrightnessThermalClamper: Thermal status observer already started
09-16 17:02:35.407  1808  1887 D DisplayManagerService: Ignore redundant display event 0/2 to 10304/1297
09-16 17:02:35.407  1808  1882 W WindowManager:  displayMetricsChanged=false physicalDisplayChanged=false displayId=0 newUniqueId=local:4627039422300187648 currentUnique=local:4627039422300187648
09-16 17:02:35.408  1808  1882 D DisplayContentStubImpl: Display{#0 state=ON size=1220x2712 ROTATION_0} isActivityEmbeddingSplitEnable false
09-16 17:02:35.410  1808  1882 D MiuiRefreshRatePolicy: reset
09-16 17:02:35.411  1808  1887 D DisplayManagerService: Ignore redundant display event 0/2 to 10096/3478
09-16 17:02:35.411  1808  1887 D DisplayManagerService: Ignore redundant display event 0/2 to 10284/3527
09-16 17:02:35.412  1808  1887 D DisplayManagerService: Ignore redundant display event 0/2 to 10277/5951
09-16 17:02:35.413  1808  1887 D DisplayManagerService: Ignore redundant display event 0/2 to 10203/7336
09-16 17:02:35.413  1808  2248 D AudioSystem: +setParameters(): screen_state=on 
09-16 17:02:35.413  1808  1887 D DisplayManagerService: Ignore redundant display event 0/2 to 10375/7385
09-16 17:02:35.413  1808  1887 D DisplayManagerService: Ignore redundant display event 0/2 to 10272/9325
09-16 17:02:35.413  1808  1887 D DisplayManagerService: Ignore redundant display event 0/2 to 10162/10003
09-16 17:02:35.413  1808  1887 D DisplayManagerService: Ignore redundant display event 0/2 to 10122/10576
09-16 17:02:35.413  1808  1887 D DisplayManagerService: Ignore redundant display event 0/2 to 10286/11965
09-16 17:02:35.414  1808  1887 D DisplayManagerService: Ignore redundant display event 0/2 to 10171/13068
09-16 17:02:35.414  1808  1887 D DisplayManagerService: Ignore redundant display event 0/2 to 10299/14950
09-16 17:02:35.414  1808  1887 D DisplayManagerService: Ignore redundant display event 0/2 to 10333/15249
09-16 17:02:35.414  1808  1887 D DisplayManagerService: Ignore redundant display event 0/2 to 10468/18493
09-16 17:02:35.414  1808  1887 D DisplayManagerService: Ignore redundant display event 0/2 to 10308/18570
09-16 17:02:35.414  1808  1887 D DisplayManagerService: Ignore redundant display event 0/2 to 99910122/18711
09-16 17:02:35.414  1808  1887 D DisplayManagerService: Ignore redundant display event 0/2 to 10298/19155
09-16 17:02:35.414  1808  1887 D DisplayManagerService: Ignore redundant display event 0/2 to 10356/19602
09-16 17:02:35.414  1808  1887 D DisplayManagerService: Ignore redundant display event 0/2 to 10096/19852
09-16 17:02:35.414  1808  1887 D DisplayManagerService: Ignore redundant display event 0/2 to 10342/20542
09-16 17:02:35.414  1808  1887 D DisplayManagerService: Ignore redundant display event 0/2 to 10146/21035
09-16 17:02:35.414  1808  1887 D DisplayManagerService: Ignore redundant display event 0/2 to 10220/22015
09-16 17:02:35.414  1808  1887 D DisplayManagerService: Ignore redundant display event 0/2 to 10446/22832
09-16 17:02:35.414   969   969 I hwcomposer: [HWCDisplay] [Display_0 (type:1, mode:2)] fps:117.634369,dur:1003.11,max:25.22,min:6.65  
09-16 17:02:35.414  1808  1887 D DisplayManagerService: Ignore redundant display event 0/2 to 10275/24853
09-16 17:02:35.415  1808  1887 D DisplayManagerService: Ignore redundant display event 0/2 to 10150/28862
09-16 17:02:35.415  1808  1887 D DisplayManagerService: Ignore redundant display event 0/2 to 10294/29937
09-16 17:02:35.415  1808  1887 D DisplayManagerService: Ignore redundant display event 0/2 to 10302/30392
09-16 17:02:35.415  1808  1887 D DisplayManagerService: Ignore redundant display event 0/2 to 10212/30413
09-16 17:02:35.415  1808  1887 D DisplayManagerService: Ignore redundant display event 0/2 to 10448/31216
09-16 17:02:35.415  1808  1887 D DisplayManagerService: Ignore redundant display event 0/2 to 10282/31370
09-16 17:02:35.415  1808  1887 D DisplayManagerService: Ignore redundant display event 0/2 to 10159/32610
09-16 17:02:35.416  1808  1887 D DisplayManagerService: Ignore redundant display event 0/2 to 10287/32746
09-16 17:02:35.417  1808  1888 D MiuiRefreshRatePolicy: reset
09-16 17:02:35.417  1808  2248 D AudioSystem: start get log level!
09-16 17:02:35.421   960  4680 W libc    : Access denied finding property "AUDIO_FEATURE_REVERSE_MIC_DIRECTION_SUPPORT"
09-16 17:02:35.421   960  4680 D AudioALSAHardware: +setParameters(): screen_state=on
09-16 17:02:35.421   960  4680 D AudioALSAStreamOut: +setScreenState(), flag 2, mode 1
09-16 17:02:35.421   960  4680 D AudioALSAStreamOut: +setScreenState(), flag 8, mode 1
09-16 17:02:35.421   960  4680 D AudioALSAStreamOut: +setScreenState(), flag 4, mode 1
09-16 17:02:35.421   960  4680 D AudioALSAStreamOut: +setScreenState(), flag 32768, mode 1
09-16 17:02:35.421   960  4680 D AudioALSAStreamOut: +setScreenState(), flag 65536, mode 1
09-16 17:02:35.421   960  4680 D AudioALSAHardware: -setParameters(): screen_state=on
09-16 17:02:35.422   960  4680 D r_submix: adev_set_parameters() kvpairs='screen_state=on'
09-16 17:02:35.425  2628  3075 D MiuiGxzwAnimView: onDisplayChanged: oldState = 2, newState = 2
09-16 17:02:35.428  1808  1888 I ActivityTaskManager: visible for Task{c8b13a0 #153 type=standard A=10307:br.com.melhorafotoai.twa} visible = true isAnimating = false TRANSITION = false PARENTS = false CHILDREN = false
09-16 17:02:35.428  2628  2628 V AutoDensityController: on display changed 0 context dpi:497 origin dpi:480 target dpi:497
09-16 17:02:35.428  2628  2628 D ControlCenterWindowViewController: on display changed 0
09-16 17:02:35.428  2628  2628 V AODAutoDensityController: on display changed 0 context dpi:497 origin dpi:480 target dpi:497
09-16 17:02:35.430  2387  2387 W Launcher: onDisplayChanged: newRotation=0, mCurrentRotation=0
09-16 17:02:35.430  3419  3757 I BtGatt.ScanManager: msg.what = MSG_SCREEN_ON, msg.arg1 = None
09-16 17:02:35.431  2614  3099 D FiveGPowerController: onDisplayChanged to STATE ON
09-16 17:02:35.431  2614  3099 D FiveGPowerController: onDisplayChanged isLastScreenOn is still on,ignore current displayChanged!!!
09-16 17:02:35.433  2614 19671 D NetworkSpeedTracker: onDisplayChanged mIsScreenOn=true
09-16 17:02:35.433  2614 19671 D NetworkSpeedTracker: onUpdateDeviceState eventType=4,mIsScreenOn=true,mIsMobileDataOn=false
09-16 17:02:35.433  2614 19671 D NetworkSpeedTracker: stopDataPoll
09-16 17:02:35.473  1583  2182 I libsensor-displayalgo: the value of channelCali C:0.008018,R:0.000000,G:0.000699,B:0.002546,scales C:1.053362,R:0.940208,G:1.080438,B:1.016771
09-16 17:02:35.473  1583  2182 D libsensor-displayalgo: brightness:8191.000000,flat_mode:0.000000,R1:0.000000,G1:0.000000,B1:0.000000,R2:0.407390,G2:0.429817,B2:0.408810,R3:1.125947,G3:1.187583,B3:1.129468,R4:0.000000,G4:0.000000,B4:0.000000,EVENT C:3197.000000,R:1823.000000,G:1642.000000,B:947.000000, lux: 149.514618
09-16 17:02:35.547   969  1656 I android.hardware.graphics.composer@3.2-service: Sensor: notify citsensorservice to trigger cwb
09-16 17:02:35.548  1583  2176 I libsensor-frameBufferManager: request dump start
09-16 17:02:35.549  1583  2176 D libcomposer_ext: ClientImplAidl::getDispDump(), dpy 1, dst (160, 120), dump_point 1, release_fence -1
09-16 17:02:35.549   969   969 D libcomposer_ext: DeviceImplAidl::syncPerform(14), client_handle: 1
09-16 17:02:35.550   969   969 D libcomposer_ext: DeviceImplAidl::DeviceClientContextAidl::ParseGetDispDump()
09-16 17:02:35.550   969   969 D libcomposer_ext: DeviceImplAidl::ParseGetDispDump(), dpy 1, dst (160, 120), dump_point 1
09-16 17:02:35.550   969   969 I hwcomposer: [HWC] getDispDump(), dpy 1, (822,7,982,127), (160, 120), (1, 2), (-1), (-1), (0xb400006f50ca61b0)  
09-16 17:02:35.550   969   969 I hwcomposer: [DRMDEV] isSupportWbParams(), id_crtc 103, id_connector 34, dump_point 1, src(160, 120), dst(160, 120), config 0  
09-16 17:02:35.550   969   969 E hwcomposer: [DRMDEV] isSupportWbParams(), disp(1220, 2712)  
09-16 17:02:35.550   969   969 I hwcomposer: [DISP_DUMP] setDumpBuf(), dpy(0), src(822, 7, 982, 127), dst(160, 120), (1, 2), -1, (-1), (0xb400006f50ca61b0)  
09-16 17:02:35.550   969   969 I hwcomposer: [HWC] (0)fire a callback of refresh to SF[9]  
09-16 17:02:35.562   969   969 D libcomposer_ext: DeviceImplAidl::DeviceClientContextAidl::NotifyDispDumpReady()
09-16 17:02:35.563  1583  1583 D libcomposer_ext: ClientCallbackAidl::asyncPerform(15)
09-16 17:02:35.563  1583  1583 D libcomposer_ext: ClientImplAidl::ParseNotifyDispDumpReady()
09-16 17:02:35.594  1583  2177 D libsensor-parseRGB: the value of RGB [0.000000 0.000000 0.000000]
09-16 17:02:35.673  1583  2182 I libsensor-displayalgo: the value of channelCali C:0.008018,R:0.000000,G:0.000699,B:0.002546,scales C:1.053362,R:0.940208,G:1.080438,B:1.016771
09-16 17:02:35.673  1583  2182 D libsensor-displayalgo: brightness:8191.000000,flat_mode:0.000000,R1:0.000000,G1:0.000000,B1:0.000000,R2:0.407390,G2:0.429817,B2:0.408810,R3:1.125947,G3:1.187583,B3:1.129468,R4:0.000000,G4:0.000000,B4:0.000000,EVENT C:3204.000000,R:1828.000000,G:1646.000000,B:950.000000, lux: 149.762070
09-16 17:02:35.684   979  1143 E HfLooper: sensor imu_hand_detect in hal data=1000,999,0,0,10031,13
09-16 17:02:35.763   969  1656 I android.hardware.graphics.composer@3.2-service: Sensor: notify citsensorservice to trigger cwb
09-16 17:02:35.764  1583  2176 I libsensor-frameBufferManager: request dump start
09-16 17:02:35.764  1583  2176 D libcomposer_ext: ClientImplAidl::getDispDump(), dpy 1, dst (160, 120), dump_point 1, release_fence -1
09-16 17:02:35.765   969   969 D libcomposer_ext: DeviceImplAidl::syncPerform(14), client_handle: 1
09-16 17:02:35.765   969   969 D libcomposer_ext: DeviceImplAidl::DeviceClientContextAidl::ParseGetDispDump()
09-16 17:02:35.765   969   969 D libcomposer_ext: DeviceImplAidl::ParseGetDispDump(), dpy 1, dst (160, 120), dump_point 1
09-16 17:02:35.765   969   969 I hwcomposer: [HWC] getDispDump(), dpy 1, (822,7,982,127), (160, 120), (1, 2), (-1), (-1), (0xb400006f50ca62d0)  
09-16 17:02:35.765   969   969 I hwcomposer: [DRMDEV] isSupportWbParams(), id_crtc 103, id_connector 34, dump_point 1, src(160, 120), dst(160, 120), config 0  
09-16 17:02:35.765   969   969 E hwcomposer: [DRMDEV] isSupportWbParams(), disp(1220, 2712)  
09-16 17:02:35.765   969   969 I hwcomposer: [DISP_DUMP] setDumpBuf(), dpy(0), src(822, 7, 982, 127), dst(160, 120), (1, 2), -1, (-1), (0xb400006f50ca62d0)  
09-16 17:02:35.765   969   969 I hwcomposer: [HWC] (0)fire a callback of refresh to SF[9]  
09-16 17:02:35.779   969   969 D libcomposer_ext: DeviceImplAidl::DeviceClientContextAidl::NotifyDispDumpReady()
09-16 17:02:35.779  1583  1583 D libcomposer_ext: ClientCallbackAidl::asyncPerform(15)
09-16 17:02:35.779  1583  1583 D libcomposer_ext: ClientImplAidl::ParseNotifyDispDumpReady()
09-16 17:02:35.809  1583  2177 D libsensor-parseRGB: the value of RGB [0.000000 0.000000 0.000000]
09-16 17:02:35.857  2350  2350 D WifiHAL : WifiRequest::create vendor command to iface 37, vendor_id=0x1a11, subcmd=0x1200, res=0
09-16 17:02:35.870  1583  2182 I libsensor-displayalgo: the value of channelCali C:0.008018,R:0.000000,G:0.000699,B:0.002546,scales C:1.053362,R:0.940208,G:1.080438,B:1.016771
09-16 17:02:35.870  1583  2182 D libsensor-displayalgo: brightness:8191.000000,flat_mode:0.000000,R1:0.000000,G1:0.000000,B1:0.000000,R2:0.407390,G2:0.429817,B2:0.408810,R3:1.125947,G3:1.187583,B3:1.129468,R4:0.000000,G4:0.000000,B4:0.000000,EVENT C:3204.000000,R:1828.000000,G:1649.000000,B:950.000000, lux: 149.607407
09-16 17:02:35.877  2350  2350 I WifiHAL : LLS RSP: data=0xb40000750e29d660, len=4292
09-16 17:02:35.877  2350  2350 I WifiHAL : LLS check_data_sanity: 1801: current_radio_stat->num_channels=28
09-16 17:02:35.877  2350  2350 I WifiHAL : LLS check_data_sanity: 1801: current_radio_stat->num_channels=0
09-16 17:02:35.877  2350  2350 I WifiHAL : LLS check_data_sanity: confirmed_size=4292, len=4292
09-16 17:02:35.885  1808  2957 D Aurogon :  packageName = com.google.android.gms isAllowWakeUpList 
09-16 17:02:35.902  1808  2957 D Aurogon :  packageName = com.google.android.gms isAllowWakeUpList 
09-16 17:02:35.916  3285  5925 I NetworkScheduler.Stats: (REDACTED) Task %s/%s started execution. cause:%s exec_start_elapsed_seconds: %s
09-16 17:02:35.924  1808  2957 D Aurogon :  packageName = com.google.android.gms isAllowWakeUpList 
09-16 17:02:35.930  3285  6084 I NetworkScheduler.Stats: (REDACTED) Task %s/%s finished executing. cause:%s result: %s elapsed_millis: %s uptime_millis: %s exec_start_elapsed_seconds: %s
09-16 17:02:35.939  1808  2957 D Aurogon :  packageName = com.google.android.gms isAllowWakeUpList 
09-16 17:02:35.979   969  1656 I android.hardware.graphics.composer@3.2-service: Sensor: notify citsensorservice to trigger cwb
09-16 17:02:35.980  1583  2176 I libsensor-frameBufferManager: request dump start
09-16 17:02:35.980  1583  2176 D libcomposer_ext: ClientImplAidl::getDispDump(), dpy 1, dst (160, 120), dump_point 1, release_fence -1
09-16 17:02:35.981   969   969 D libcomposer_ext: DeviceImplAidl::syncPerform(14), client_handle: 1
09-16 17:02:35.981   969   969 D libcomposer_ext: DeviceImplAidl::DeviceClientContextAidl::ParseGetDispDump()
09-16 17:02:35.981   969   969 D libcomposer_ext: DeviceImplAidl::ParseGetDispDump(), dpy 1, dst (160, 120), dump_point 1
09-16 17:02:35.981   969   969 I hwcomposer: [HWC] getDispDump(), dpy 1, (822,7,982,127), (160, 120), (1, 2), (-1), (-1), (0xb400006f50ca3030)  
09-16 17:02:35.981   969   969 I hwcomposer: [DRMDEV] isSupportWbParams(), id_crtc 103, id_connector 34, dump_point 1, src(160, 120), dst(160, 120), config 0  
09-16 17:02:35.981   969   969 E hwcomposer: [DRMDEV] isSupportWbParams(), disp(1220, 2712)  
09-16 17:02:35.981   969   969 I hwcomposer: [DISP_DUMP] setDumpBuf(), dpy(0), src(822, 7, 982, 127), dst(160, 120), (1, 2), -1, (-1), (0xb400006f50ca3030)  
09-16 17:02:35.981   969   969 I hwcomposer: [HWC] (0)fire a callback of refresh to SF[9]  
09-16 17:02:35.994   969   969 D libcomposer_ext: DeviceImplAidl::DeviceClientContextAidl::NotifyDispDumpReady()
09-16 17:02:35.995  1583  1583 D libcomposer_ext: ClientCallbackAidl::asyncPerform(15)
09-16 17:02:35.995  1583  1583 D libcomposer_ext: ClientImplAidl::ParseNotifyDispDumpReady()
09-16 17:02:36.025  1583  2177 D libsensor-parseRGB: the value of RGB [0.000000 0.000000 0.000000]
09-16 17:02:36.070  1583  2182 I libsensor-displayalgo: the value of channelCali C:0.008018,R:0.000000,G:0.000699,B:0.002546,scales C:1.053362,R:0.940208,G:1.080438,B:1.016771
09-16 17:02:36.070  1583  2182 D libsensor-displayalgo: brightness:8191.000000,flat_mode:0.000000,R1:0.000000,G1:0.000000,B1:0.000000,R2:0.407390,G2:0.429817,B2:0.408810,R3:1.125947,G3:1.187583,B3:1.129468,R4:0.000000,G4:0.000000,B4:0.000000,EVENT C:3198.000000,R:1821.000000,G:1642.000000,B:949.000000, lux: 149.765503
09-16 17:02:36.089   979  1143 E HfLooper: sensor imu_hand_detect in hal data=1000,999,0,0,10054,33
09-16 17:02:36.128  1064  1064 I BufferQueueProducer: [FramebufferSurface](this:0xb400007aa4096710,id:-1,api:1,p:1064,c:1064) queueBuffer: fps=74.73 dur=1003.67 max=25.12 min=7.49
09-16 17:02:36.195   969  1656 I android.hardware.graphics.composer@3.2-service: Sensor: notify citsensorservice to trigger cwb
09-16 17:02:36.196  1583  2176 I libsensor-frameBufferManager: request dump start
09-16 17:02:36.196  1583  2176 D libcomposer_ext: ClientImplAidl::getDispDump(), dpy 1, dst (160, 120), dump_point 1, release_fence -1
09-16 17:02:36.196   969   969 D libcomposer_ext: DeviceImplAidl::syncPerform(14), client_handle: 1
09-16 17:02:36.196   969   969 D libcomposer_ext: DeviceImplAidl::DeviceClientContextAidl::ParseGetDispDump()
09-16 17:02:36.196   969   969 D libcomposer_ext: DeviceImplAidl::ParseGetDispDump(), dpy 1, dst (160, 120), dump_point 1
09-16 17:02:36.196   969   969 I hwcomposer: [HWC] getDispDump(), dpy 1, (822,7,982,127), (160, 120), (1, 2), (-1), (-1), (0xb400006f50ca61b0)  
09-16 17:02:36.196   969   969 I hwcomposer: [DRMDEV] isSupportWbParams(), id_crtc 103, id_connector 34, dump_point 1, src(160, 120), dst(160, 120), config 0  
09-16 17:02:36.196   969   969 E hwcomposer: [DRMDEV] isSupportWbParams(), disp(1220, 2712)  
09-16 17:02:36.196   969   969 I hwcomposer: [DISP_DUMP] setDumpBuf(), dpy(0), src(822, 7, 982, 127), dst(160, 120), (1, 2), -1, (-1), (0xb400006f50ca61b0)  
09-16 17:02:36.197   969   969 I hwcomposer: [HWC] (0)fire a callback of refresh to SF[9]  
09-16 17:02:36.211   969   969 D libcomposer_ext: DeviceImplAidl::DeviceClientContextAidl::NotifyDispDumpReady()
09-16 17:02:36.211  1583  1583 D libcomposer_ext: ClientCallbackAidl::asyncPerform(15)
09-16 17:02:36.211  1583  1583 D libcomposer_ext: ClientImplAidl::ParseNotifyDispDumpReady()
09-16 17:02:36.242  1583  2177 D libsensor-parseRGB: the value of RGB [0.000000 0.000000 0.000000]
09-16 17:02:36.271   993  1035 I libPerfCtl: xgfGetFPS pid:2628 fps:-1
09-16 17:02:36.271   993  1035 I libPerfCtl: xgfGetFPS pid:6607 fps:-1
09-16 17:02:36.271  1583  2182 I libsensor-displayalgo: the value of channelCali C:0.008018,R:0.000000,G:0.000699,B:0.002546,scales C:1.053362,R:0.940208,G:1.080438,B:1.016771
09-16 17:02:36.271   993  1035 I libPerfCtl: xgfGetFPS pid:7072 fps:-1
09-16 17:02:36.271   993  1035 I libPerfCtl: xgfGetFPS pid:28261 fps:-1
09-16 17:02:36.271  1583  2182 D libsensor-displayalgo: brightness:8191.000000,flat_mode:0.000000,R1:0.000000,G1:0.000000,B1:0.000000,R2:0.407390,G2:0.429817,B2:0.408810,R3:1.125947,G3:1.187583,B3:1.129468,R4:0.000000,G4:0.000000,B4:0.000000,EVENT C:3218.000000,R:1829.000000,G:1655.000000,B:956.000000, lux: 150.789154
09-16 17:02:36.341  1064  1064 I BufferQueueProducer: [com.android.chrome/ChromeChildSurface#8442](this:0xb400007b6437ee90,id:-1,api:0,p:-1,c:1064) queueBuffer: fps=61.76 dur=1003.96 max=24.74 min=8.20
09-16 17:02:36.411   969  1656 I android.hardware.graphics.composer@3.2-service: Sensor: notify citsensorservice to trigger cwb
09-16 17:02:36.412  1583  2176 I libsensor-frameBufferManager: request dump start
09-16 17:02:36.412  1583  2176 D libcomposer_ext: ClientImplAidl::getDispDump(), dpy 1, dst (160, 120), dump_point 1, release_fence -1
09-16 17:02:36.412   969   969 D libcomposer_ext: DeviceImplAidl::syncPerform(14), client_handle: 1
09-16 17:02:36.413   969   969 D libcomposer_ext: DeviceImplAidl::DeviceClientContextAidl::ParseGetDispDump()
09-16 17:02:36.413   969   969 D libcomposer_ext: DeviceImplAidl::ParseGetDispDump(), dpy 1, dst (160, 120), dump_point 1
09-16 17:02:36.413   969   969 I hwcomposer: [HWC] getDispDump(), dpy 1, (822,7,982,127), (160, 120), (1, 2), (-1), (-1), (0xb400006f50ca62d0)  
09-16 17:02:36.413   969   969 I hwcomposer: [DRMDEV] isSupportWbParams(), id_crtc 103, id_connector 34, dump_point 1, src(160, 120), dst(160, 120), config 0  
09-16 17:02:36.413   969   969 E hwcomposer: [DRMDEV] isSupportWbParams(), disp(1220, 2712)  
09-16 17:02:36.413   969   969 I hwcomposer: [DISP_DUMP] setDumpBuf(), dpy(0), src(822, 7, 982, 127), dst(160, 120), (1, 2), -1, (-1), (0xb400006f50ca62d0)  
09-16 17:02:36.413   969   969 I hwcomposer: [HWC] (0)fire a callback of refresh to SF[9]  
09-16 17:02:36.427   969   969 I hwcomposer: [HWCDisplay] [Display_0 (type:1, mode:2)] fps:60.260921,dur:1012.26,max:19.39,min:14.74  
09-16 17:02:36.427   969   969 D libcomposer_ext: DeviceImplAidl::DeviceClientContextAidl::NotifyDispDumpReady()
09-16 17:02:36.427  1583  1583 D libcomposer_ext: ClientCallbackAidl::asyncPerform(15)
09-16 17:02:36.427  1583  1583 D libcomposer_ext: ClientImplAidl::ParseNotifyDispDumpReady()
09-16 17:02:36.458  1583  2177 D libsensor-parseRGB: the value of RGB [0.000000 0.000000 0.000000]
09-16 17:02:36.469  1583  2182 I libsensor-displayalgo: the value of channelCali C:0.008018,R:0.000000,G:0.000699,B:0.002546,scales C:1.053362,R:0.940208,G:1.080438,B:1.016771
09-16 17:02:36.469  1583  2182 D libsensor-displayalgo: brightness:8191.000000,flat_mode:0.000000,R1:0.000000,G1:0.000000,B1:0.000000,R2:0.407390,G2:0.429817,B2:0.408810,R3:1.125947,G3:1.187583,B3:1.129468,R4:0.000000,G4:0.000000,B4:0.000000,EVENT C:3209.000000,R:1821.000000,G:1649.000000,B:952.000000, lux: 150.616211
09-16 17:02:36.483  1009  1009 E vendor.xiaomi.hardware.micharge-service: Failed to open node /sys/class/power_supply/wireless/reverse_chg_mode
09-16 17:02:36.483  1009  1009 I vendor.xiaomi.hardware.micharge-service: ReadFilePathValue path = /sys/class/power_supply/wireless/reverse_chg_mode value = 
09-16 17:02:36.483  1808  1865 E IMiCharge: MiCharge method 32 val = 
09-16 17:02:36.485  5936  7063 I ProcAudioPowerManager: onBatteryChanged, onBattery is false
09-16 17:02:36.486  1808  1808 D UiModeManager: updateConfigurationLocked: mDockState=0; mCarMode=false; mCar=false; mPowerSave=false; mOverrideNightModeOn=false; mOverrideNightModeOff=false; mComputedNightMode=false; mNightModeValue=1; uiMode=17
09-16 17:02:36.486  1009  1009 I vendor.xiaomi.hardware.micharge-service: ReadFilePathValue path = /sys/class/power_supply/bms/fastcharge_mode value = 0
09-16 17:02:36.486  5936  7063 D PowerKeeper.FrozenApp: onBatteryChanged plug=true mBatteryPlugged=1
09-16 17:02:36.487  1808  1865 E IMiCharge: MiCharge method 16 val = 0
09-16 17:02:36.488  5936  9442 D PowerCheckerService: onBatteryChanged, mBatteryLevel = 58, status = 2, level = 58, plug = 1, scale = 100
09-16 17:02:36.488  5936  7552 D PowerKeeper.Thermal: mBatteryTemperature: 34
09-16 17:02:36.488   979  1143 E HfLooper: sensor imu_hand_detect in hal data=1000,999,0,0,10078,39
09-16 17:02:36.494  5737  5737 I PowerSaveService: onReceive: android.intent.action.BATTERY_CHANGED
09-16 17:02:36.495  5737  5737 I PowerNoticeUI: handleBatteryChanged oldPlugType 1 mPlugType 1 oldBatteryLevel 58 mBatteryLevel 58 temperature 341
09-16 17:02:36.495  5737  5737 I ChargerBatteryIntelligenceReceiver: onBatteryChanged temperature：34,plugType:1
09-16 17:02:36.495  5737  5737 I ChargerBatteryIntelligenceReceiver: dissmissTempFastChargeReminder not support
09-16 17:02:36.496  1009  1009 I vendor.xiaomi.hardware.micharge-service: ReadFilePathValue path = /sys/class/power_supply/usb/real_type value = CDP
09-16 17:02:36.497  5737  5737 E IMiCharge: MiCharge method 4 val = CDP
09-16 17:02:36.497  5737  5737 I IMiChargeUtils: getIMiChargeStringValue method:getBatteryChargeType,value:CDP
09-16 17:02:36.497  5737  5737 I IMiChargeUtils: getBatteryChargeType : CDP
09-16 17:02:36.497  5737  5737 I ChargeTimeUtilsV2: chargeType:CDP
09-16 17:02:36.497  5737  5737 I PowerFeatureUtils: getVendorName:mediatek
09-16 17:02:36.497  5737  5737 I PowerFeatureUtils: getVendorName:mediatek
09-16 17:02:36.550  1808  2134 W ActivityManagerServiceImpl: Sending non-protected broadcast miui.intent.action.CYCLE_CHECK from system uid 1000 pkg android. Callers=com.android.server.am.ActivityManagerService.checkBroadcastFromSystem:16365 com.android.server.am.ActivityManagerService.broadcastIntentLockedTraced:17236 com.android.server.am.ActivityManagerService.broadcastIntentLocked:16425 com.android.server.am.ActivityManagerService.broadcastIntentInPackage:17497 com.android.server.am.ActivityManagerService$LocalService.broadcastIntentInPackage:20342 
09-16 17:02:36.564  1808  2063 E JobScheduler.Background: Couldn't determine stopped state for unknown package: com.google.android.apps.turbo
09-16 17:02:36.565  1808  2063 E JobScheduler.Background: Couldn't determine stopped state for unknown package: com.google.android.apps.turbo
09-16 17:02:36.566  1808  2063 E JobScheduler.Background: Couldn't determine stopped state for unknown package: com.google.android.apps.turbo
09-16 17:02:36.570  1009  1009 I vendor.xiaomi.hardware.micharge-service: ReadFilePathValue path = /sys/class/power_supply/battery/temp value = 341
09-16 17:02:36.570  1808  1865 E IMiCharge: MiCharge method 9 val = 341
09-16 17:02:36.572  1009  1009 I vendor.xiaomi.hardware.micharge-service: ReadFilePathValue path = /sys/class/power_supply/battery/charge_control_limit value = 0
09-16 17:02:36.572  1808  1865 E IMiCharge: MiCharge method 10 val = 0
09-16 17:02:36.626   969  1656 I android.hardware.graphics.composer@3.2-service: Sensor: notify citsensorservice to trigger cwb
09-16 17:02:36.627  1583  2176 I libsensor-frameBufferManager: request dump start
09-16 17:02:36.628  1583  2176 D libcomposer_ext: ClientImplAidl::getDispDump(), dpy 1, dst (160, 120), dump_point 1, release_fence -1
09-16 17:02:36.628   969   969 D libcomposer_ext: DeviceImplAidl::syncPerform(14), client_handle: 1
09-16 17:02:36.628   969   969 D libcomposer_ext: DeviceImplAidl::DeviceClientContextAidl::ParseGetDispDump()
09-16 17:02:36.628   969   969 D libcomposer_ext: DeviceImplAidl::ParseGetDispDump(), dpy 1, dst (160, 120), dump_point 1
09-16 17:02:36.629   969   969 I hwcomposer: [HWC] getDispDump(), dpy 1, (822,7,982,127), (160, 120), (1, 2), (-1), (-1), (0xb400006f50ca3030)  
09-16 17:02:36.629   969   969 I hwcomposer: [DRMDEV] isSupportWbParams(), id_crtc 103, id_connector 34, dump_point 1, src(160, 120), dst(160, 120), config 0  
09-16 17:02:36.629   969   969 E hwcomposer: [DRMDEV] isSupportWbParams(), disp(1220, 2712)  
09-16 17:02:36.629   969   969 I hwcomposer: [DISP_DUMP] setDumpBuf(), dpy(0), src(822, 7, 982, 127), dst(160, 120), (1, 2), -1, (-1), (0xb400006f50ca3030)  
09-16 17:02:36.629   969   969 I hwcomposer: [HWC] (0)fire a callback of refresh to SF[9]  
09-16 17:02:36.643   969   969 D libcomposer_ext: DeviceImplAidl::DeviceClientContextAidl::NotifyDispDumpReady()
09-16 17:02:36.644  1583  1583 D libcomposer_ext: ClientCallbackAidl::asyncPerform(15)
09-16 17:02:36.644  1583  1583 D libcomposer_ext: ClientImplAidl::ParseNotifyDispDumpReady()
09-16 17:02:36.664  2614  2614 W Settings: Setting airplane_mode_on has moved from android.provider.Settings.System to android.provider.Settings.Global, returning read-only value.
09-16 17:02:36.665  2614  2614 W Settings: Setting airplane_mode_on has moved from android.provider.Settings.System to android.provider.Settings.Global, returning read-only value.
09-16 17:02:36.673  1583  2177 D libsensor-parseRGB: the value of RGB [0.000000 0.000000 0.000000]
09-16 17:02:36.674  2614 19671 D NetworkSpeedTracker: updateNwSignalInfo not allowed ,ignore
09-16 17:02:36.674  2614  3113 D MiuiTelephonyDFS: msg.what = 2
09-16 17:02:36.674  2614  3113 D MiuiTelephonyDFS: getVoiceRat = 13
09-16 17:02:36.674  2614  3113 D MiuiTelephonyDFS: getRsrp = -99
09-16 17:02:36.674  2614  3113 D MiuiTelephonyDFS: getVoiceRat = 13
09-16 17:02:36.674  2614  3113 D MiuiTelephonyDFS: getSnr = -2
09-16 17:02:36.674  2614  3113 D MiSight::  constructEvent id=915100005
09-16 17:02:36.674  2614  3113 D MiSight::  sendEvent id=915100005
09-16 17:02:36.674  2614  3113 D MiSightJni: MiSight: Java_com_miui_misight_MiSight_nativeSendEvent enter called. '{"SNRValue":-2}'
09-16 17:02:36.674  2614  3113 D MiEvent : MiEvent: this 0x6c9d9a80c0, paylod=0xb400006efa4ebbb0
09-16 17:02:36.675  2614  3126 D SelfStudyController: handleMessage msg.what is 1035
09-16 17:02:36.675  2614  3113 D MiEvent : flatten EventId 915100005 -t 1758052956 -paraList {"SNRValue":-2}
09-16 17:02:36.675  2614  3113 I MiEvent : report:no open miev 2
09-16 17:02:36.675  2614  3113 D MiEvent : ~MiEvent: this 0x6c9d9a80c0, paylod=0xb400006efa4ebbb0
09-16 17:02:36.675  2614  3113 E MiSightJni: MiSight: nativeSendEvent fail
09-16 17:02:36.677  2614  3113 D MiuiTelephonyDFS: msg.what = 2
09-16 17:02:36.677  2614  3113 D MiuiTelephonyDFS: getVoiceRat = 13
09-16 17:02:36.677  2614  3113 D MiuiTelephonyDFS: getRsrp = -99
09-16 17:02:36.677  2614  3113 D MiuiTelephonyDFS: getVoiceRat = 13
09-16 17:02:36.677  2614  3113 D MiuiTelephonyDFS: getSnr = -2
09-16 17:02:36.677  2614  3113 D MiSight::  constructEvent id=915100005
09-16 17:02:36.677  2614 19671 D NetworkSpeedTracker: updateNwSignalInfo not allowed ,ignore
09-16 17:02:36.677  2614  3113 D MiSight::  sendEvent id=915100005
09-16 17:02:36.677  2614  3113 D MiSightJni: MiSight: Java_com_miui_misight_MiSight_nativeSendEvent enter called. '{"SNRValue":-2}'
09-16 17:02:36.677  2614  3113 D MiEvent : MiEvent: this 0x6c9d9a80c0, paylod=0xb400006efa4ebbb0
09-16 17:02:36.677  2614  3113 D MiEvent : flatten EventId 915100005 -t 1758052956 -paraList {"SNRValue":-2}
09-16 17:02:36.677  2614  3113 I MiEvent : report:no open miev 2
09-16 17:02:36.677  2614  3113 D MiEvent : ~MiEvent: this 0x6c9d9a80c0, paylod=0xb400006efa4ebbb0
09-16 17:02:36.677  2614  3113 E MiSightJni: MiSight: nativeSendEvent fail
09-16 17:02:36.679  2614  3126 D SelfStudyController: handleMessage msg.what is 1035
09-16 17:02:36.772  1583  2182 I libsensor-displayalgo: the value of channelCali C:0.008018,R:0.000000,G:0.000699,B:0.002546,scales C:1.053362,R:0.940208,G:1.080438,B:1.016771
09-16 17:02:36.772  1583  2182 D libsensor-displayalgo: brightness:8191.000000,flat_mode:0.000000,R1:0.000000,G1:0.000000,B1:0.000000,R2:0.407390,G2:0.429817,B2:0.408810,R3:1.125947,G3:1.187583,B3:1.129468,R4:0.000000,G4:0.000000,B4:0.000000,EVENT C:3236.000000,R:1833.000000,G:1664.000000,B:961.000000, lux: 152.048889
09-16 17:02:36.842   969  1656 I android.hardware.graphics.composer@3.2-service: Sensor: notify citsensorservice to trigger cwb
09-16 17:02:36.843  1583  2176 I libsensor-frameBufferManager: request dump start
09-16 17:02:36.843  1583  2176 D libcomposer_ext: ClientImplAidl::getDispDump(), dpy 1, dst (160, 120), dump_point 1, release_fence -1
09-16 17:02:36.844   969   969 D libcomposer_ext: DeviceImplAidl::syncPerform(14), client_handle: 1
09-16 17:02:36.844   969   969 D libcomposer_ext: DeviceImplAidl::DeviceClientContextAidl::ParseGetDispDump()
09-16 17:02:36.844   969   969 D libcomposer_ext: DeviceImplAidl::ParseGetDispDump(), dpy 1, dst (160, 120), dump_point 1
09-16 17:02:36.844   969   969 I hwcomposer: [HWC] getDispDump(), dpy 1, (822,7,982,127), (160, 120), (1, 2), (-1), (-1), (0xb400006f50ca61b0)  
09-16 17:02:36.844   969   969 I hwcomposer: [DRMDEV] isSupportWbParams(), id_crtc 103, id_connector 34, dump_point 1, src(160, 120), dst(160, 120), config 0  
09-16 17:02:36.844   969   969 E hwcomposer: [DRMDEV] isSupportWbParams(), disp(1220, 2712)  
09-16 17:02:36.844   969   969 I hwcomposer: [DISP_DUMP] setDumpBuf(), dpy(0), src(822, 7, 982, 127), dst(160, 120), (1, 2), -1, (-1), (0xb400006f50ca61b0)  
09-16 17:02:36.844   969   969 I hwcomposer: [HWC] (0)fire a callback of refresh to SF[9]  
09-16 17:02:36.859   969   969 D libcomposer_ext: DeviceImplAidl::DeviceClientContextAidl::NotifyDispDumpReady()
09-16 17:02:36.859  1583  1583 D libcomposer_ext: ClientCallbackAidl::asyncPerform(15)
09-16 17:02:36.859  1583  1583 D libcomposer_ext: ClientImplAidl::ParseNotifyDispDumpReady()
09-16 17:02:36.884   979  1143 E HfLooper: sensor imu_hand_detect in hal data=1000,999,0,0,10083,35
09-16 17:02:36.887  1583  2177 D libsensor-parseRGB: the value of RGB [0.000000 0.000000 0.000000]
09-16 17:02:36.919  1009  1009 E vendor.xiaomi.hardware.micharge-service: Failed to open node /sys/class/power_supply/wireless/reverse_chg_mode
09-16 17:02:36.920  1009  1009 I vendor.xiaomi.hardware.micharge-service: ReadFilePathValue path = /sys/class/power_supply/wireless/reverse_chg_mode value = 
09-16 17:02:36.920  1808  1865 E IMiCharge: MiCharge method 32 val = 
09-16 17:02:36.922  1009  1009 I vendor.xiaomi.hardware.micharge-service: ReadFilePathValue path = /sys/class/power_supply/bms/fastcharge_mode value = 0
09-16 17:02:36.925  5936  7063 I ProcAudioPowerManager: onBatteryChanged, onBattery is false
09-16 17:02:36.925  5936  7063 D PowerKeeper.FrozenApp: onBatteryChanged plug=true mBatteryPlugged=1
09-16 17:02:36.925  5936  9442 D PowerCheckerService: onBatteryChanged, mBatteryLevel = 58, status = 2, level = 58, plug = 1, scale = 100
09-16 17:02:36.926  5936  7552 D PowerKeeper.Thermal: mBatteryTemperature: 34
09-16 17:02:36.926  5737  5737 I PowerSaveService: onReceive: android.intent.action.BATTERY_CHANGED
09-16 17:02:36.926  1808  1865 E IMiCharge: MiCharge method 16 val = 0
09-16 17:02:36.927  1808  1808 D UiModeManager: updateConfigurationLocked: mDockState=0; mCarMode=false; mCar=false; mPowerSave=false; mOverrideNightModeOn=false; mOverrideNightModeOff=false; mComputedNightMode=false; mNightModeValue=1; uiMode=17
09-16 17:02:36.927  5737  5737 I PowerNoticeUI: handleBatteryChanged oldPlugType 1 mPlugType 1 oldBatteryLevel 58 mBatteryLevel 58 temperature 342
09-16 17:02:36.927  5737  5737 I ChargerBatteryIntelligenceReceiver: onBatteryChanged temperature：34,plugType:1
09-16 17:02:36.930  1009  1009 I vendor.xiaomi.hardware.micharge-service: ReadFilePathValue path = /sys/class/power_supply/usb/real_type value = CDP
09-16 17:02:36.930  5737  5737 E IMiCharge: MiCharge method 4 val = CDP
09-16 17:02:36.930  5737  5737 I IMiChargeUtils: getIMiChargeStringValue method:getBatteryChargeType,value:CDP
09-16 17:02:36.930  5737  5737 I IMiChargeUtils: getBatteryChargeType : CDP
09-16 17:02:36.930  5737  5737 I ChargeTimeUtilsV2: chargeType:CDP
09-16 17:02:36.930  5737  5737 I PowerFeatureUtils: getVendorName:mediatek
09-16 17:02:36.930  5737  5737 I PowerFeatureUtils: getVendorName:mediatek
09-16 17:02:36.969  1583  2182 I libsensor-displayalgo: the value of channelCali C:0.008018,R:0.000000,G:0.000699,B:0.002546,scales C:1.053362,R:0.940208,G:1.080438,B:1.016771
09-16 17:02:36.970  1583  2182 D libsensor-displayalgo: brightness:8191.000000,flat_mode:0.000000,R1:0.000000,G1:0.000000,B1:0.000000,R2:0.407390,G2:0.429817,B2:0.408810,R3:1.125947,G3:1.187583,B3:1.129468,R4:0.000000,G4:0.000000,B4:0.000000,EVENT C:3252.000000,R:1842.000000,G:1674.000000,B:963.000000, lux: 152.696838
09-16 17:02:37.010  1808  2213 D MiuiNetworkPolicy: updateLimit mLimitEnabled=false,enabled=true,mNetworkPriorityMode=0,mThermalForceMode=0
09-16 17:02:37.010  1808  2213 I MiuiNetworkPolicy: getEnableLimitTimeout when thermal mode is:0
09-16 17:02:37.058   969  1656 I android.hardware.graphics.composer@3.2-service: Sensor: notify citsensorservice to trigger cwb
09-16 17:02:37.059  1583  2176 I libsensor-frameBufferManager: request dump start
09-16 17:02:37.059  1583  2176 D libcomposer_ext: ClientImplAidl::getDispDump(), dpy 1, dst (160, 120), dump_point 1, release_fence -1
09-16 17:02:37.060   969   969 D libcomposer_ext: DeviceImplAidl::syncPerform(14), client_handle: 1
09-16 17:02:37.060   969   969 D libcomposer_ext: DeviceImplAidl::DeviceClientContextAidl::ParseGetDispDump()
09-16 17:02:37.060   969   969 D libcomposer_ext: DeviceImplAidl::ParseGetDispDump(), dpy 1, dst (160, 120), dump_point 1
09-16 17:02:37.060   969   969 I hwcomposer: [HWC] getDispDump(), dpy 1, (822,7,982,127), (160, 120), (1, 2), (-1), (-1), (0xb400006f50ca62d0)  
09-16 17:02:37.060   969   969 I hwcomposer: [DRMDEV] isSupportWbParams(), id_crtc 103, id_connector 34, dump_point 1, src(160, 120), dst(160, 120), config 0  
09-16 17:02:37.060   969   969 E hwcomposer: [DRMDEV] isSupportWbParams(), disp(1220, 2712)  
09-16 17:02:37.060   969   969 I hwcomposer: [DISP_DUMP] setDumpBuf(), dpy(0), src(822, 7, 982, 127), dst(160, 120), (1, 2), -1, (-1), (0xb400006f50ca62d0)  
09-16 17:02:37.060   969   969 I hwcomposer: [HWC] (0)fire a callback of refresh to SF[9]  
09-16 17:02:37.074   969   969 D libcomposer_ext: DeviceImplAidl::DeviceClientContextAidl::NotifyDispDumpReady()
09-16 17:02:37.075  1583  1583 D libcomposer_ext: ClientCallbackAidl::asyncPerform(15)
09-16 17:02:37.075  1583  1583 D libcomposer_ext: ClientImplAidl::ParseNotifyDispDumpReady()
09-16 17:02:37.105  1583  2177 D libsensor-parseRGB: the value of RGB [0.000000 0.000000 0.000000]
09-16 17:02:37.140  1064  1064 I BufferQueueProducer: [FramebufferSurface](this:0xb400007aa4096710,id:-1,api:1,p:1064,c:1064) queueBuffer: fps=60.25 dur=1012.37 max=17.89 min=14.18
09-16 17:02:37.170  1583  2182 I libsensor-displayalgo: the value of channelCali C:0.008018,R:0.000000,G:0.000699,B:0.002546,scales C:1.053362,R:0.940208,G:1.080438,B:1.016771
09-16 17:02:37.170  1583  2182 D libsensor-displayalgo: brightness:8191.000000,flat_mode:0.000000,R1:0.000000,G1:0.000000,B1:0.000000,R2:0.407390,G2:0.429817,B2:0.408810,R3:1.125947,G3:1.187583,B3:1.129468,R4:0.000000,G4:0.000000,B4:0.000000,EVENT C:3264.000000,R:1846.000000,G:1679.000000,B:967.000000, lux: 153.505997
09-16 17:02:37.264 19155 19220 I System.out: NoopTraces startSpan()NoopAMSpan setTag()NoopAMSpan setTag()NoopAMSpan finish()Error during network call: Unable to resolve host "api.mercadolibre.com": No address associated with hostname
09-16 17:02:37.264 19155 19220 W System.err: java.net.UnknownHostException: Unable to resolve host "api.mercadolibre.com": No address associated with hostname
09-16 17:02:37.265 19155 19220 W System.err: 	at java.net.Inet6AddressImpl.lookupHostByName(Inet6AddressImpl.java:156)
09-16 17:02:37.265 19155 19220 W System.err: 	at java.net.Inet6AddressImpl.lookupAllHostAddr(Inet6AddressImpl.java:103)
09-16 17:02:37.265 19155 19220 W System.err: 	at java.net.InetAddress.getAllByName(InetAddress.java:1152)
09-16 17:02:37.265 19155 19220 W System.err: 	at okhttp3.Dns$a$a.a(SourceFile:6)
09-16 17:02:37.265 19155 19220 W System.err: 	at okhttp3.internal.connection.j.b(SourceFile:196)
09-16 17:02:37.265 19155 19220 W System.err: 	at okhttp3.internal.connection.d.a(SourceFile:195)
09-16 17:02:37.265 19155 19220 W System.err: 	at okhttp3.internal.connection.a.intercept(SourceFile:81)
09-16 17:02:37.265 19155 19220 W System.err: 	at okhttp3.internal.http.h.a(SourceFile:140)
09-16 17:02:37.265 19155 19220 W System.err: 	at okhttp3.internal.cache.a.intercept(SourceFile:955)
09-16 17:02:37.265 19155 19220 W System.err: 	at okhttp3.internal.http.h.a(SourceFile:140)
09-16 17:02:37.265 19155 19220 W System.err: 	at okhttp3.internal.http.a.intercept(SourceFile:246)
09-16 17:02:37.265 19155 19220 W System.err: 	at okhttp3.internal.http.h.a(SourceFile:140)
09-16 17:02:37.265 19155 19220 W System.err: 	at okhttp3.internal.http.k.intercept(SourceFile:155)
09-16 17:02:37.265 19155 19220 W System.err: 	at okhttp3.internal.http.h.a(SourceFile:140)
09-16 17:02:37.265 19155 19220 W System.err: 	at com.mercadolibre.android.restclient.interceptor.retry.c.intercept(SourceFile:60)
09-16 17:02:37.265 19155 19220 W System.err: 	at okhttp3.internal.http.h.a(SourceFile:140)
09-16 17:02:37.265 19155 19220 W System.err: 	at com.mercadolibre.android.restclient.interceptor.a.intercept(SourceFile:18)
09-16 17:02:37.265 19155 19220 W System.err: 	at okhttp3.internal.http.h.a(SourceFile:140)
09-16 17:02:37.265 19155 19220 W System.err: 	at com.mercadolibre.android.melidata.statistics.d$b.intercept(SourceFile:65)
09-16 17:02:37.265 19155 19220 W System.err: 	at okhttp3.internal.http.h.a(SourceFile:140)
09-16 17:02:37.265 19155 19220 W System.err: 	at com.mercadolibre.android.restclient.interceptor.logging.a.intercept(SourceFile:25)
09-16 17:02:37.265 19155 19220 W System.err: 	at okhttp3.internal.http.h.a(SourceFile:140)
09-16 17:02:37.265 19155 19220 W System.err: 	at com.mercadolibre.android.restclient.interceptor.sign.b.intercept(SourceFile:258)
09-16 17:02:37.265 19155 19220 W System.err: 	at okhttp3.internal.http.h.a(SourceFile:140)
09-16 17:02:37.265 19155 19220 W System.err: 	at com.mercadolibre.android.errorhandler.v2.tracks.traceability.b.intercept(SourceFile:11)
09-16 17:02:37.265 19155 19220 W System.err: 	at okhttp3.internal.http.h.a(SourceFile:140)
09-16 17:02:37.265 19155 19220 W System.err: 	at com.mercadolibre.android.reauth_native_adapter.reauth_adapter.decorator.client.b.intercept(SourceFile:20)
09-16 17:02:37.265 19155 19220 W System.err: 	at okhttp3.internal.http.h.a(SourceFile:140)
09-16 17:02:37.265 19155 19220 W System.err: 	at com.mercadolibre.networking_configurer.restclient.configurator.decorator.client.hostnameoverride.b.intercept(SourceFile:123)
09-16 17:02:37.265 19155 19220 W System.err: 	at okhttp3.internal.http.h.a(SourceFile:140)
09-16 17:02:37.265 19155 19220 W System.err: 	at com.mercadolibre.networking_configurer.restclient.configurator.decorator.client.header.b.intercept(SourceFile:65)
09-16 17:02:37.265 19155 19220 W System.err: 	at okhttp3.internal.http.h.a(SourceFile:140)
09-16 17:02:37.266 19155 19220 W System.err: 	at com.mercadolibre.android.sessionscope.authorization.cookieinterceptor.a.intercept(SourceFile:21)
09-16 17:02:37.266 19155 19220 W System.err: 	at okhttp3.internal.http.h.a(SourceFile:140)
09-16 17:02:37.266 19155 19220 W System.err: 	at com.mercadolibre.networking_configurer.restclient.configurator.decorator.client.cookie.b.intercept(SourceFile:63)
09-16 17:02:37.266 19155 19220 W System.err: 	at okhttp3.internal.http.h.a(SourceFile:140)
09-16 17:02:37.266 19155 19220 W System.err: 	at com.mercadolibre.networking_configurer.restclient.configurator.decorator.client.authentication.g.intercept(SourceFile:16)
09-16 17:02:37.266 19155 19220 W System.err: 	at okhttp3.internal.http.h.a(SourceFile:140)
09-16 17:02:37.266 19155 19220 W System.err: 	at com.datadog.android.okhttp.trace.TracingInterceptor.intercept(SourceFile:62)
09-16 17:02:37.266 19155 19220 W System.err: 	at com.datadog.android.okhttp.DatadogInterceptor.intercept(SourceFile:289)
09-16 17:02:37.266 19155 19220 W System.err: 	at okhttp3.internal.http.h.a(SourceFile:140)
09-16 17:02:37.266 19155 19220 W System.err: 	at okhttp3.internal.connection.e.e(SourceFile:100)
09-16 17:02:37.266 19155 19220 W System.err: 	at okhttp3.internal.connection.e$a.run(SourceFile:131)
09-16 17:02:37.266 19155 19220 W System.err: 	at java.util.concurrent.ThreadPoolExecutor.runWorker(ThreadPoolExecutor.java:1156)
09-16 17:02:37.266 19155 19220 W System.err: 	at java.util.concurrent.ThreadPoolExecutor$Worker.run(ThreadPoolExecutor.java:651)
09-16 17:02:37.266 19155 19220 W System.err: 	at java.lang.Thread.run(Thread.java:1119)
09-16 17:02:37.266 19155 19220 W System.err: Caused by: android.system.GaiException: android_getaddrinfo failed: EAI_NODATA (No address associated with hostname)
09-16 17:02:37.266 19155 19220 W System.err: 	at libcore.io.Linux.android_getaddrinfo(Native Method)
09-16 17:02:37.266 19155 19220 W System.err: 	at libcore.io.ForwardingOs.android_getaddrinfo(ForwardingOs.java:133)
09-16 17:02:37.266 19155 19220 W System.err: 	at libcore.io.BlockGuardOs.android_getaddrinfo(BlockGuardOs.java:222)
09-16 17:02:37.266 19155 19220 W System.err: 	at libcore.io.ForwardingOs.android_getaddrinfo(ForwardingOs.java:133)
09-16 17:02:37.266 19155 19220 W System.err: 	at java.net.Inet6AddressImpl.lookupHostByName(Inet6AddressImpl.java:135)
09-16 17:02:37.266 19155 19220 W System.err: 	... 45 more
09-16 17:02:37.271   993  1035 I libPerfCtl: xgfGetFPS pid:2628 fps:-1
09-16 17:02:37.271   993  1035 I libPerfCtl: xgfGetFPS pid:6607 fps:-1
09-16 17:02:37.271   993  1035 I libPerfCtl: xgfGetFPS pid:7072 fps:-1
09-16 17:02:37.271   993  1035 I libPerfCtl: xgfGetFPS pid:28261 fps:-1
09-16 17:02:37.275   969  1656 I android.hardware.graphics.composer@3.2-service: Sensor: notify citsensorservice to trigger cwb
09-16 17:02:37.275  1583  2176 I libsensor-frameBufferManager: request dump start
09-16 17:02:37.276  1583  2176 D libcomposer_ext: ClientImplAidl::getDispDump(), dpy 1, dst (160, 120), dump_point 1, release_fence -1
09-16 17:02:37.276   969   969 D libcomposer_ext: DeviceImplAidl::syncPerform(14), client_handle: 1
09-16 17:02:37.276   969   969 D libcomposer_ext: DeviceImplAidl::DeviceClientContextAidl::ParseGetDispDump()
09-16 17:02:37.276   969   969 D libcomposer_ext: DeviceImplAidl::ParseGetDispDump(), dpy 1, dst (160, 120), dump_point 1
09-16 17:02:37.276   969   969 I hwcomposer: [HWC] getDispDump(), dpy 1, (822,7,982,127), (160, 120), (1, 2), (-1), (-1), (0xb400006f50ca3030)  
09-16 17:02:37.276   969   969 I hwcomposer: [DRMDEV] isSupportWbParams(), id_crtc 103, id_connector 34, dump_point 1, src(160, 120), dst(160, 120), config 0  
09-16 17:02:37.276   969   969 E hwcomposer: [DRMDEV] isSupportWbParams(), disp(1220, 2712)  
09-16 17:02:37.276   969   969 I hwcomposer: [DISP_DUMP] setDumpBuf(), dpy(0), src(822, 7, 982, 127), dst(160, 120), (1, 2), -1, (-1), (0xb400006f50ca3030)  
09-16 17:02:37.276   969   969 I hwcomposer: [HWC] (0)fire a callback of refresh to SF[9]  
09-16 17:02:37.279  1808  2230 D InetDiagMessage: Destroyed 0 sockets, proto=IPPROTO_TCP, family=AF_INET, states=14
09-16 17:02:37.281  1808  2230 D InetDiagMessage: Destroyed 0 sockets, proto=IPPROTO_TCP, family=AF_INET6, states=14
09-16 17:02:37.281  1808  2230 D InetDiagMessage: Destroyed live tcp sockets for uids={10183} in 4ms
09-16 17:02:37.283  1808  2230 D InetDiagMessage: Destroyed 0 sockets, proto=IPPROTO_TCP, family=AF_INET, states=14
09-16 17:02:37.285  1808  2230 D InetDiagMessage: Destroyed 0 sockets, proto=IPPROTO_TCP, family=AF_INET6, states=14
09-16 17:02:37.286  1808  2230 D InetDiagMessage: Destroyed live tcp sockets for uids={20183} in 5ms
09-16 17:02:37.287   979  1143 E HfLooper: sensor imu_hand_detect in hal data=1000,999,0,0,10062,38
09-16 17:02:37.289   969   969 D libcomposer_ext: DeviceImplAidl::DeviceClientContextAidl::NotifyDispDumpReady()
09-16 17:02:37.289  1583  1583 D libcomposer_ext: ClientCallbackAidl::asyncPerform(15)
09-16 17:02:37.289  1583  1583 D libcomposer_ext: ClientImplAidl::ParseNotifyDispDumpReady()
09-16 17:02:37.323  1583  2177 D libsensor-parseRGB: the value of RGB [0.000000 0.000000 0.000000]
09-16 17:02:37.338  2628  2628 D ArtChoreographerMonitor: invoke error.
09-16 17:02:37.342  2628  2628 D ControlCenterHeaderExpandController: onExpansionChanged: progress =  0.0
09-16 17:02:37.350  2628  2628 D ControlCenterHeaderExpandController: onExpansionChanged: progress =  0.0
09-16 17:02:37.353  1064  1064 I BufferQueueProducer: [com.android.chrome/ChromeChildSurface#8442](this:0xb400007b6437ee90,id:-1,api:0,p:-1,c:1064) queueBuffer: fps=60.28 dur=1012.01 max=17.22 min=15.42
09-16 17:02:37.354  2628  2628 D ControlCenterHeaderExpandController: onExpansionChanged: progress =  0.0
09-16 17:02:37.368  1583  2182 I libsensor-displayalgo: the value of channelCali C:0.008018,R:0.000000,G:0.000699,B:0.002546,scales C:1.053362,R:0.940208,G:1.080438,B:1.016771
09-16 17:02:37.368  1583  2182 D libsensor-displayalgo: brightness:8191.000000,flat_mode:0.000000,R1:0.000000,G1:0.000000,B1:0.000000,R2:0.407390,G2:0.429817,B2:0.408810,R3:1.125947,G3:1.187583,B3:1.129468,R4:0.000000,G4:0.000000,B4:0.000000,EVENT C:3276.000000,R:1850.000000,G:1684.000000,B:971.000000, lux: 154.315155
09-16 17:02:37.370  1064  1064 I BufferQueueProducer: [StatusBar#106](this:0xb400007b642df2b0,id:-1,api:0,p:-1,c:1064) queueBuffer: fps=0.25 dur=4041.42 max=4041.42 min=4041.42
09-16 17:02:37.418  1808  1904 I SmartPower: com.microsoft.office.outlook/10302(30392): idle->background(57429ms) R(broadcast start Intent { act=android.intent.action.BATTERY_CHANGED flg=0x60000010 (has extras) }) adj=915.
09-16 17:02:37.419  1808  1904 I SmartPower: com.google.android.youtube/10212(30413): idle->background(57428ms) R(broadcast start Intent { act=android.intent.action.BATTERY_CHANGED flg=0x60000010 (has extras) }) adj=915.
09-16 17:02:37.420  1808  1904 I SmartPower: com.miui.android.fashiongallery/10277(5951): idle->background(57429ms) R(broadcast start Intent { act=android.intent.action.BATTERY_CHANGED flg=0x60000010 (has extras) }) adj=915.
09-16 17:02:37.421  1808  1904 I SmartPower: com.google.android.apps.youtube.music/10210(6774): idle->background(57429ms) R(broadcast start Intent { act=android.intent.action.BATTERY_CHANGED flg=0x60000010 (has extras) }) adj=915.
09-16 17:02:37.422  1808  1904 I SmartPower: com.xiaomi.discover/10186(7800): idle->background(57430ms) R(broadcast start Intent { act=android.intent.action.BATTERY_CHANGED flg=0x60000010 (has extras) }) adj=915.
09-16 17:02:37.422  1808  1904 I SmartPower: com.whatsapp.w4b/10285(21229): idle->background(57427ms) R(broadcast start Intent { act=android.intent.action.BATTERY_CHANGED flg=0x60000010 (has extras) }) adj=915.
09-16 17:02:37.425  1808  1904 I SmartPower: com.miui.gallery/10149(24123): idle->background(16695ms) R(broadcast start Intent { act=android.intent.action.BATTERY_CHANGED flg=0x60000010 (has extras) }) adj=905.
09-16 17:02:37.426  1808  1904 I SmartPower: com.google.android.apps.tachyon/10192(17717): idle->background(57426ms) R(broadcast start Intent { act=android.intent.action.BATTERY_CHANGED flg=0x60000010 (has extras) }) adj=995.
09-16 17:02:37.426  1808  1904 I SmartPower: br.bet.betnacional/10448(31216): idle->background(57427ms) R(broadcast start Intent { act=android.intent.action.BATTERY_CHANGED flg=0x60000010 (has extras) }) adj=915.
09-16 17:02:37.427  1808  1904 I SmartPower: com.zhiliaoapp.musically/10056(20875): idle->background(17543ms) R(broadcast start Intent { act=android.intent.action.BATTERY_CHANGED flg=0x60000010 (has extras) }) adj=905.
09-16 17:02:37.428  1808  1904 I SmartPower: com.facebook.appmanager/10122(10576): idle->background(57427ms) R(broadcast start Intent { act=android.intent.action.BATTERY_CHANGED flg=0x60000010 (has extras) }) adj=905.
09-16 17:02:37.428  1808  1904 I SmartPower: com.azure.authenticator/10333(15249): idle->background(57428ms) R(broadcast start Intent { act=android.intent.action.BATTERY_CHANGED flg=0x60000010 (has extras) }) adj=905.
09-16 17:02:37.429  1808  1904 I SmartPower: br.com.brainweb.ifood/10299(14950): idle->background(57427ms) R(broadcast start Intent { act=android.intent.action.BATTERY_CHANGED flg=0x60000010 (has extras) }) adj=905.
09-16 17:02:37.429  1808  1904 I SmartPower: com.whatsapp/10289(30563): idle->background(57427ms) R(broadcast start Intent { act=android.intent.action.BATTERY_CHANGED flg=0x60000010 (has extras) }) adj=905.
09-16 17:02:37.430  1808  1904 I SmartPower: com.instagram.android/10287(32746): idle->background(57428ms) R(broadcast start Intent { act=android.intent.action.BATTERY_CHANGED flg=0x60000010 (has extras) }) adj=905.
09-16 17:02:37.438   969   969 I hwcomposer: [HWCDisplay] [Display_0 (type:1, mode:2)] fps:60.312710,dur:1011.40,max:21.86,min:13.33  
09-16 17:02:37.490   969  1656 I android.hardware.graphics.composer@3.2-service: Sensor: notify citsensorservice to trigger cwb
09-16 17:02:37.491  1583  2176 I libsensor-frameBufferManager: request dump start
09-16 17:02:37.491  1583  2176 D libcomposer_ext: ClientImplAidl::getDispDump(), dpy 1, dst (160, 120), dump_point 1, release_fence -1
09-16 17:02:37.492   969   969 D libcomposer_ext: DeviceImplAidl::syncPerform(14), client_handle: 1
09-16 17:02:37.492   969   969 D libcomposer_ext: DeviceImplAidl::DeviceClientContextAidl::ParseGetDispDump()
09-16 17:02:37.492   969   969 D libcomposer_ext: DeviceImplAidl::ParseGetDispDump(), dpy 1, dst (160, 120), dump_point 1
09-16 17:02:37.492   969   969 I hwcomposer: [HWC] getDispDump(), dpy 1, (822,7,982,127), (160, 120), (1, 2), (-1), (-1), (0xb400006f50ca61b0)  
09-16 17:02:37.492   969   969 I hwcomposer: [DRMDEV] isSupportWbParams(), id_crtc 103, id_connector 34, dump_point 1, src(160, 120), dst(160, 120), config 0  
09-16 17:02:37.492   969   969 E hwcomposer: [DRMDEV] isSupportWbParams(), disp(1220, 2712)  
09-16 17:02:37.492   969   969 I hwcomposer: [DISP_DUMP] setDumpBuf(), dpy(0), src(822, 7, 982, 127), dst(160, 120), (1, 2), -1, (-1), (0xb400006f50ca61b0)  
09-16 17:02:37.492   969   969 I hwcomposer: [HWC] (0)fire a callback of refresh to SF[9]  
09-16 17:02:37.506   969   969 D libcomposer_ext: DeviceImplAidl::DeviceClientContextAidl::NotifyDispDumpReady()
09-16 17:02:37.507  1583  1583 D libcomposer_ext: ClientCallbackAidl::asyncPerform(15)
09-16 17:02:37.507  1583  1583 D libcomposer_ext: ClientImplAidl::ParseNotifyDispDumpReady()
09-16 17:02:37.521  2628  2628 D ArtChoreographerMonitor: invoke error.
09-16 17:02:37.553  1583  2177 D libsensor-parseRGB: the value of RGB [0.000000 0.000000 0.000000]
09-16 17:02:37.569  1583  2182 I libsensor-displayalgo: the value of channelCali C:0.008018,R:0.000000,G:0.000699,B:0.002546,scales C:1.053362,R:0.940208,G:1.080438,B:1.016771
09-16 17:02:37.570  1583  2182 D libsensor-displayalgo: brightness:8191.000000,flat_mode:0.000000,R1:0.000000,G1:0.000000,B1:0.000000,R2:0.407390,G2:0.429817,B2:0.408810,R3:1.125947,G3:1.187583,B3:1.129468,R4:0.000000,G4:0.000000,B4:0.000000,EVENT C:3292.000000,R:1863.000000,G:1694.000000,B:978.000000, lux: 154.735519
09-16 17:02:37.631  1808  2211 W NetworkPolicy: shared quota unsupported; generating rule for each iface
09-16 17:02:37.688   979  1143 E HfLooper: sensor imu_hand_detect in hal data=1000,999,0,0,10040,19
09-16 17:02:37.705   969  1656 I android.hardware.graphics.composer@3.2-service: Sensor: notify citsensorservice to trigger cwb
09-16 17:02:37.705  1583  2176 I libsensor-frameBufferManager: request dump start
09-16 17:02:37.705  1583  2176 D libcomposer_ext: ClientImplAidl::getDispDump(), dpy 1, dst (160, 120), dump_point 1, release_fence -1
09-16 17:02:37.706   969   969 D libcomposer_ext: DeviceImplAidl::syncPerform(14), client_handle: 1
09-16 17:02:37.706   969   969 D libcomposer_ext: DeviceImplAidl::DeviceClientContextAidl::ParseGetDispDump()
09-16 17:02:37.706   969   969 D libcomposer_ext: DeviceImplAidl::ParseGetDispDump(), dpy 1, dst (160, 120), dump_point 1
09-16 17:02:37.706   969   969 I hwcomposer: [HWC] getDispDump(), dpy 1, (822,7,982,127), (160, 120), (1, 2), (-1), (-1), (0xb400006f50ca62d0)  
09-16 17:02:37.706   969   969 I hwcomposer: [DRMDEV] isSupportWbParams(), id_crtc 103, id_connector 34, dump_point 1, src(160, 120), dst(160, 120), config 0  
09-16 17:02:37.706   969   969 E hwcomposer: [DRMDEV] isSupportWbParams(), disp(1220, 2712)  
09-16 17:02:37.706   969   969 I hwcomposer: [DISP_DUMP] setDumpBuf(), dpy(0), src(822, 7, 982, 127), dst(160, 120), (1, 2), -1, (-1), (0xb400006f50ca62d0)  
09-16 17:02:37.706   969   969 I hwcomposer: [HWC] (0)fire a callback of refresh to SF[9]  
09-16 17:02:37.721   969   969 D libcomposer_ext: DeviceImplAidl::DeviceClientContextAidl::NotifyDispDumpReady()
09-16 17:02:37.721  1583  1583 D libcomposer_ext: ClientCallbackAidl::asyncPerform(15)
09-16 17:02:37.721  1583  1583 D libcomposer_ext: ClientImplAidl::ParseNotifyDispDumpReady()
09-16 17:02:37.769  1583  2177 D libsensor-parseRGB: the value of RGB [0.000000 0.000000 0.000000]
09-16 17:02:37.774  1808  1808 E AmlWifiScoreReportInjector: current network is in roaming environment
09-16 17:02:37.775  1808  1808 I AmlMiuiThirdPartScorer: same score, no send
09-16 17:02:37.846  2614  2614 W Settings: Setting airplane_mode_on has moved from android.provider.Settings.System to android.provider.Settings.Global, returning read-only value.
09-16 17:02:37.849  2614  2614 W Settings: Setting airplane_mode_on has moved from android.provider.Settings.System to android.provider.Settings.Global, returning read-only value.
09-16 17:02:37.855 15795 15795 D YellowPage.Network: onSignalStrengthsChanged()
09-16 17:02:37.855  2614 19671 D NetworkSpeedTracker: updateSignalInfo lteRsrp=-100lteSnr=-5,phoneId=0
09-16 17:02:37.856  2614 19671 D NetworkSpeedTracker: updateSignalInfo nrRsrp= -108,nrSnr= -6,phoneId= 0
09-16 17:02:37.856  2614  3126 D SelfStudyController: handleMessage msg.what is 1035
09-16 17:02:37.857  2614  3113 D MiuiTelephonyDFS: msg.what = 2
09-16 17:02:37.861  2614  3113 D MiuiTelephonyDFS: getVoiceRat = 13
09-16 17:02:37.861  2614  3113 D MiuiTelephonyDFS: getRsrp = -100
09-16 17:02:37.861  2614  3113 D MiuiTelephonyDFS: getVoiceRat = 13
09-16 17:02:37.861  2614  3113 D MiuiTelephonyDFS: getSnr = -5
09-16 17:02:37.861  2614  3113 D MiSight::  constructEvent id=915100005
09-16 17:02:37.862  2614  3113 D MiSight::  sendEvent id=915100005
09-16 17:02:37.862  2614  3113 D MiSightJni: MiSight: Java_com_miui_misight_MiSight_nativeSendEvent enter called. '{"SNRValue":-5}'
09-16 17:02:37.862  2614  3113 D MiEvent : MiEvent: this 0x6c9d9a80c0, paylod=0xb400006efa4ec010
09-16 17:02:37.862  2614  3113 D MiEvent : flatten EventId 915100005 -t 1758052957 -paraList {"SNRValue":-5}
09-16 17:02:37.862  2614  3113 I MiEvent : report:no open miev 2
09-16 17:02:37.862  2614  3113 D MiEvent : ~MiEvent: this 0x6c9d9a80c0, paylod=0xb400006efa4ec010
09-16 17:02:37.862  2614  3113 E MiSightJni: MiSight: nativeSendEvent fail
09-16 17:02:37.862  2614  3113 D MiuiTelephonyDFS: msg.what = 3
09-16 17:02:37.864 15795 15795 D YellowPage.Network: onSignalStrengthsChanged()
09-16 17:02:37.865  2614 19671 D NetworkSpeedTracker: updateSignalInfo lteRsrp=-100lteSnr=-5,phoneId=0
09-16 17:02:37.865  2614 19671 D NetworkSpeedTracker: updateSignalInfo nrRsrp= -108,nrSnr= -6,phoneId= 0
09-16 17:02:37.868  2614  3126 D SelfStudyController: handleMessage msg.what is 1035
09-16 17:02:37.869  2614  3113 D MiuiTelephonyDFS: msg.what = 2
09-16 17:02:37.869  2614  3113 D MiuiTelephonyDFS: getVoiceRat = 13
09-16 17:02:37.869  2614  3113 D MiuiTelephonyDFS: getRsrp = -100
09-16 17:02:37.869  2614  3113 D MiuiTelephonyDFS: getVoiceRat = 13
09-16 17:02:37.869  2614  3113 D MiuiTelephonyDFS: getSnr = -5
09-16 17:02:37.869  2614  3113 D MiSight::  constructEvent id=915100005
09-16 17:02:37.869  2614  3113 D MiSight::  sendEvent id=915100005
09-16 17:02:37.869  2614  3113 D MiSightJni: MiSight: Java_com_miui_misight_MiSight_nativeSendEvent enter called. '{"SNRValue":-5}'
09-16 17:02:37.869  2614  3113 D MiEvent : MiEvent: this 0x6c9d9a80c0, paylod=0xb400006efa4ec010
09-16 17:02:37.869  2614  3113 D MiEvent : flatten EventId 915100005 -t 1758052957 -paraList {"SNRValue":-5}
09-16 17:02:37.870  2614  3113 I MiEvent : report:no open miev 2
09-16 17:02:37.870  2614  3113 D MiEvent : ~MiEvent: this 0x6c9d9a80c0, paylod=0xb400006efa4ec010
09-16 17:02:37.870  2614  3113 E MiSightJni: MiSight: nativeSendEvent fail
09-16 17:02:37.870  1583  2182 I libsensor-displayalgo: the value of channelCali C:0.008018,R:0.000000,G:0.000699,B:0.002546,scales C:1.053362,R:0.940208,G:1.080438,B:1.016771
09-16 17:02:37.870  1583  2182 D libsensor-displayalgo: brightness:8191.000000,flat_mode:0.000000,R1:0.000000,G1:0.000000,B1:0.000000,R2:0.407390,G2:0.429817,B2:0.408810,R3:1.125947,G3:1.187583,B3:1.129468,R4:0.000000,G4:0.000000,B4:0.000000,EVENT C:3318.000000,R:1872.000000,G:1705.000000,B:982.000000, lux: 156.428726
09-16 17:02:37.898  1808  1857 I system_server: Background concurrent mark compact GC freed 29MB AllocSpace bytes, 53(1596KB) LOS objects, 16% free, 118MB/142MB, paused 1.281ms,4.058ms total 319.194ms
09-16 17:02:37.905   969  1656 I android.hardware.graphics.composer@3.2-service: Sensor: notify citsensorservice to trigger cwb
09-16 17:02:37.906  1583  2176 I libsensor-frameBufferManager: request dump start
09-16 17:02:37.906  1583  2176 D libcomposer_ext: ClientImplAidl::getDispDump(), dpy 1, dst (160, 120), dump_point 1, release_fence -1
09-16 17:02:37.907   969   969 D libcomposer_ext: DeviceImplAidl::syncPerform(14), client_handle: 1
09-16 17:02:37.907   969   969 D libcomposer_ext: DeviceImplAidl::DeviceClientContextAidl::ParseGetDispDump()
09-16 17:02:37.907   969   969 D libcomposer_ext: DeviceImplAidl::ParseGetDispDump(), dpy 1, dst (160, 120), dump_point 1
09-16 17:02:37.907   969   969 I hwcomposer: [HWC] getDispDump(), dpy 1, (822,7,982,127), (160, 120), (1, 2), (-1), (-1), (0xb400006f50ca3030)  
09-16 17:02:37.907   969   969 I hwcomposer: [DRMDEV] isSupportWbParams(), id_crtc 103, id_connector 34, dump_point 1, src(160, 120), dst(160, 120), config 0  
09-16 17:02:37.908   969   969 E hwcomposer: [DRMDEV] isSupportWbParams(), disp(1220, 2712)  
09-16 17:02:37.908   969   969 I hwcomposer: [DISP_DUMP] setDumpBuf(), dpy(0), src(822, 7, 982, 127), dst(160, 120), (1, 2), -1, (-1), (0xb400006f50ca3030)  
09-16 17:02:37.908   969   969 I hwcomposer: [HWC] (0)fire a callback of refresh to SF[9]  
09-16 17:02:37.921   969   969 D libcomposer_ext: DeviceImplAidl::DeviceClientContextAidl::NotifyDispDumpReady()
09-16 17:02:37.922  1583  1583 D libcomposer_ext: ClientCallbackAidl::asyncPerform(15)
09-16 17:02:37.922  1583  1583 D libcomposer_ext: ClientImplAidl::ParseNotifyDispDumpReady()
09-16 17:02:37.969  1583  2177 D libsensor-parseRGB: the value of RGB [0.000000 0.000000 0.000000]
09-16 17:02:38.070  1583  2182 I libsensor-displayalgo: the value of channelCali C:0.008018,R:0.000000,G:0.000699,B:0.002546,scales C:1.053362,R:0.940208,G:1.080438,B:1.016771
09-16 17:02:38.070  1583  2182 D libsensor-displayalgo: brightness:8191.000000,flat_mode:0.000000,R1:0.000000,G1:0.000000,B1:0.000000,R2:0.407390,G2:0.429817,B2:0.408810,R3:1.125947,G3:1.187583,B3:1.129468,R4:0.000000,G4:0.000000,B4:0.000000,EVENT C:3326.000000,R:1876.000000,G:1707.000000,B:984.000000, lux: 156.946182
09-16 17:02:38.085   979  1143 E HfLooper: sensor imu_hand_detect in hal data=1000,999,0,0,10035,17
09-16 17:02:38.120   969  1656 I android.hardware.graphics.composer@3.2-service: Sensor: notify citsensorservice to trigger cwb
09-16 17:02:38.121  1583  2176 I libsensor-frameBufferManager: request dump start
09-16 17:02:38.122  1583  2176 D libcomposer_ext: ClientImplAidl::getDispDump(), dpy 1, dst (160, 120), dump_point 1, release_fence -1
09-16 17:02:38.122   969   969 D libcomposer_ext: DeviceImplAidl::syncPerform(14), client_handle: 1
09-16 17:02:38.122   969   969 D libcomposer_ext: DeviceImplAidl::DeviceClientContextAidl::ParseGetDispDump()
09-16 17:02:38.122   969   969 D libcomposer_ext: DeviceImplAidl::ParseGetDispDump(), dpy 1, dst (160, 120), dump_point 1
09-16 17:02:38.122   969   969 I hwcomposer: [HWC] getDispDump(), dpy 1, (822,7,982,127), (160, 120), (1, 2), (-1), (-1), (0xb400006f50ca61b0)  
09-16 17:02:38.122   969   969 I hwcomposer: [DRMDEV] isSupportWbParams(), id_crtc 103, id_connector 34, dump_point 1, src(160, 120), dst(160, 120), config 0  
09-16 17:02:38.122   969   969 E hwcomposer: [DRMDEV] isSupportWbParams(), disp(1220, 2712)  
09-16 17:02:38.123   969   969 I hwcomposer: [DISP_DUMP] setDumpBuf(), dpy(0), src(822, 7, 982, 127), dst(160, 120), (1, 2), -1, (-1), (0xb400006f50ca61b0)  
09-16 17:02:38.123   969   969 I hwcomposer: [HWC] (0)fire a callback of refresh to SF[9]  
09-16 17:02:38.137   969   969 D libcomposer_ext: DeviceImplAidl::DeviceClientContextAidl::NotifyDispDumpReady()
09-16 17:02:38.138  1583  1583 D libcomposer_ext: ClientCallbackAidl::asyncPerform(15)
09-16 17:02:38.138  1583  1583 D libcomposer_ext: ClientImplAidl::ParseNotifyDispDumpReady()
09-16 17:02:38.153  1064  1064 I BufferQueueProducer: [FramebufferSurface](this:0xb400007aa4096710,id:-1,api:1,p:1064,c:1064) queueBuffer: fps=60.19 dur=1013.47 max=21.81 min=13.41
09-16 17:02:38.185  1583  2177 D libsensor-parseRGB: the value of RGB [0.000000 0.000000 0.000000]
09-16 17:02:38.269  1583  2182 I libsensor-displayalgo: the value of channelCali C:0.008018,R:0.000000,G:0.000699,B:0.002546,scales C:1.053362,R:0.940208,G:1.080438,B:1.016771
09-16 17:02:38.269  1583  2182 D libsensor-displayalgo: brightness:8191.000000,flat_mode:0.000000,R1:0.000000,G1:0.000000,B1:0.000000,R2:0.407390,G2:0.429817,B2:0.408810,R3:1.125947,G3:1.187583,B3:1.129468,R4:0.000000,G4:0.000000,B4:0.000000,EVENT C:3317.000000,R:1873.000000,G:1707.000000,B:983.000000, lux: 156.158737
09-16 17:02:38.269  1808  1900 I ThermalObserver: Temperature control has been released.
09-16 17:02:38.271   993  1035 I libPerfCtl: xgfGetFPS pid:2628 fps:-1
09-16 17:02:38.271   993  1035 I libPerfCtl: xgfGetFPS pid:6607 fps:-1
09-16 17:02:38.271   993  1035 I libPerfCtl: xgfGetFPS pid:7072 fps:-1
09-16 17:02:38.271   993  1035 I libPerfCtl: xgfGetFPS pid:28261 fps:-1
09-16 17:02:38.336   969  1656 I android.hardware.graphics.composer@3.2-service: Sensor: notify citsensorservice to trigger cwb
09-16 17:02:38.337  1583  2176 I libsensor-frameBufferManager: request dump start
09-16 17:02:38.337  1583  2176 D libcomposer_ext: ClientImplAidl::getDispDump(), dpy 1, dst (160, 120), dump_point 1, release_fence -1
09-16 17:02:38.338   969   969 D libcomposer_ext: DeviceImplAidl::syncPerform(14), client_handle: 1
09-16 17:02:38.338   969   969 D libcomposer_ext: DeviceImplAidl::DeviceClientContextAidl::ParseGetDispDump()
09-16 17:02:38.338   969   969 D libcomposer_ext: DeviceImplAidl::ParseGetDispDump(), dpy 1, dst (160, 120), dump_point 1
09-16 17:02:38.338   969   969 I hwcomposer: [HWC] getDispDump(), dpy 1, (822,7,982,127), (160, 120), (1, 2), (-1), (-1), (0xb400006f50ca62d0)  
09-16 17:02:38.338   969   969 I hwcomposer: [DRMDEV] isSupportWbParams(), id_crtc 103, id_connector 34, dump_point 1, src(160, 120), dst(160, 120), config 0  
09-16 17:02:38.338   969   969 E hwcomposer: [DRMDEV] isSupportWbParams(), disp(1220, 2712)  
09-16 17:02:38.338   969   969 I hwcomposer: [DISP_DUMP] setDumpBuf(), dpy(0), src(822, 7, 982, 127), dst(160, 120), (1, 2), -1, (-1), (0xb400006f50ca62d0)  
09-16 17:02:38.338   969   969 I hwcomposer: [HWC] (0)fire a callback of refresh to SF[9]  
09-16 17:02:38.353   969   969 D libcomposer_ext: DeviceImplAidl::DeviceClientContextAidl::NotifyDispDumpReady()
09-16 17:02:38.354  1583  1583 D libcomposer_ext: ClientCallbackAidl::asyncPerform(15)
09-16 17:02:38.354  1583  1583 D libcomposer_ext: ClientImplAidl::ParseNotifyDispDumpReady()
09-16 17:02:38.366  1064  1064 I BufferQueueProducer: [com.android.chrome/ChromeChildSurface#8442](this:0xb400007b6437ee90,id:-1,api:0,p:-1,c:1064) queueBuffer: fps=60.21 dur=1013.04 max=17.66 min=15.49
09-16 17:02:38.401  1583  2177 D libsensor-parseRGB: the value of RGB [0.000000 0.000000 0.000000]
09-16 17:02:38.450  1808  2737 D SLM-SRV-SLAService: checktemp temperature = 33959 temperature_average = 33820 isPerformanceMode = false thermal_enable_slm = true
09-16 17:02:38.452   969   969 I hwcomposer: [HWCDisplay] [Display_0 (type:1, mode:2)] fps:60.148632,dur:1014.15,max:18.22,min:14.95  
09-16 17:02:38.471  1583  2182 I libsensor-displayalgo: the value of channelCali C:0.008018,R:0.000000,G:0.000699,B:0.002546,scales C:1.053362,R:0.940208,G:1.080438,B:1.016771
09-16 17:02:38.471  1583  2182 D libsensor-displayalgo: brightness:8191.000000,flat_mode:0.000000,R1:0.000000,G1:0.000000,B1:0.000000,R2:0.407390,G2:0.429817,B2:0.408810,R3:1.125947,G3:1.187583,B3:1.129468,R4:0.000000,G4:0.000000,B4:0.000000,EVENT C:3322.000000,R:1878.000000,G:1708.000000,B:983.000000, lux: 156.324890
09-16 17:02:38.489   979  1143 E HfLooper: sensor imu_hand_detect in hal data=1000,999,0,0,10032,17
09-16 17:02:38.552   969  1656 I android.hardware.graphics.composer@3.2-service: Sensor: notify citsensorservice to trigger cwb
09-16 17:02:38.553  1583  2176 I libsensor-frameBufferManager: request dump start
09-16 17:02:38.553  1583  2176 D libcomposer_ext: ClientImplAidl::getDispDump(), dpy 1, dst (160, 120), dump_point 1, release_fence -1
09-16 17:02:38.553   969   969 D libcomposer_ext: DeviceImplAidl::syncPerform(14), client_handle: 1
09-16 17:02:38.553   969   969 D libcomposer_ext: DeviceImplAidl::DeviceClientContextAidl::ParseGetDispDump()
09-16 17:02:38.553   969   969 D libcomposer_ext: DeviceImplAidl::ParseGetDispDump(), dpy 1, dst (160, 120), dump_point 1
09-16 17:02:38.553   969   969 I hwcomposer: [HWC] getDispDump(), dpy 1, (822,7,982,127), (160, 120), (1, 2), (-1), (-1), (0xb400006f50ca3030)  
09-16 17:02:38.553   969   969 I hwcomposer: [DRMDEV] isSupportWbParams(), id_crtc 103, id_connector 34, dump_point 1, src(160, 120), dst(160, 120), config 0  
09-16 17:02:38.553   969   969 E hwcomposer: [DRMDEV] isSupportWbParams(), disp(1220, 2712)  
09-16 17:02:38.553   969   969 I hwcomposer: [DISP_DUMP] setDumpBuf(), dpy(0), src(822, 7, 982, 127), dst(160, 120), (1, 2), -1, (-1), (0xb400006f50ca3030)  
09-16 17:02:38.553   969   969 I hwcomposer: [HWC] (0)fire a callback of refresh to SF[9]  
09-16 17:02:38.569   969   969 D libcomposer_ext: DeviceImplAidl::DeviceClientContextAidl::NotifyDispDumpReady()
09-16 17:02:38.570  1583  1583 D libcomposer_ext: ClientCallbackAidl::asyncPerform(15)
09-16 17:02:38.570  1583  1583 D libcomposer_ext: ClientImplAidl::ParseNotifyDispDumpReady()
09-16 17:02:38.616  1583  2177 D libsensor-parseRGB: the value of RGB [0.000000 0.000000 0.000000]
09-16 17:02:38.671  1583  2182 I libsensor-displayalgo: the value of channelCali C:0.008018,R:0.000000,G:0.000699,B:0.002546,scales C:1.053362,R:0.940208,G:1.080438,B:1.016771
09-16 17:02:38.671  1583  2182 D libsensor-displayalgo: brightness:8191.000000,flat_mode:0.000000,R1:0.000000,G1:0.000000,B1:0.000000,R2:0.407390,G2:0.429817,B2:0.408810,R3:1.125947,G3:1.187583,B3:1.129468,R4:0.000000,G4:0.000000,B4:0.000000,EVENT C:3326.000000,R:1881.000000,G:1710.000000,B:985.000000, lux: 156.473572
09-16 17:02:38.769   969  1656 I android.hardware.graphics.composer@3.2-service: Sensor: notify citsensorservice to trigger cwb
09-16 17:02:38.769  1583  2176 I libsensor-frameBufferManager: request dump start
09-16 17:02:38.770  1583  2176 D libcomposer_ext: ClientImplAidl::getDispDump(), dpy 1, dst (160, 120), dump_point 1, release_fence -1
09-16 17:02:38.770   969   969 D libcomposer_ext: DeviceImplAidl::syncPerform(14), client_handle: 1
09-16 17:02:38.770   969   969 D libcomposer_ext: DeviceImplAidl::DeviceClientContextAidl::ParseGetDispDump()
09-16 17:02:38.771   969   969 D libcomposer_ext: DeviceImplAidl::ParseGetDispDump(), dpy 1, dst (160, 120), dump_point 1
09-16 17:02:38.771   969   969 I hwcomposer: [HWC] getDispDump(), dpy 1, (822,7,982,127), (160, 120), (1, 2), (-1), (-1), (0xb400006f50ca61b0)  
09-16 17:02:38.771   969   969 I hwcomposer: [DRMDEV] isSupportWbParams(), id_crtc 103, id_connector 34, dump_point 1, src(160, 120), dst(160, 120), config 0  
09-16 17:02:38.771   969   969 E hwcomposer: [DRMDEV] isSupportWbParams(), disp(1220, 2712)  
09-16 17:02:38.771   969   969 I hwcomposer: [DISP_DUMP] setDumpBuf(), dpy(0), src(822, 7, 982, 127), dst(160, 120), (1, 2), -1, (-1), (0xb400006f50ca61b0)  
09-16 17:02:38.771   969   969 I hwcomposer: [HWC] (0)fire a callback of refresh to SF[9]  
09-16 17:02:38.784   969   969 D libcomposer_ext: DeviceImplAidl::DeviceClientContextAidl::NotifyDispDumpReady()
09-16 17:02:38.785  1583  1583 D libcomposer_ext: ClientCallbackAidl::asyncPerform(15)
09-16 17:02:38.785  1583  1583 D libcomposer_ext: ClientImplAidl::ParseNotifyDispDumpReady()
09-16 17:02:38.831  1583  2177 D libsensor-parseRGB: the value of RGB [0.000000 0.000000 0.000000]
09-16 17:02:38.871  1583  2182 I libsensor-displayalgo: the value of channelCali C:0.008018,R:0.000000,G:0.000699,B:0.002546,scales C:1.053362,R:0.940208,G:1.080438,B:1.016771
09-16 17:02:38.872  1583  2182 D libsensor-displayalgo: brightness:8191.000000,flat_mode:0.000000,R1:0.000000,G1:0.000000,B1:0.000000,R2:0.407390,G2:0.429817,B2:0.408810,R3:1.125947,G3:1.187583,B3:1.129468,R4:0.000000,G4:0.000000,B4:0.000000,EVENT C:3324.000000,R:1877.000000,G:1708.000000,B:983.000000, lux: 156.606552
09-16 17:02:38.884   979  1143 E HfLooper: sensor imu_hand_detect in hal data=1000,999,0,0,10025,12
09-16 17:02:38.892  2350  2350 D WifiHAL : WifiRequest::create vendor command to iface 37, vendor_id=0x1a11, subcmd=0x1200, res=0
09-16 17:02:38.909  2350  2350 I WifiHAL : LLS RSP: data=0xb40000750e29d660, len=4292
09-16 17:02:38.910  2350  2350 I WifiHAL : LLS check_data_sanity: 1801: current_radio_stat->num_channels=28
09-16 17:02:38.910  2350  2350 I WifiHAL : LLS check_data_sanity: 1801: current_radio_stat->num_channels=0
09-16 17:02:38.910  2350  2350 I WifiHAL : LLS check_data_sanity: confirmed_size=4292, len=4292
09-16 17:02:38.948  2628  2628 D ArtChoreographerMonitor: invoke error.
09-16 17:02:38.949  2628  2628 D ControlCenterHeaderExpandController: onExpansionChanged: progress =  0.0
09-16 17:02:38.952  2628  2628 D ControlCenterHeaderExpandController: onExpansionChanged: progress =  0.0
09-16 17:02:38.964  1064  1064 I BufferQueueProducer: [StatusBar#106](this:0xb400007b642df2b0,id:-1,api:0,p:-1,c:1064) queueBuffer: fps=0.63 dur=1593.98 max=1593.98 min=1593.98
09-16 17:02:38.965  2628  2628 D ControlCenterHeaderExpandController: onExpansionChanged: progress =  0.0
09-16 17:02:38.971   969  1656 I android.hardware.graphics.composer@3.2-service: Sensor: notify citsensorservice to trigger cwb
09-16 17:02:38.972  1583  2176 I libsensor-frameBufferManager: request dump start
09-16 17:02:38.973  1583  2176 D libcomposer_ext: ClientImplAidl::getDispDump(), dpy 1, dst (160, 120), dump_point 1, release_fence -1
09-16 17:02:38.973   969   969 D libcomposer_ext: DeviceImplAidl::syncPerform(14), client_handle: 1
09-16 17:02:38.973   969   969 D libcomposer_ext: DeviceImplAidl::DeviceClientContextAidl::ParseGetDispDump()
09-16 17:02:38.973   969   969 D libcomposer_ext: DeviceImplAidl::ParseGetDispDump(), dpy 1, dst (160, 120), dump_point 1
09-16 17:02:38.973   969   969 I hwcomposer: [HWC] getDispDump(), dpy 1, (822,7,982,127), (160, 120), (1, 2), (-1), (-1), (0xb400006f50ca62d0)  
09-16 17:02:38.973   969   969 I hwcomposer: [DRMDEV] isSupportWbParams(), id_crtc 103, id_connector 34, dump_point 1, src(160, 120), dst(160, 120), config 0  
09-16 17:02:38.973   969   969 E hwcomposer: [DRMDEV] isSupportWbParams(), disp(1220, 2712)  
09-16 17:02:38.973   969   969 I hwcomposer: [DISP_DUMP] setDumpBuf(), dpy(0), src(822, 7, 982, 127), dst(160, 120), (1, 2), -1, (-1), (0xb400006f50ca62d0)  
09-16 17:02:38.974   969   969 I hwcomposer: [HWC] (0)fire a callback of refresh to SF[9]  
09-16 17:02:38.982  3285  5234 I NearbyDiscovery: FastPair: isDestroyable: Scanner is alive. [CONTEXT service_id=265 ]
09-16 17:02:38.982  3285  5234 I NearbyDiscovery: DiscoveryService: Skip stopSelf(), fast pair controller is not destroyable. [CONTEXT service_id=265 ]
09-16 17:02:38.985   969   969 D libcomposer_ext: DeviceImplAidl::DeviceClientContextAidl::NotifyDispDumpReady()
09-16 17:02:38.986  1583  1583 D libcomposer_ext: ClientCallbackAidl::asyncPerform(15)
09-16 17:02:38.986  1583  1583 D libcomposer_ext: ClientImplAidl::ParseNotifyDispDumpReady()
09-16 17:02:39.034  1583  2177 D libsensor-parseRGB: the value of RGB [0.000000 0.000000 0.000000]
09-16 17:02:39.073  1583  2182 I libsensor-displayalgo: the value of channelCali C:0.008018,R:0.000000,G:0.000699,B:0.002546,scales C:1.053362,R:0.940208,G:1.080438,B:1.016771
09-16 17:02:39.075  1583  2182 D libsensor-displayalgo: brightness:8191.000000,flat_mode:0.000000,R1:0.000000,G1:0.000000,B1:0.000000,R2:0.407390,G2:0.429817,B2:0.408810,R3:1.125947,G3:1.187583,B3:1.129468,R4:0.000000,G4:0.000000,B4:0.000000,EVENT C:3336.000000,R:1884.000000,G:1716.000000,B:988.000000, lux: 157.072830
09-16 17:02:39.132  2628  2628 D ArtChoreographerMonitor: invoke error.
09-16 17:02:39.166  1064  1064 I BufferQueueProducer: [FramebufferSurface](this:0xb400007aa4096710,id:-1,api:1,p:1064,c:1064) queueBuffer: fps=60.22 dur=1013.00 max=20.53 min=13.78
09-16 17:02:39.183   969  1656 I android.hardware.graphics.composer@3.2-service: Sensor: notify citsensorservice to trigger cwb
09-16 17:02:39.184  1583  2176 I libsensor-frameBufferManager: request dump start
09-16 17:02:39.184  1583  2176 D libcomposer_ext: ClientImplAidl::getDispDump(), dpy 1, dst (160, 120), dump_point 1, release_fence -1
09-16 17:02:39.184   969   969 D libcomposer_ext: DeviceImplAidl::syncPerform(14), client_handle: 1
09-16 17:02:39.184   969   969 D libcomposer_ext: DeviceImplAidl::DeviceClientContextAidl::ParseGetDispDump()
09-16 17:02:39.184   969   969 D libcomposer_ext: DeviceImplAidl::ParseGetDispDump(), dpy 1, dst (160, 120), dump_point 1
09-16 17:02:39.185   969   969 I hwcomposer: [HWC] getDispDump(), dpy 1, (822,7,982,127), (160, 120), (1, 2), (-1), (-1), (0xb400006f50ca3030)  
09-16 17:02:39.185   969   969 I hwcomposer: [DRMDEV] isSupportWbParams(), id_crtc 103, id_connector 34, dump_point 1, src(160, 120), dst(160, 120), config 0  
09-16 17:02:39.185   969   969 E hwcomposer: [DRMDEV] isSupportWbParams(), disp(1220, 2712)  
09-16 17:02:39.185   969   969 I hwcomposer: [DISP_DUMP] setDumpBuf(), dpy(0), src(822, 7, 982, 127), dst(160, 120), (1, 2), -1, (-1), (0xb400006f50ca3030)  
09-16 17:02:39.185   969   969 I hwcomposer: [HWC] (0)fire a callback of refresh to SF[9]  
09-16 17:02:39.199   969   969 D libcomposer_ext: DeviceImplAidl::DeviceClientContextAidl::NotifyDispDumpReady()
09-16 17:02:39.200  1583  1583 D libcomposer_ext: ClientCallbackAidl::asyncPerform(15)
09-16 17:02:39.200  1583  1583 D libcomposer_ext: ClientImplAidl::ParseNotifyDispDumpReady()
09-16 17:02:39.247  1583  2177 D libsensor-parseRGB: the value of RGB [0.000000 0.000000 0.000000]
09-16 17:02:39.272   993  1035 I libPerfCtl: xgfGetFPS pid:2628 fps:-1
09-16 17:02:39.272   993  1035 I libPerfCtl: xgfGetFPS pid:6607 fps:-1
09-16 17:02:39.272   993  1035 I libPerfCtl: xgfGetFPS pid:7072 fps:-1
09-16 17:02:39.272   993  1035 I libPerfCtl: xgfGetFPS pid:28261 fps:-1
09-16 17:02:39.273  1583  2182 I libsensor-displayalgo: the value of channelCali C:0.008018,R:0.000000,G:0.000699,B:0.002546,scales C:1.053362,R:0.940208,G:1.080438,B:1.016771
09-16 17:02:39.273  1583  2182 D libsensor-displayalgo: brightness:8191.000000,flat_mode:0.000000,R1:0.000000,G1:0.000000,B1:0.000000,R2:0.407390,G2:0.429817,B2:0.408810,R3:1.125947,G3:1.187583,B3:1.129468,R4:0.000000,G4:0.000000,B4:0.000000,EVENT C:3347.000000,R:1888.000000,G:1719.000000,B:990.000000, lux: 157.863953
09-16 17:02:39.286   979  1143 E HfLooper: sensor imu_hand_detect in hal data=1000,999,0,0,10026,12
09-16 17:02:39.311  1808  2957 I SmartPower: com.google.android.gms.ui/10145(23448): idle->background(4018ms) R(service destroy com.google.android.gms/.chimera.UiIntentOperationService) adj=800.
09-16 17:02:39.379  1064  1064 I BufferQueueProducer: [com.android.chrome/ChromeChildSurface#8442](this:0xb400007b6437ee90,id:-1,api:0,p:-1,c:1064) queueBuffer: fps=60.23 dur=1012.78 max=17.60 min=15.98
09-16 17:02:39.399   969  1656 I android.hardware.graphics.composer@3.2-service: Sensor: notify citsensorservice to trigger cwb
09-16 17:02:39.400  1583  2176 I libsensor-frameBufferManager: request dump start
09-16 17:02:39.400  1583  2176 D libcomposer_ext: ClientImplAidl::getDispDump(), dpy 1, dst (160, 120), dump_point 1, release_fence -1
09-16 17:02:39.400   969   969 D libcomposer_ext: DeviceImplAidl::syncPerform(14), client_handle: 1
09-16 17:02:39.400   969   969 D libcomposer_ext: DeviceImplAidl::DeviceClientContextAidl::ParseGetDispDump()
09-16 17:02:39.400   969   969 D libcomposer_ext: DeviceImplAidl::ParseGetDispDump(), dpy 1, dst (160, 120), dump_point 1
09-16 17:02:39.401   969   969 I hwcomposer: [HWC] getDispDump(), dpy 1, (822,7,982,127), (160, 120), (1, 2), (-1), (-1), (0xb400006f50ca61b0)  
09-16 17:02:39.401   969   969 I hwcomposer: [DRMDEV] isSupportWbParams(), id_crtc 103, id_connector 34, dump_point 1, src(160, 120), dst(160, 120), config 0  
09-16 17:02:39.401   969   969 E hwcomposer: [DRMDEV] isSupportWbParams(), disp(1220, 2712)  
09-16 17:02:39.401   969   969 I hwcomposer: [DISP_DUMP] setDumpBuf(), dpy(0), src(822, 7, 982, 127), dst(160, 120), (1, 2), -1, (-1), (0xb400006f50ca61b0)  
09-16 17:02:39.401   969   969 I hwcomposer: [HWC] (0)fire a callback of refresh to SF[9]  
09-16 17:02:39.415   969   969 D libcomposer_ext: DeviceImplAidl::DeviceClientContextAidl::NotifyDispDumpReady()
09-16 17:02:39.416  1583  1583 D libcomposer_ext: ClientCallbackAidl::asyncPerform(15)
09-16 17:02:39.416  1583  1583 D libcomposer_ext: ClientImplAidl::ParseNotifyDispDumpReady()
09-16 17:02:39.461  1583  2177 D libsensor-parseRGB: the value of RGB [0.000000 0.000000 0.000000]
09-16 17:02:39.465   969   969 I hwcomposer: [HWCDisplay] [Display_0 (type:1, mode:2)] fps:60.204590,dur:1013.21,max:20.62,min:13.72  
09-16 17:02:39.472  1583  2182 I libsensor-displayalgo: the value of channelCali C:0.008018,R:0.000000,G:0.000699,B:0.002546,scales C:1.053362,R:0.940208,G:1.080438,B:1.016771
09-16 17:02:39.472  1583  2182 D libsensor-displayalgo: brightness:8191.000000,flat_mode:0.000000,R1:0.000000,G1:0.000000,B1:0.000000,R2:0.407390,G2:0.429817,B2:0.408810,R3:1.125947,G3:1.187583,B3:1.129468,R4:0.000000,G4:0.000000,B4:0.000000,EVENT C:3338.000000,R:1883.000000,G:1714.000000,B:988.000000, lux: 157.457642
09-16 17:02:39.615   969  1656 I android.hardware.graphics.composer@3.2-service: Sensor: notify citsensorservice to trigger cwb
09-16 17:02:39.616  1583  2176 I libsensor-frameBufferManager: request dump start
09-16 17:02:39.616  1583  2176 D libcomposer_ext: ClientImplAidl::getDispDump(), dpy 1, dst (160, 120), dump_point 1, release_fence -1
09-16 17:02:39.617   969   969 D libcomposer_ext: DeviceImplAidl::syncPerform(14), client_handle: 1
09-16 17:02:39.618   969   969 D libcomposer_ext: DeviceImplAidl::DeviceClientContextAidl::ParseGetDispDump()
09-16 17:02:39.618   969   969 D libcomposer_ext: DeviceImplAidl::ParseGetDispDump(), dpy 1, dst (160, 120), dump_point 1
09-16 17:02:39.618   969   969 I hwcomposer: [HWC] getDispDump(), dpy 1, (822,7,982,127), (160, 120), (1, 2), (-1), (-1), (0xb400006f50ca62d0)  
09-16 17:02:39.618   969   969 I hwcomposer: [DRMDEV] isSupportWbParams(), id_crtc 103, id_connector 34, dump_point 1, src(160, 120), dst(160, 120), config 0  
09-16 17:02:39.618   969   969 E hwcomposer: [DRMDEV] isSupportWbParams(), disp(1220, 2712)  
09-16 17:02:39.618   969   969 I hwcomposer: [DISP_DUMP] setDumpBuf(), dpy(0), src(822, 7, 982, 127), dst(160, 120), (1, 2), -1, (-1), (0xb400006f50ca62d0)  
09-16 17:02:39.618   969   969 I hwcomposer: [HWC] (0)fire a callback of refresh to SF[9]  
09-16 17:02:39.632   969   969 D libcomposer_ext: DeviceImplAidl::DeviceClientContextAidl::NotifyDispDumpReady()
09-16 17:02:39.633  1583  1583 D libcomposer_ext: ClientCallbackAidl::asyncPerform(15)
09-16 17:02:39.633  1583  1583 D libcomposer_ext: ClientImplAidl::ParseNotifyDispDumpReady()
09-16 17:02:39.679  1583  2177 D libsensor-parseRGB: the value of RGB [0.000000 0.000000 0.000000]
09-16 17:02:39.692   979  1143 E HfLooper: sensor imu_hand_detect in hal data=1000,999,0,0,10030,14
09-16 17:02:39.770  1583  2182 I libsensor-displayalgo: the value of channelCali C:0.008018,R:0.000000,G:0.000699,B:0.002546,scales C:1.053362,R:0.940208,G:1.080438,B:1.016771
09-16 17:02:39.770  1583  2182 D libsensor-displayalgo: brightness:8191.000000,flat_mode:0.000000,R1:0.000000,G1:0.000000,B1:0.000000,R2:0.407390,G2:0.429817,B2:0.408810,R3:1.125947,G3:1.187583,B3:1.129468,R4:0.000000,G4:0.000000,B4:0.000000,EVENT C:3343.000000,R:1887.000000,G:1714.000000,B:988.000000, lux: 157.740219
09-16 17:02:39.831   969  1656 I android.hardware.graphics.composer@3.2-service: Sensor: notify citsensorservice to trigger cwb
09-16 17:02:39.832  1583  2176 I libsensor-frameBufferManager: request dump start
09-16 17:02:39.833  1583  2176 D libcomposer_ext: ClientImplAidl::getDispDump(), dpy 1, dst (160, 120), dump_point 1, release_fence -1
09-16 17:02:39.833   969   969 D libcomposer_ext: DeviceImplAidl::syncPerform(14), client_handle: 1
09-16 17:02:39.833   969   969 D libcomposer_ext: DeviceImplAidl::DeviceClientContextAidl::ParseGetDispDump()
09-16 17:02:39.833   969   969 D libcomposer_ext: DeviceImplAidl::ParseGetDispDump(), dpy 1, dst (160, 120), dump_point 1
09-16 17:02:39.833   969   969 I hwcomposer: [HWC] getDispDump(), dpy 1, (822,7,982,127), (160, 120), (1, 2), (-1), (-1), (0xb400006f50ca3030)  
09-16 17:02:39.833   969   969 I hwcomposer: [DRMDEV] isSupportWbParams(), id_crtc 103, id_connector 34, dump_point 1, src(160, 120), dst(160, 120), config 0  
09-16 17:02:39.834   969   969 E hwcomposer: [DRMDEV] isSupportWbParams(), disp(1220, 2712)  
09-16 17:02:39.834   969   969 I hwcomposer: [DISP_DUMP] setDumpBuf(), dpy(0), src(822, 7, 982, 127), dst(160, 120), (1, 2), -1, (-1), (0xb400006f50ca3030)  
09-16 17:02:39.834   969   969 I hwcomposer: [HWC] (0)fire a callback of refresh to SF[9]  
09-16 17:02:39.847   969   969 D libcomposer_ext: DeviceImplAidl::DeviceClientContextAidl::NotifyDispDumpReady()
09-16 17:02:39.847  1583  1583 D libcomposer_ext: ClientCallbackAidl::asyncPerform(15)
09-16 17:02:39.847  1583  1583 D libcomposer_ext: ClientImplAidl::ParseNotifyDispDumpReady()
09-16 17:02:39.896  1583  2177 D libsensor-parseRGB: the value of RGB [0.000000 0.000000 0.000000]
09-16 17:02:39.970  1583  2182 I libsensor-displayalgo: the value of channelCali C:0.008018,R:0.000000,G:0.000699,B:0.002546,scales C:1.053362,R:0.940208,G:1.080438,B:1.016771
09-16 17:02:39.970  1583  2182 D libsensor-displayalgo: brightness:8191.000000,flat_mode:0.000000,R1:0.000000,G1:0.000000,B1:0.000000,R2:0.407390,G2:0.429817,B2:0.408810,R3:1.125947,G3:1.187583,B3:1.129468,R4:0.000000,G4:0.000000,B4:0.000000,EVENT C:3335.000000,R:1887.000000,G:1714.000000,B:987.000000, lux: 156.866592
09-16 17:02:40.047   969  1656 I android.hardware.graphics.composer@3.2-service: Sensor: notify citsensorservice to trigger cwb
09-16 17:02:40.049  1583  2176 I libsensor-frameBufferManager: request dump start
09-16 17:02:40.049  1583  2176 D libcomposer_ext: ClientImplAidl::getDispDump(), dpy 1, dst (160, 120), dump_point 1, release_fence -1
09-16 17:02:40.050   969   969 D libcomposer_ext: DeviceImplAidl::syncPerform(14), client_handle: 1
09-16 17:02:40.050   969   969 D libcomposer_ext: DeviceImplAidl::DeviceClientContextAidl::ParseGetDispDump()
09-16 17:02:40.050   969   969 D libcomposer_ext: DeviceImplAidl::ParseGetDispDump(), dpy 1, dst (160, 120), dump_point 1
09-16 17:02:40.051   969   969 I hwcomposer: [HWC] getDispDump(), dpy 1, (822,7,982,127), (160, 120), (1, 2), (-1), (-1), (0xb400006f50ca61b0)  
09-16 17:02:40.051   969   969 I hwcomposer: [DRMDEV] isSupportWbParams(), id_crtc 103, id_connector 34, dump_point 1, src(160, 120), dst(160, 120), config 0  
09-16 17:02:40.051   969   969 E hwcomposer: [DRMDEV] isSupportWbParams(), disp(1220, 2712)  
09-16 17:02:40.051   969   969 I hwcomposer: [DISP_DUMP] setDumpBuf(), dpy(0), src(822, 7, 982, 127), dst(160, 120), (1, 2), -1, (-1), (0xb400006f50ca61b0)  
09-16 17:02:40.051   969   969 I hwcomposer: [HWC] (0)fire a callback of refresh to SF[9]  
09-16 17:02:40.063   969   969 D libcomposer_ext: DeviceImplAidl::DeviceClientContextAidl::NotifyDispDumpReady()
09-16 17:02:40.063  1583  1583 D libcomposer_ext: ClientCallbackAidl::asyncPerform(15)
09-16 17:02:40.063  1583  1583 D libcomposer_ext: ClientImplAidl::ParseNotifyDispDumpReady()
09-16 17:02:40.089   979  1143 E HfLooper: sensor imu_hand_detect in hal data=1000,999,0,0,10037,16
09-16 17:02:40.109  1583  2177 D libsensor-parseRGB: the value of RGB [0.000000 0.000000 0.000000]
09-16 17:02:40.171  1583  2182 I libsensor-displayalgo: the value of channelCali C:0.008018,R:0.000000,G:0.000699,B:0.002546,scales C:1.053362,R:0.940208,G:1.080438,B:1.016771
09-16 17:02:40.171  1583  2182 D libsensor-displayalgo: brightness:8191.000000,flat_mode:0.000000,R1:0.000000,G1:0.000000,B1:0.000000,R2:0.407390,G2:0.429817,B2:0.408810,R3:1.125947,G3:1.187583,B3:1.129468,R4:0.000000,G4:0.000000,B4:0.000000,EVENT C:3345.000000,R:1892.000000,G:1718.000000,B:990.000000, lux: 157.439224
09-16 17:02:40.179  1064  1064 I BufferQueueProducer: [FramebufferSurface](this:0xb400007aa4096710,id:-1,api:1,p:1064,c:1064) queueBuffer: fps=60.24 dur=1012.64 max=18.77 min=15.23
09-16 17:02:40.262   969  1656 I android.hardware.graphics.composer@3.2-service: Sensor: notify citsensorservice to trigger cwb
09-16 17:02:40.264  1583  2176 I libsensor-frameBufferManager: request dump start
09-16 17:02:40.264  1583  2176 D libcomposer_ext: ClientImplAidl::getDispDump(), dpy 1, dst (160, 120), dump_point 1, release_fence -1
09-16 17:02:40.265   969   969 D libcomposer_ext: DeviceImplAidl::syncPerform(14), client_handle: 1
09-16 17:02:40.265   969   969 D libcomposer_ext: DeviceImplAidl::DeviceClientContextAidl::ParseGetDispDump()
09-16 17:02:40.265   969   969 D libcomposer_ext: DeviceImplAidl::ParseGetDispDump(), dpy 1, dst (160, 120), dump_point 1
09-16 17:02:40.266   969   969 I hwcomposer: [HWC] getDispDump(), dpy 1, (822,7,982,127), (160, 120), (1, 2), (-1), (-1), (0xb400006f50ca62d0)  
09-16 17:02:40.266   969   969 I hwcomposer: [DRMDEV] isSupportWbParams(), id_crtc 103, id_connector 34, dump_point 1, src(160, 120), dst(160, 120), config 0  
09-16 17:02:40.266   969   969 E hwcomposer: [DRMDEV] isSupportWbParams(), disp(1220, 2712)  
09-16 17:02:40.266   969   969 I hwcomposer: [DISP_DUMP] setDumpBuf(), dpy(0), src(822, 7, 982, 127), dst(160, 120), (1, 2), -1, (-1), (0xb400006f50ca62d0)  
09-16 17:02:40.266   969   969 I hwcomposer: [HWC] (0)fire a callback of refresh to SF[9]  
09-16 17:02:40.273   993  1035 I libPerfCtl: xgfGetFPS pid:2628 fps:-1
09-16 17:02:40.273   993  1035 I libPerfCtl: xgfGetFPS pid:6607 fps:-1
09-16 17:02:40.273   993  1035 I libPerfCtl: xgfGetFPS pid:7072 fps:-1
09-16 17:02:40.273   993  1035 I libPerfCtl: xgfGetFPS pid:28261 fps:-1
09-16 17:02:40.279   969   969 D libcomposer_ext: DeviceImplAidl::DeviceClientContextAidl::NotifyDispDumpReady()
09-16 17:02:40.280  1583  1583 D libcomposer_ext: ClientCallbackAidl::asyncPerform(15)
09-16 17:02:40.280  1583  1583 D libcomposer_ext: ClientImplAidl::ParseNotifyDispDumpReady()
09-16 17:02:40.328  1583  2177 D libsensor-parseRGB: the value of RGB [0.000000 0.000000 0.000000]
09-16 17:02:40.371  1583  2182 I libsensor-displayalgo: the value of channelCali C:0.008018,R:0.000000,G:0.000699,B:0.002546,scales C:1.053362,R:0.940208,G:1.080438,B:1.016771
09-16 17:02:40.371  1583  2182 D libsensor-displayalgo: brightness:8191.000000,flat_mode:0.000000,R1:0.000000,G1:0.000000,B1:0.000000,R2:0.407390,G2:0.429817,B2:0.408810,R3:1.125947,G3:1.187583,B3:1.129468,R4:0.000000,G4:0.000000,B4:0.000000,EVENT C:3347.000000,R:1892.000000,G:1719.000000,B:991.000000, lux: 157.610886
09-16 17:02:40.392  1064  1064 I BufferQueueProducer: [com.android.chrome/ChromeChildSurface#8442](this:0xb400007b6437ee90,id:-1,api:0,p:-1,c:1064) queueBuffer: fps=60.23 dur=1012.78 max=17.32 min=15.92
09-16 17:02:40.428  1808  2301 I SmartPower: com.microsoft.office.outlook/10302(30392): background->idle(3009ms) R(broadcast start Intent { act=android.intent.action.BATTERY_CHANGED flg=0x60000010 (has extras) }) adj=915.
09-16 17:02:40.432  1808  2301 I SmartPower: com.google.android.youtube/10212(30413): background->idle(3013ms) R(broadcast start Intent { act=android.intent.action.BATTERY_CHANGED flg=0x60000010 (has extras) }) adj=915.
09-16 17:02:40.434  1808  2301 I SmartPower: com.miui.android.fashiongallery/10277(5951): background->idle(3013ms) R(broadcast start Intent { act=android.intent.action.BATTERY_CHANGED flg=0x60000010 (has extras) }) adj=915.
09-16 17:02:40.434  1808  2301 I SmartPower: com.google.android.apps.youtube.music/10210(6774): background->idle(3013ms) R(broadcast start Intent { act=android.intent.action.BATTERY_CHANGED flg=0x60000010 (has extras) }) adj=915.
09-16 17:02:40.434  1808  2301 I SmartPower: com.xiaomi.discover/10186(7800): background->idle(3012ms) R(broadcast start Intent { act=android.intent.action.BATTERY_CHANGED flg=0x60000010 (has extras) }) adj=915.
09-16 17:02:40.437  1808  2301 I SmartPower: com.whatsapp.w4b/10285(21229): background->idle(3015ms) R(broadcast start Intent { act=android.intent.action.BATTERY_CHANGED flg=0x60000010 (has extras) }) adj=915.
09-16 17:02:40.438 11965 27777 I System.out: Error during network call: Unable to resolve host "api.mercadolibre.com": No address associated with hostname
09-16 17:02:40.439 11965 27777 W System.err: java.net.UnknownHostException: Unable to resolve host "api.mercadolibre.com": No address associated with hostname
09-16 17:02:40.440  1808  2301 I SmartPower: com.miui.gallery/10149(24123): background->idle(3013ms) R(broadcast start Intent { act=android.intent.action.BATTERY_CHANGED flg=0x60000010 (has extras) }) adj=905.
09-16 17:02:40.440  1808  2301 I SmartPower: com.google.android.apps.tachyon/10192(17717): background->idle(3014ms) R(broadcast start Intent { act=android.intent.action.BATTERY_CHANGED flg=0x60000010 (has extras) }) adj=995.
09-16 17:02:40.441  1808  2301 I SmartPower: br.bet.betnacional/10448(31216): background->idle(3014ms) R(broadcast start Intent { act=android.intent.action.BATTERY_CHANGED flg=0x60000010 (has extras) }) adj=915.
09-16 17:02:40.441  1808  2301 I SmartPower: com.zhiliaoapp.musically/10056(20875): background->idle(3014ms) R(broadcast start Intent { act=android.intent.action.BATTERY_CHANGED flg=0x60000010 (has extras) }) adj=905.
09-16 17:02:40.441  1808  2301 I SmartPower: com.facebook.appmanager/10122(10576): background->idle(3013ms) R(broadcast start Intent { act=android.intent.action.BATTERY_CHANGED flg=0x60000010 (has extras) }) adj=905.
09-16 17:02:40.442  1808  2301 I SmartPower: com.azure.authenticator/10333(15249): background->idle(3013ms) R(broadcast start Intent { act=android.intent.action.BATTERY_CHANGED flg=0x60000010 (has extras) }) adj=905.
09-16 17:02:40.442 11965 27777 W System.err: 	at java.net.Inet6AddressImpl.lookupHostByName(Inet6AddressImpl.java:156)
09-16 17:02:40.442 11965 27777 W System.err: 	at java.net.Inet6AddressImpl.lookupAllHostAddr(Inet6AddressImpl.java:103)
09-16 17:02:40.442  1808  2301 I SmartPower: br.com.brainweb.ifood/10299(14950): background->idle(3013ms) R(broadcast start Intent { act=android.intent.action.BATTERY_CHANGED flg=0x60000010 (has extras) }) adj=905.
09-16 17:02:40.442 11965 27777 W System.err: 	at java.net.InetAddress.getAllByName(InetAddress.java:1152)
09-16 17:02:40.442 11965 27777 W System.err: 	at okhttp3.s$a.a(SourceFile:6)
09-16 17:02:40.442 11965 27777 W System.err: 	at okhttp3.internal.connection.j.b(SourceFile:196)
09-16 17:02:40.442 11965 27777 W System.err: 	at okhttp3.internal.connection.d.a(SourceFile:189)
09-16 17:02:40.442 11965 27777 W System.err: 	at okhttp3.internal.connection.a.intercept(SourceFile:60)
09-16 17:02:40.442 11965 27777 W System.err: 	at okhttp3.internal.http.h.b(SourceFile:140)
09-16 17:02:40.442 11965 27777 W System.err: 	at okhttp3.internal.cache.a.intercept(SourceFile:871)
09-16 17:02:40.442 11965 27777 W System.err: 	at okhttp3.internal.http.h.b(SourceFile:140)
09-16 17:02:40.442 11965 27777 W System.err: 	at okhttp3.internal.http.a.intercept(SourceFile:231)
09-16 17:02:40.442 11965 27777 W System.err: 	at okhttp3.internal.http.h.b(SourceFile:140)
09-16 17:02:40.442 11965 27777 W System.err: 	at okhttp3.internal.http.k.intercept(SourceFile:147)
09-16 17:02:40.442 11965 27777 W System.err: 	at okhttp3.internal.http.h.b(SourceFile:140)
09-16 17:02:40.442 11965 27777 W System.err: 	at com.mercadolibre.android.restclient.interceptor.retry.c.intercept(SourceFile:60)
09-16 17:02:40.442 11965 27777 W System.err: 	at okhttp3.internal.http.h.b(SourceFile:140)
09-16 17:02:40.442 11965 27777 W System.err: 	at com.mercadolibre.android.restclient.interceptor.a.intercept(SourceFile:13)
09-16 17:02:40.442 11965 27777 W System.err: 	at okhttp3.internal.http.h.b(SourceFile:140)
09-16 17:02:40.442 11965 27777 W System.err: 	at com.mercadolibre.android.melidata.statistics.d$b.intercept(SourceFile:60)
09-16 17:02:40.443 11965 27777 W System.err: 	at okhttp3.internal.http.h.b(SourceFile:140)
09-16 17:02:40.443 11965 27777 W System.err: 	at com.mercadolibre.android.restclient.interceptor.sign.b.intercept(SourceFile:255)
09-16 17:02:40.443 11965 27777 W System.err: 	at okhttp3.internal.http.h.b(SourceFile:140)
09-16 17:02:40.443 11965 27777 W System.err: 	at com.mercadolibre.android.errorhandler.v2.tracks.traceability.b.intercept(SourceFile:6)
09-16 17:02:40.443 11965 27777 W System.err: 	at okhttp3.internal.http.h.b(SourceFile:140)
09-16 17:02:40.443 11965 27777 W System.err: 	at com.mercadolibre.android.reauth_native_adapter.reauth_adapter.decorator.client.b.intercept(SourceFile:15)
09-16 17:02:40.443 11965 27777 W System.err: 	at okhttp3.internal.http.h.b(SourceFile:140)
09-16 17:02:40.443 11965 27777 W System.err: 	at com.mercadolibre.android.restclient.configurator.decorator.client.header.b.intercept(SourceFile:78)
09-16 17:02:40.443 11965 27777 W System.err: 	at okhttp3.internal.http.h.b(SourceFile:140)
09-16 17:02:40.443 11965 27777 W System.err: 	at com.mercadolibre.android.restclient.configurator.decorator.client.authentication.e.intercept(SourceFile:100)
09-16 17:02:40.443 11965 27777 W System.err: 	at okhttp3.internal.http.h.b(SourceFile:140)
09-16 17:02:40.443 11965 27777 W System.err: 	at com.datadog.android.okhttp.trace.TracingInterceptor.intercept(SourceFile:57)
09-16 17:02:40.443 11965 27777 W System.err: 	at com.datadog.android.okhttp.DatadogInterceptor.intercept(SourceFile:284)
09-16 17:02:40.443 11965 27777 W System.err: 	at okhttp3.internal.http.h.b(SourceFile:140)
09-16 17:02:40.443 11965 27777 W System.err: 	at okhttp3.internal.connection.e.g(SourceFile:100)
09-16 17:02:40.443 11965 27777 W System.err: 	at okhttp3.internal.connection.e$a.run(SourceFile:116)
09-16 17:02:40.443 11965 27777 W System.err: 	at java.util.concurrent.ThreadPoolExecutor.runWorker(ThreadPoolExecutor.java:1156)
09-16 17:02:40.443 11965 27777 W System.err: 	at java.util.concurrent.ThreadPoolExecutor$Worker.run(ThreadPoolExecutor.java:651)
09-16 17:02:40.443 11965 27777 W System.err: 	at java.lang.Thread.run(Thread.java:1119)
09-16 17:02:40.444 11965 27777 W System.err: Caused by: android.system.GaiException: android_getaddrinfo failed: EAI_NODATA (No address associated with hostname)
09-16 17:02:40.444 11965 27777 W System.err: 	at libcore.io.Linux.android_getaddrinfo(Native Method)
09-16 17:02:40.444 11965 27777 W System.err: 	at libcore.io.ForwardingOs.android_getaddrinfo(ForwardingOs.java:133)
09-16 17:02:40.444 11965 27777 W System.err: 	at libcore.io.BlockGuardOs.android_getaddrinfo(BlockGuardOs.java:222)
09-16 17:02:40.444 11965 27777 W System.err: 	at libcore.io.ForwardingOs.android_getaddrinfo(ForwardingOs.java:133)
09-16 17:02:40.444 11965 27777 W System.err: 	at java.net.Inet6AddressImpl.lookupHostByName(Inet6AddressImpl.java:135)
09-16 17:02:40.444 11965 27777 W System.err: 	... 37 more
09-16 17:02:40.444  1808  2301 I SmartPower: com.whatsapp/10289(30563): background->idle(3015ms) R(broadcast start Intent { act=android.intent.action.BATTERY_CHANGED flg=0x60000010 (has extras) }) adj=905.
09-16 17:02:40.445  1808  2301 I SmartPower: com.instagram.android/10287(32746): background->idle(3015ms) R(broadcast start Intent { act=android.intent.action.BATTERY_CHANGED flg=0x60000010 (has extras) }) adj=905.
09-16 17:02:40.478   969   969 I hwcomposer: [HWCDisplay] [Display_0 (type:1, mode:2)] fps:60.269444,dur:1012.12,max:18.07,min:15.23  
09-16 17:02:40.478   969  1656 I android.hardware.graphics.composer@3.2-service: Sensor: notify citsensorservice to trigger cwb
09-16 17:02:40.479  1583  2176 I libsensor-frameBufferManager: request dump start
09-16 17:02:40.479  1583  2176 D libcomposer_ext: ClientImplAidl::getDispDump(), dpy 1, dst (160, 120), dump_point 1, release_fence -1
09-16 17:02:40.480   969   969 D libcomposer_ext: DeviceImplAidl::syncPerform(14), client_handle: 1
09-16 17:02:40.480   969   969 D libcomposer_ext: DeviceImplAidl::DeviceClientContextAidl::ParseGetDispDump()
09-16 17:02:40.480   979  1143 E HfLooper: sensor imu_hand_detect in hal data=1000,804,0,0,10038,17
09-16 17:02:40.480   969   969 D libcomposer_ext: DeviceImplAidl::ParseGetDispDump(), dpy 1, dst (160, 120), dump_point 1
09-16 17:02:40.480   969   969 I hwcomposer: [HWC] getDispDump(), dpy 1, (822,7,982,127), (160, 120), (1, 2), (-1), (-1), (0xb400006f50ca3030)  
09-16 17:02:40.480   969   969 I hwcomposer: [DRMDEV] isSupportWbParams(), id_crtc 103, id_connector 34, dump_point 1, src(160, 120), dst(160, 120), config 0  
09-16 17:02:40.480   969   969 E hwcomposer: [DRMDEV] isSupportWbParams(), disp(1220, 2712)  
09-16 17:02:40.480   969   969 I hwcomposer: [DISP_DUMP] setDumpBuf(), dpy(0), src(822, 7, 982, 127), dst(160, 120), (1, 2), -1, (-1), (0xb400006f50ca3030)  
09-16 17:02:40.480   969   969 I hwcomposer: [HWC] (0)fire a callback of refresh to SF[9]  
09-16 17:02:40.494   969   969 D libcomposer_ext: DeviceImplAidl::DeviceClientContextAidl::NotifyDispDumpReady()
09-16 17:02:40.495  1583  1583 D libcomposer_ext: ClientCallbackAidl::asyncPerform(15)
09-16 17:02:40.495  1583  1583 D libcomposer_ext: ClientImplAidl::ParseNotifyDispDumpReady()
09-16 17:02:40.540  1583  2177 D libsensor-parseRGB: the value of RGB [0.000000 0.000000 0.000000]
09-16 17:02:40.576  1583  2182 I libsensor-displayalgo: the value of channelCali C:0.008018,R:0.000000,G:0.000699,B:0.002546,scales C:1.053362,R:0.940208,G:1.080438,B:1.016771
09-16 17:02:40.576  1583  2182 D libsensor-displayalgo: brightness:8191.000000,flat_mode:0.000000,R1:0.000000,G1:0.000000,B1:0.000000,R2:0.407390,G2:0.429817,B2:0.408810,R3:1.125947,G3:1.187583,B3:1.129468,R4:0.000000,G4:0.000000,B4:0.000000,EVENT C:3351.000000,R:1895.000000,G:1722.000000,B:994.000000, lux: 157.714371
09-16 17:02:40.694   969  1656 I android.hardware.graphics.composer@3.2-service: Sensor: notify citsensorservice to trigger cwb
09-16 17:02:40.695  1583  2176 I libsensor-frameBufferManager: request dump start
09-16 17:02:40.695  1583  2176 D libcomposer_ext: ClientImplAidl::getDispDump(), dpy 1, dst (160, 120), dump_point 1, release_fence -1
09-16 17:02:40.697   969   969 D libcomposer_ext: DeviceImplAidl::syncPerform(14), client_handle: 1
09-16 17:02:40.697   969   969 D libcomposer_ext: DeviceImplAidl::DeviceClientContextAidl::ParseGetDispDump()
09-16 17:02:40.697   969   969 D libcomposer_ext: DeviceImplAidl::ParseGetDispDump(), dpy 1, dst (160, 120), dump_point 1
09-16 17:02:40.697   969   969 I hwcomposer: [HWC] getDispDump(), dpy 1, (822,7,982,127), (160, 120), (1, 2), (-1), (-1), (0xb400006f50ca61b0)  
09-16 17:02:40.697   969   969 I hwcomposer: [DRMDEV] isSupportWbParams(), id_crtc 103, id_connector 34, dump_point 1, src(160, 120), dst(160, 120), config 0  
09-16 17:02:40.697   969   969 E hwcomposer: [DRMDEV] isSupportWbParams(), disp(1220, 2712)  
09-16 17:02:40.697   969   969 I hwcomposer: [DISP_DUMP] setDumpBuf(), dpy(0), src(822, 7, 982, 127), dst(160, 120), (1, 2), -1, (-1), (0xb400006f50ca61b0)  
09-16 17:02:40.697   969   969 I hwcomposer: [HWC] (0)fire a callback of refresh to SF[9]  
09-16 17:02:40.711   969   969 D libcomposer_ext: DeviceImplAidl::DeviceClientContextAidl::NotifyDispDumpReady()
09-16 17:02:40.712  1583  1583 D libcomposer_ext: ClientCallbackAidl::asyncPerform(15)
09-16 17:02:40.712  1583  1583 D libcomposer_ext: ClientImplAidl::ParseNotifyDispDumpReady()
09-16 17:02:40.759  1583  2177 D libsensor-parseRGB: the value of RGB [0.000000 0.000000 0.000000]
09-16 17:02:40.771  1583  2182 I libsensor-displayalgo: the value of channelCali C:0.008018,R:0.000000,G:0.000699,B:0.002546,scales C:1.053362,R:0.940208,G:1.080438,B:1.016771
09-16 17:02:40.773  1583  2182 D libsensor-displayalgo: brightness:8191.000000,flat_mode:0.000000,R1:0.000000,G1:0.000000,B1:0.000000,R2:0.407390,G2:0.429817,B2:0.408810,R3:1.125947,G3:1.187583,B3:1.129468,R4:0.000000,G4:0.000000,B4:0.000000,EVENT C:3367.000000,R:1906.000000,G:1729.000000,B:996.000000, lux: 158.387238
09-16 17:02:40.787  1808  1808 E AmlWifiScoreReportInjector: current network is in roaming environment
09-16 17:02:40.788  1808  1808 I AmlMiuiThirdPartScorer: same score, no send
09-16 17:02:40.883   979  1143 E HfLooper: sensor imu_hand_detect in hal data=1000,921,0,0,10036,17
09-16 17:02:40.910   969  1656 I android.hardware.graphics.composer@3.2-service: Sensor: notify citsensorservice to trigger cwb
09-16 17:02:40.911  1583  2176 I libsensor-frameBufferManager: request dump start
09-16 17:02:40.911  1583  2176 D libcomposer_ext: ClientImplAidl::getDispDump(), dpy 1, dst (160, 120), dump_point 1, release_fence -1
09-16 17:02:40.913   969   969 D libcomposer_ext: DeviceImplAidl::syncPerform(14), client_handle: 1
09-16 17:02:40.913   969   969 D libcomposer_ext: DeviceImplAidl::DeviceClientContextAidl::ParseGetDispDump()
09-16 17:02:40.913   969   969 D libcomposer_ext: DeviceImplAidl::ParseGetDispDump(), dpy 1, dst (160, 120), dump_point 1
09-16 17:02:40.913   969   969 I hwcomposer: [HWC] getDispDump(), dpy 1, (822,7,982,127), (160, 120), (1, 2), (-1), (-1), (0xb400006f50ca62d0)  
09-16 17:02:40.913   969   969 I hwcomposer: [DRMDEV] isSupportWbParams(), id_crtc 103, id_connector 34, dump_point 1, src(160, 120), dst(160, 120), config 0  
09-16 17:02:40.913   969   969 E hwcomposer: [DRMDEV] isSupportWbParams(), disp(1220, 2712)  
09-16 17:02:40.913   969   969 I hwcomposer: [DISP_DUMP] setDumpBuf(), dpy(0), src(822, 7, 982, 127), dst(160, 120), (1, 2), -1, (-1), (0xb400006f50ca62d0)  
09-16 17:02:40.913   969   969 I hwcomposer: [HWC] (0)fire a callback of refresh to SF[9]  
09-16 17:02:40.926   969   969 D libcomposer_ext: DeviceImplAidl::DeviceClientContextAidl::NotifyDispDumpReady()
09-16 17:02:40.927  1583  1583 D libcomposer_ext: ClientCallbackAidl::asyncPerform(15)
09-16 17:02:40.927  1583  1583 D libcomposer_ext: ClientImplAidl::ParseNotifyDispDumpReady()
09-16 17:02:40.973  1583  2177 D libsensor-parseRGB: the value of RGB [0.000000 0.000000 0.000000]
09-16 17:02:41.074  1583  2182 I libsensor-displayalgo: the value of channelCali C:0.008018,R:0.000000,G:0.000699,B:0.002546,scales C:1.053362,R:0.940208,G:1.080438,B:1.016771
09-16 17:02:41.076  1583  2182 D libsensor-displayalgo: brightness:8191.000000,flat_mode:0.000000,R1:0.000000,G1:0.000000,B1:0.000000,R2:0.407390,G2:0.429817,B2:0.408810,R3:1.125947,G3:1.187583,B3:1.129468,R4:0.000000,G4:0.000000,B4:0.000000,EVENT C:3383.000000,R:1914.000000,G:1738.000000,B:1000.000000, lux: 159.164352
09-16 17:02:41.126   969  1656 I android.hardware.graphics.composer@3.2-service: Sensor: notify citsensorservice to trigger cwb
09-16 17:02:41.128  1583  2176 I libsensor-frameBufferManager: request dump start
09-16 17:02:41.129  1583  2176 D libcomposer_ext: ClientImplAidl::getDispDump(), dpy 1, dst (160, 120), dump_point 1, release_fence -1
09-16 17:02:41.129   969   969 D libcomposer_ext: DeviceImplAidl::syncPerform(14), client_handle: 1
09-16 17:02:41.129   969   969 D libcomposer_ext: DeviceImplAidl::DeviceClientContextAidl::ParseGetDispDump()
09-16 17:02:41.130   969   969 D libcomposer_ext: DeviceImplAidl::ParseGetDispDump(), dpy 1, dst (160, 120), dump_point 1
09-16 17:02:41.130   969   969 I hwcomposer: [HWC] getDispDump(), dpy 1, (822,7,982,127), (160, 120), (1, 2), (-1), (-1), (0xb400006f50ca3030)  
09-16 17:02:41.130   969   969 I hwcomposer: [DRMDEV] isSupportWbParams(), id_crtc 103, id_connector 34, dump_point 1, src(160, 120), dst(160, 120), config 0  
09-16 17:02:41.130   969   969 E hwcomposer: [DRMDEV] isSupportWbParams(), disp(1220, 2712)  
09-16 17:02:41.130   969   969 I hwcomposer: [DISP_DUMP] setDumpBuf(), dpy(0), src(822, 7, 982, 127), dst(160, 120), (1, 2), -1, (-1), (0xb400006f50ca3030)  
09-16 17:02:41.130   969   969 I hwcomposer: [HWC] (0)fire a callback of refresh to SF[9]  
09-16 17:02:41.142   969   969 D libcomposer_ext: DeviceImplAidl::DeviceClientContextAidl::NotifyDispDumpReady()
09-16 17:02:41.142  1583  1583 D libcomposer_ext: ClientCallbackAidl::asyncPerform(15)
09-16 17:02:41.142  1583  1583 D libcomposer_ext: ClientImplAidl::ParseNotifyDispDumpReady()
09-16 17:02:41.190  1583  2177 D libsensor-parseRGB: the value of RGB [0.000000 0.000000 0.000000]
09-16 17:02:41.191  1064  1064 I BufferQueueProducer: [FramebufferSurface](this:0xb400007aa4096710,id:-1,api:1,p:1064,c:1064) queueBuffer: fps=60.25 dur=1012.40 max=17.68 min=15.48
09-16 17:02:41.273   993  1035 I libPerfCtl: xgfGetFPS pid:2628 fps:-1
09-16 17:02:41.273   993  1035 I libPerfCtl: xgfGetFPS pid:6607 fps:-1
09-16 17:02:41.273   993  1035 I libPerfCtl: xgfGetFPS pid:7072 fps:-1
09-16 17:02:41.273   993  1035 I libPerfCtl: xgfGetFPS pid:28261 fps:-1
09-16 17:02:41.275  1583  2182 I libsensor-displayalgo: the value of channelCali C:0.008018,R:0.000000,G:0.000699,B:0.002546,scales C:1.053362,R:0.940208,G:1.080438,B:1.016771
09-16 17:02:41.275  1583  2182 D libsensor-displayalgo: brightness:8191.000000,flat_mode:0.000000,R1:0.000000,G1:0.000000,B1:0.000000,R2:0.407390,G2:0.429817,B2:0.408810,R3:1.125947,G3:1.187583,B3:1.129468,R4:0.000000,G4:0.000000,B4:0.000000,EVENT C:3406.000000,R:1927.000000,G:1747.000000,B:1006.000000, lux: 160.388763
09-16 17:02:41.285   979  1143 E HfLooper: sensor imu_hand_detect in hal data=1000,588,0,6000,10031,15
09-16 17:02:41.340   969  1656 I android.hardware.graphics.composer@3.2-service: Sensor: notify citsensorservice to trigger cwb
09-16 17:02:41.341  1583  2176 I libsensor-frameBufferManager: request dump start
09-16 17:02:41.342  1583  2176 D libcomposer_ext: ClientImplAidl::getDispDump(), dpy 1, dst (160, 120), dump_point 1, release_fence -1
09-16 17:02:41.342   969   969 D libcomposer_ext: DeviceImplAidl::syncPerform(14), client_handle: 1
09-16 17:02:41.342   969   969 D libcomposer_ext: DeviceImplAidl::DeviceClientContextAidl::ParseGetDispDump()
09-16 17:02:41.343   969   969 D libcomposer_ext: DeviceImplAidl::ParseGetDispDump(), dpy 1, dst (160, 120), dump_point 1
09-16 17:02:41.343   969   969 I hwcomposer: [HWC] getDispDump(), dpy 1, (822,7,982,127), (160, 120), (1, 2), (-1), (-1), (0xb400006f50ca61b0)  
09-16 17:02:41.343   969   969 I hwcomposer: [DRMDEV] isSupportWbParams(), id_crtc 103, id_connector 34, dump_point 1, src(160, 120), dst(160, 120), config 0  
09-16 17:02:41.343   969   969 E hwcomposer: [DRMDEV] isSupportWbParams(), disp(1220, 2712)  
09-16 17:02:41.343   969   969 I hwcomposer: [DISP_DUMP] setDumpBuf(), dpy(0), src(822, 7, 982, 127), dst(160, 120), (1, 2), -1, (-1), (0xb400006f50ca61b0)  
09-16 17:02:41.343   969   969 I hwcomposer: [HWC] (0)fire a callback of refresh to SF[9]  
09-16 17:02:41.354  2628  2628 D ArtChoreographerMonitor: invoke error.
09-16 17:02:41.356  2628  2628 D ControlCenterHeaderExpandController: onExpansionChanged: progress =  0.0
09-16 17:02:41.357   969   969 D libcomposer_ext: DeviceImplAidl::DeviceClientContextAidl::NotifyDispDumpReady()
09-16 17:02:41.357  1583  1583 D libcomposer_ext: ClientCallbackAidl::asyncPerform(15)
09-16 17:02:41.357  1583  1583 D libcomposer_ext: ClientImplAidl::ParseNotifyDispDumpReady()
09-16 17:02:41.363  2628  2628 D ControlCenterHeaderExpandController: onExpansionChanged: progress =  0.0
09-16 17:02:41.371  1064  1064 I BufferQueueProducer: [StatusBar#106](this:0xb400007b642df2b0,id:-1,api:0,p:-1,c:1064) queueBuffer: fps=0.42 dur=2407.12 max=2407.12 min=2407.12
09-16 17:02:41.371  2628  2628 D ControlCenterHeaderExpandController: onExpansionChanged: progress =  0.0
09-16 17:02:41.403  1583  2177 D libsensor-parseRGB: the value of RGB [0.000000 0.000000 0.000000]
09-16 17:02:41.404  1064  1064 I BufferQueueProducer: [com.android.chrome/ChromeChildSurface#8442](this:0xb400007b6437ee90,id:-1,api:0,p:-1,c:1064) queueBuffer: fps=60.26 dur=1012.26 max=17.59 min=15.67
09-16 17:02:41.471  1583  2182 I libsensor-displayalgo: the value of channelCali C:0.008018,R:0.000000,G:0.000699,B:0.002546,scales C:1.053362,R:0.940208,G:1.080438,B:1.016771
09-16 17:02:41.472  1583  2182 D libsensor-displayalgo: brightness:8191.000000,flat_mode:0.000000,R1:0.000000,G1:0.000000,B1:0.000000,R2:0.407390,G2:0.429817,B2:0.408810,R3:1.125947,G3:1.187583,B3:1.129468,R4:0.000000,G4:0.000000,B4:0.000000,EVENT C:3431.000000,R:1938.000000,G:1762.000000,B:1015.000000, lux: 161.669495
09-16 17:02:41.489   969   969 I hwcomposer: [HWCDisplay] [Display_0 (type:1, mode:2)] fps:60.289585,dur:1011.78,max:18.88,min:14.55  
09-16 17:02:41.538  2628  2628 D ArtChoreographerMonitor: invoke error.
09-16 17:02:41.554 22832 25157 W .FlashScore_com: Reducing the number of considered missed Gc histogram windows from 289 to 100
09-16 17:02:41.556   969  1656 I android.hardware.graphics.composer@3.2-service: Sensor: notify citsensorservice to trigger cwb
09-16 17:02:41.557  1583  2176 I libsensor-frameBufferManager: request dump start
09-16 17:02:41.557  1583  2176 D libcomposer_ext: ClientImplAidl::getDispDump(), dpy 1, dst (160, 120), dump_point 1, release_fence -1
09-16 17:02:41.558   969   969 D libcomposer_ext: DeviceImplAidl::syncPerform(14), client_handle: 1
09-16 17:02:41.558   969   969 D libcomposer_ext: DeviceImplAidl::DeviceClientContextAidl::ParseGetDispDump()
09-16 17:02:41.558   969   969 D libcomposer_ext: DeviceImplAidl::ParseGetDispDump(), dpy 1, dst (160, 120), dump_point 1
09-16 17:02:41.558   969   969 I hwcomposer: [HWC] getDispDump(), dpy 1, (822,7,982,127), (160, 120), (1, 2), (-1), (-1), (0xb400006f50ca62d0)  
09-16 17:02:41.558   969   969 I hwcomposer: [DRMDEV] isSupportWbParams(), id_crtc 103, id_connector 34, dump_point 1, src(160, 120), dst(160, 120), config 0  
09-16 17:02:41.558   969   969 E hwcomposer: [DRMDEV] isSupportWbParams(), disp(1220, 2712)  
09-16 17:02:41.558   969   969 I hwcomposer: [DISP_DUMP] setDumpBuf(), dpy(0), src(822, 7, 982, 127), dst(160, 120), (1, 2), -1, (-1), (0xb400006f50ca62d0)  
09-16 17:02:41.558   969   969 I hwcomposer: [HWC] (0)fire a callback of refresh to SF[9]  
09-16 17:02:41.574   969   969 D libcomposer_ext: DeviceImplAidl::DeviceClientContextAidl::NotifyDispDumpReady()
09-16 17:02:41.575  1583  1583 D libcomposer_ext: ClientCallbackAidl::asyncPerform(15)
09-16 17:02:41.575  1583  1583 D libcomposer_ext: ClientImplAidl::ParseNotifyDispDumpReady()
09-16 17:02:41.622  1583  2177 D libsensor-parseRGB: the value of RGB [0.000000 0.000000 0.000000]
09-16 17:02:41.672  1583  2182 I libsensor-displayalgo: the value of channelCali C:0.008018,R:0.000000,G:0.000699,B:0.002546,scales C:1.053362,R:0.940208,G:1.080438,B:1.016771
09-16 17:02:41.672  1583  2182 D libsensor-displayalgo: brightness:8191.000000,flat_mode:0.000000,R1:0.000000,G1:0.000000,B1:0.000000,R2:0.407390,G2:0.429817,B2:0.408810,R3:1.125947,G3:1.187583,B3:1.129468,R4:0.000000,G4:0.000000,B4:0.000000,EVENT C:3392.000000,R:1915.000000,G:1740.000000,B:1001.000000, lux: 159.978394
09-16 17:02:41.690   979  1143 E HfLooper: sensor imu_hand_detect in hal data=1000,714,6000,6000,10030,18
09-16 17:02:41.757   969  1656 I android.hardware.graphics.composer@3.2-service: Sensor: notify citsensorservice to trigger cwb
09-16 17:02:41.758  1583  2176 I libsensor-frameBufferManager: request dump start
09-16 17:02:41.758  1583  2176 D libcomposer_ext: ClientImplAidl::getDispDump(), dpy 1, dst (160, 120), dump_point 1, release_fence -1
09-16 17:02:41.759   969   969 D libcomposer_ext: DeviceImplAidl::syncPerform(14), client_handle: 1
09-16 17:02:41.759   969   969 D libcomposer_ext: DeviceImplAidl::DeviceClientContextAidl::ParseGetDispDump()
09-16 17:02:41.759   969   969 D libcomposer_ext: DeviceImplAidl::ParseGetDispDump(), dpy 1, dst (160, 120), dump_point 1
09-16 17:02:41.759   969   969 I hwcomposer: [HWC] getDispDump(), dpy 1, (822,7,982,127), (160, 120), (1, 2), (-1), (-1), (0xb400006f50ca3030)  
09-16 17:02:41.759   969   969 I hwcomposer: [DRMDEV] isSupportWbParams(), id_crtc 103, id_connector 34, dump_point 1, src(160, 120), dst(160, 120), config 0  
09-16 17:02:41.759   969   969 E hwcomposer: [DRMDEV] isSupportWbParams(), disp(1220, 2712)  
09-16 17:02:41.759   969   969 I hwcomposer: [DISP_DUMP] setDumpBuf(), dpy(0), src(822, 7, 982, 127), dst(160, 120), (1, 2), -1, (-1), (0xb400006f50ca3030)  
09-16 17:02:41.759   969   969 I hwcomposer: [HWC] (0)fire a callback of refresh to SF[9]  
09-16 17:02:41.773   969   969 D libcomposer_ext: DeviceImplAidl::DeviceClientContextAidl::NotifyDispDumpReady()
09-16 17:02:41.773  1583  1583 D libcomposer_ext: ClientCallbackAidl::asyncPerform(15)
09-16 17:02:41.773  1583  1583 D libcomposer_ext: ClientImplAidl::ParseNotifyDispDumpReady()
09-16 17:02:41.820  1583  2177 D libsensor-parseRGB: the value of RGB [0.000000 0.000000 0.000000]
09-16 17:02:41.832  2614  2614 W Settings: Setting airplane_mode_on has moved from android.provider.Settings.System to android.provider.Settings.Global, returning read-only value.
09-16 17:02:41.834  2614  2614 W Settings: Setting airplane_mode_on has moved from android.provider.Settings.System to android.provider.Settings.Global, returning read-only value.
09-16 17:02:41.843 15795 15795 D YellowPage.Network: onSignalStrengthsChanged()
09-16 17:02:41.845  2614 19671 D NetworkSpeedTracker: updateSignalInfo lteRsrp=-100lteSnr=-5,phoneId=0
09-16 17:02:41.848  2614  3126 D SelfStudyController: handleMessage msg.what is 1035
09-16 17:02:41.850  2614 19671 D NetworkSpeedTracker: updateSignalInfo nrRsrp= -105,nrSnr= -3,phoneId= 0
09-16 17:02:41.850  2614  3113 D MiuiTelephonyDFS: msg.what = 2
09-16 17:02:41.850  2614  3113 D MiuiTelephonyDFS: getVoiceRat = 13
09-16 17:02:41.851  2614  3113 D MiuiTelephonyDFS: getRsrp = -100
09-16 17:02:41.851  2614  3113 D MiuiTelephonyDFS: getVoiceRat = 13
09-16 17:02:41.851  2614  3113 D MiuiTelephonyDFS: getSnr = -5
09-16 17:02:41.851  2614  3113 D MiSight::  constructEvent id=915100005
09-16 17:02:41.852  2614  3113 D MiSight::  sendEvent id=915100005
09-16 17:02:41.853  2614  3113 D MiSightJni: MiSight: Java_com_miui_misight_MiSight_nativeSendEvent enter called. '{"SNRValue":-5}'
09-16 17:02:41.853  2614  3113 D MiEvent : MiEvent: this 0x6c9d9a80c0, paylod=0xb400006efa4ec010
09-16 17:02:41.855 15795 15795 D YellowPage.Network: onSignalStrengthsChanged()
09-16 17:02:41.853  2614  3113 D MiEvent : flatten EventId 915100005 -t 1758052961 -paraList {"SNRValue":-5}
09-16 17:02:41.856  2614  3113 I MiEvent : report:no open miev 2
09-16 17:02:41.856  2614  3113 D MiEvent : ~MiEvent: this 0x6c9d9a80c0, paylod=0xb400006efa4ec010
09-16 17:02:41.856  2614  3113 E MiSightJni: MiSight: nativeSendEvent fail
09-16 17:02:41.856  2614  3113 D MiuiTelephonyDFS: msg.what = 3
09-16 17:02:41.856  2614 19671 D NetworkSpeedTracker: updateSignalInfo lteRsrp=-100lteSnr=-5,phoneId=0
09-16 17:02:41.858  2614 19671 D NetworkSpeedTracker: updateSignalInfo nrRsrp= -105,nrSnr= -3,phoneId= 0
09-16 17:02:41.859  2614  3113 D MiuiTelephonyDFS: msg.what = 2
09-16 17:02:41.859  2614  3113 D MiuiTelephonyDFS: getVoiceRat = 13
09-16 17:02:41.859  2614  3113 D MiuiTelephonyDFS: getRsrp = -100
09-16 17:02:41.859  2614  3113 D MiuiTelephonyDFS: getVoiceRat = 13
09-16 17:02:41.859  2614  3113 D MiuiTelephonyDFS: getSnr = -5
09-16 17:02:41.859  2614  3113 D MiSight::  constructEvent id=915100005
09-16 17:02:41.859  2614  3113 D MiSight::  sendEvent id=915100005
09-16 17:02:41.859  2614  3113 D MiSightJni: MiSight: Java_com_miui_misight_MiSight_nativeSendEvent enter called. '{"SNRValue":-5}'
09-16 17:02:41.859  2614  3113 D MiEvent : MiEvent: this 0x6c9d9a80c0, paylod=0xb400006efa4ec010
09-16 17:02:41.859  2614  3126 D SelfStudyController: handleMessage msg.what is 1035
09-16 17:02:41.859  2614  3113 D MiEvent : flatten EventId 915100005 -t 1758052961 -paraList {"SNRValue":-5}
09-16 17:02:41.859  2614  3113 I MiEvent : report:no open miev 2
09-16 17:02:41.859  2614  3113 D MiEvent : ~MiEvent: this 0x6c9d9a80c0, paylod=0xb400006efa4ec010
09-16 17:02:41.859  2614  3113 E MiSightJni: MiSight: nativeSendEvent fail
09-16 17:02:41.870  1583  2182 I libsensor-displayalgo: the value of channelCali C:0.008018,R:0.000000,G:0.000699,B:0.002546,scales C:1.053362,R:0.940208,G:1.080438,B:1.016771
09-16 17:02:41.871  1583  2182 D libsensor-displayalgo: brightness:8191.000000,flat_mode:0.000000,R1:0.000000,G1:0.000000,B1:0.000000,R2:0.407390,G2:0.429817,B2:0.408810,R3:1.125947,G3:1.187583,B3:1.129468,R4:0.000000,G4:0.000000,B4:0.000000,EVENT C:3253.000000,R:1840.000000,G:1667.000000,B:960.000000, lux: 153.276718
09-16 17:02:41.938  2350  2350 D WifiHAL : WifiRequest::create vendor command to iface 37, vendor_id=0x1a11, subcmd=0x1200, res=0
09-16 17:02:41.953  2350  2350 I WifiHAL : LLS RSP: data=0xb40000750e29d660, len=4292
09-16 17:02:41.954  2350  2350 I WifiHAL : LLS check_data_sanity: 1801: current_radio_stat->num_channels=28
09-16 17:02:41.954  2350  2350 I WifiHAL : LLS check_data_sanity: 1801: current_radio_stat->num_channels=0
09-16 17:02:41.954  2350  2350 I WifiHAL : LLS check_data_sanity: confirmed_size=4292, len=4292
09-16 17:02:41.972   969  1656 I android.hardware.graphics.composer@3.2-service: Sensor: notify citsensorservice to trigger cwb
09-16 17:02:41.973  1583  2176 I libsensor-frameBufferManager: request dump start
09-16 17:02:41.973  1583  2176 D libcomposer_ext: ClientImplAidl::getDispDump(), dpy 1, dst (160, 120), dump_point 1, release_fence -1
09-16 17:02:41.973   969   969 D libcomposer_ext: DeviceImplAidl::syncPerform(14), client_handle: 1
09-16 17:02:41.973   969   969 D libcomposer_ext: DeviceImplAidl::DeviceClientContextAidl::ParseGetDispDump()
09-16 17:02:41.973   969   969 D libcomposer_ext: DeviceImplAidl::ParseGetDispDump(), dpy 1, dst (160, 120), dump_point 1
09-16 17:02:41.973   969   969 I hwcomposer: [HWC] getDispDump(), dpy 1, (822,7,982,127), (160, 120), (1, 2), (-1), (-1), (0xb400006f50ca61b0)  
09-16 17:02:41.973   969   969 I hwcomposer: [DRMDEV] isSupportWbParams(), id_crtc 103, id_connector 34, dump_point 1, src(160, 120), dst(160, 120), config 0  
09-16 17:02:41.973   969   969 E hwcomposer: [DRMDEV] isSupportWbParams(), disp(1220, 2712)  
09-16 17:02:41.973   969   969 I hwcomposer: [DISP_DUMP] setDumpBuf(), dpy(0), src(822, 7, 982, 127), dst(160, 120), (1, 2), -1, (-1), (0xb400006f50ca61b0)  
09-16 17:02:41.973   969   969 I hwcomposer: [HWC] (0)fire a callback of refresh to SF[9]  
09-16 17:02:41.986  2628  2628 D ArtChoreographerMonitor: invoke error.
09-16 17:02:41.987  2628  2628 D ControlCenterHeaderExpandController: onExpansionChanged: progress =  0.0
09-16 17:02:41.989   969   969 D libcomposer_ext: DeviceImplAidl::DeviceClientContextAidl::NotifyDispDumpReady()
09-16 17:02:41.989  1583  1583 D libcomposer_ext: ClientCallbackAidl::asyncPerform(15)
09-16 17:02:41.990  1583  1583 D libcomposer_ext: ClientImplAidl::ParseNotifyDispDumpReady()
09-16 17:02:41.990  2628  2628 D ControlCenterHeaderExpandController: onExpansionChanged: progress =  0.0
09-16 17:02:42.002  2628  2628 D ControlCenterHeaderExpandController: onExpansionChanged: progress =  0.0
09-16 17:02:42.036  1583  2177 D libsensor-parseRGB: the value of RGB [0.000000 0.000000 0.000000]
09-16 17:02:42.071  1583  2182 I libsensor-displayalgo: the value of channelCali C:0.008018,R:0.000000,G:0.000699,B:0.002546,scales C:1.053362,R:0.940208,G:1.080438,B:1.016771
09-16 17:02:42.071  1583  2182 D libsensor-displayalgo: brightness:8191.000000,flat_mode:0.000000,R1:0.000000,G1:0.000000,B1:0.000000,R2:0.407390,G2:0.429817,B2:0.408810,R3:1.125947,G3:1.187583,B3:1.129468,R4:0.000000,G4:0.000000,B4:0.000000,EVENT C:3410.000000,R:1925.000000,G:1750.000000,B:1006.000000, lux: 160.797455
09-16 17:02:42.087   979  1143 E HfLooper: sensor imu_hand_detect in hal data=1000,712,0,0,10036,23
09-16 17:02:42.105  1808  4994 W ContextImpl: Calling a method in the system process without a qualified user: android.app.ContextImpl.sendBroadcastMultiplePermissions:1310 android.content.Context.sendBroadcastMultiplePermissions:2536 com.android.server.TelephonyRegistry.broadcastServiceStateChanged:3793 com.android.server.TelephonyRegistry.notifyServiceStateForPhoneId:1837 com.android.internal.telephony.ITelephonyRegistry$Stub.onTransact:546 
09-16 17:02:42.108  1808  4994 W ContextImpl: Calling a method in the system process without a qualified user: android.app.ContextImpl.sendBroadcastMultiplePermissions:1343 com.android.server.TelephonyRegistry.broadcastServiceStateChanged:3798 com.android.server.TelephonyRegistry.notifyServiceStateForPhoneId:1837 com.android.internal.telephony.ITelephonyRegistry$Stub.onTransact:546 android.os.Binder.execTransactInternal:1512 
09-16 17:02:42.112  1808  4994 W ContextImpl: Calling a method in the system process without a qualified user: android.app.ContextImpl.sendBroadcastMultiplePermissions:1343 com.android.server.TelephonyRegistry.broadcastServiceStateChanged:3807 com.android.server.TelephonyRegistry.notifyServiceStateForPhoneId:1837 com.android.internal.telephony.ITelephonyRegistry$Stub.onTransact:546 android.os.Binder.execTransactInternal:1512 
09-16 17:02:42.113  1808  4994 W ContextImpl: Calling a method in the system process without a qualified user: android.app.ContextImpl.sendBroadcastMultiplePermissions:1343 com.android.server.TelephonyRegistry.broadcastServiceStateChanged:3813 com.android.server.TelephonyRegistry.notifyServiceStateForPhoneId:1837 com.android.internal.telephony.ITelephonyRegistry$Stub.onTransact:546 android.os.Binder.execTransactInternal:1512 
09-16 17:02:42.114  1808  1904 I SmartPower: com.google.android.cellbroadcastreceiver/10268(30310): idle->background(8559ms) R(broadcast start Intent { act=android.intent.action.SERVICE_STATE flg=0x1000010 (has extras) }) adj=905.
09-16 17:02:42.114  2628  2628 D MiuiCarrierTextController: updateCarrierText: 2 [VIVO, VIVO]
09-16 17:02:42.114  2628  2628 D MiuiCarrierTextController: fireCarrierTextChanged: VIVO carrierCount: 2 pos: 0 listeners: 9
09-16 17:02:42.114  2628  2628 D MiuiCarrierTextController: fireCarrierTextChanged: VIVO carrierCount: 2 pos: 1 listeners: 9
09-16 17:02:42.115  1808  2213 I MiuiNetworkPolicy: updateUidState uid = 10268, uidState = 11
09-16 17:02:42.115  2614  3070 D FivegOfflineStatistic: phoneId0, curRilRat = 14; mLsatRilRat = 14
09-16 17:02:42.115  2614  2614 I Telephony: TelecomAccountRegistry$TelecomAccountTelephonyCallback: onServiceStateChanged: newState=0, mServiceState=0
09-16 17:02:42.115  2614 19671 D NetworkSpeedTracker: processServiceStateChangeEvent phoneId=0
09-16 17:02:42.116  2614  2614 D PhoneInterfaceManager: isRttSupported: carrier: false, device: true, mtk: true
09-16 17:02:42.116 30310 30310 D CellBroadcastReceiver: onReceive Intent { act=android.intent.action.SERVICE_STATE flg=0x1000010 cmp=com.google.android.cellbroadcastreceiver/com.android.cellbroadcastreceiver.CellBroadcastReceiver (has extras) }
09-16 17:02:42.116  2614  3126 D SelfStudyController: handleMessage msg.what is 1027
09-16 17:02:42.116  2614  3113 D MiuiTelephonyDFS: msg.what = 1
09-16 17:02:42.116  2614  2614 I Telephony: isRttCurrentlySupported -- regular acct, hasVoiceAvailability: true
09-16 17:02:42.116  2614  2614 I Telephony:  isRttSupported: false
09-16 17:02:42.116  2614  2614 I Telephony:  alwaysAllowWhileRoaming: false
09-16 17:02:42.116  2614  2614 I Telephony:  isRoaming: false
09-16 17:02:42.116  2614  2614 I Telephony:  isOnWfc: false
09-16 17:02:42.116  2614  3113 D MiSight::  constructEvent id=915100002
09-16 17:02:42.116  2614  3113 D MiSight::  sendEvent id=915100002
09-16 17:02:42.116  2614  3113 D MiSightJni: MiSight: Java_com_miui_misight_MiSight_nativeSendEvent enter called. '{"fromRAT":13,"toRAT":13}'
09-16 17:02:42.117  2614  3113 D MiEvent : MiEvent: this 0x6c9d9a80a0, paylod=0xb400006efa4ec010
09-16 17:02:42.117  2614  2614 D PhoneInterfaceManager: isRttSupported: carrier: false, device: true, mtk: true
09-16 17:02:42.117  2614  3113 D MiEvent : flatten EventId 915100002 -t 1758052962 -paraList {"fromRAT":13,"toRAT":13}
09-16 17:02:42.117  2614  3113 I MiEvent : report:no open miev 2
09-16 17:02:42.117  2614  3113 D MiEvent : ~MiEvent: this 0x6c9d9a80a0, paylod=0xb400006efa4ec010
09-16 17:02:42.117  2614  3113 E MiSightJni: MiSight: nativeSendEvent fail
09-16 17:02:42.117  2614  2614 I Telephony: isRttCurrentlySupported -- regular acct, hasVoiceAvailability: false
09-16 17:02:42.117  2614  2614 I Telephony:  isRttSupported: false
09-16 17:02:42.117  2614  2614 I Telephony:  alwaysAllowWhileRoaming: false
09-16 17:02:42.117  2614  2614 I Telephony:  isRoaming: false
09-16 17:02:42.117  2614  2614 I Telephony:  isOnWfc: false
09-16 17:02:42.118 30310 30310 D CellBroadcastReceiver: onServiceStateChanged, ss: 0
09-16 17:02:42.118 30310 30310 D CellBroadcastReceiver: networkOperator: 72410
09-16 17:02:42.118  2614  3094 D ModemDFS: processServiceStateChangeEvent phoneId=0
09-16 17:02:42.118  2614  3094 D ModemDFS: newVoiceReg:0,oldVoiceReg=0
09-16 17:02:42.118 30310 30310 D CellBroadcastReceiver: update supported roaming operator as 
09-16 17:02:42.118  2628  2628 D MiuiCarrierTextLayout: normal_control_center handleTwoCarriers: widthLeft:98 widthRight:98 availableWidth:948
09-16 17:02:42.120  1808  2213 I MiuiNetworkPolicy: updateUidState uid = 10268, uidState = 19
09-16 17:02:42.120  2628  2628 D MiuiCarrierTextLayout: normal_control_center onMeasure: availableWidth: 990
09-16 17:02:42.120  2628  2628 D ControlCenterHeaderExpandController: onExpansionChanged: progress =  0.0
09-16 17:02:42.120  2614  3113 D MiuiTelephonyDFS: msg.what = 3
09-16 17:02:42.123  2614  3070 I RoamingManager: processServiceState phoneId: 0 simOperatorNumeric:72410 networkOperatorNumeric:72410 isHome:true
09-16 17:02:42.123  2614  3070 I RoamingManager: processServiceState lastRoamingMode: 0 newRoamingMode:0
09-16 17:02:42.136  2614  2614 D ServiceStateProvider: subId=1
09-16 17:02:42.139  1808  3082 W ContextImpl: Calling a method in the system process without a qualified user: android.app.ContextImpl.sendBroadcastMultiplePermissions:1310 android.content.Context.sendBroadcastMultiplePermissions:2536 com.android.server.TelephonyRegistry.broadcastServiceStateChanged:3793 com.android.server.TelephonyRegistry.notifyServiceStateForPhoneId:1837 com.android.internal.telephony.ITelephonyRegistry$Stub.onTransact:546 
09-16 17:02:42.143  1808  3082 W ContextImpl: Calling a method in the system process without a qualified user: android.app.ContextImpl.sendBroadcastMultiplePermissions:1343 com.android.server.TelephonyRegistry.broadcastServiceStateChanged:3798 com.android.server.TelephonyRegistry.notifyServiceStateForPhoneId:1837 com.android.internal.telephony.ITelephonyRegistry$Stub.onTransact:546 android.os.Binder.execTransactInternal:1512 
09-16 17:02:42.144  1808  3082 W ContextImpl: Calling a method in the system process without a qualified user: android.app.ContextImpl.sendBroadcastMultiplePermissions:1343 com.android.server.TelephonyRegistry.broadcastServiceStateChanged:3807 com.android.server.TelephonyRegistry.notifyServiceStateForPhoneId:1837 com.android.internal.telephony.ITelephonyRegistry$Stub.onTransact:546 android.os.Binder.execTransactInternal:1512 
09-16 17:02:42.145  1808  3082 W ContextImpl: Calling a method in the system process without a qualified user: android.app.ContextImpl.sendBroadcastMultiplePermissions:1343 com.android.server.TelephonyRegistry.broadcastServiceStateChanged:3813 com.android.server.TelephonyRegistry.notifyServiceStateForPhoneId:1837 com.android.internal.telephony.ITelephonyRegistry$Stub.onTransact:546 android.os.Binder.execTransactInternal:1512 
09-16 17:02:42.145  2628  2628 D MiuiCarrierTextController: updateCarrierText: 2 [VIVO, VIVO]
09-16 17:02:42.145  2628  2628 D MiuiCarrierTextController: fireCarrierTextChanged: VIVO carrierCount: 2 pos: 0 listeners: 9
09-16 17:02:42.145  2628  2628 D MiuiCarrierTextController: fireCarrierTextChanged: VIVO carrierCount: 2 pos: 1 listeners: 9
09-16 17:02:42.145  2614 19671 D NetworkSpeedTracker: processServiceStateChangeEvent phoneId=0
09-16 17:02:42.145  2614  3070 D FivegOfflineStatistic: phoneId0, curRilRat = 14; mLsatRilRat = 14
09-16 17:02:42.145  2614  3126 D SelfStudyController: handleMessage msg.what is 1027
09-16 17:02:42.145  2614  3113 D MiuiTelephonyDFS: msg.what = 1
09-16 17:02:42.145  2614  3094 D ModemDFS: processServiceStateChangeEvent phoneId=0
09-16 17:02:42.145  2614  3113 D MiSight::  constructEvent id=915100002
09-16 17:02:42.145  2614  3113 D MiSight::  sendEvent id=915100002
09-16 17:02:42.145  2614  3113 D MiSightJni: MiSight: Java_com_miui_misight_MiSight_nativeSendEvent enter called. '{"fromRAT":13,"toRAT":13}'
09-16 17:02:42.145  2614  3113 D MiEvent : MiEvent: this 0x6c9d9a80a0, paylod=0xb400006efa4ec010
09-16 17:02:42.146  2614  3070 I RoamingManager: processServiceState phoneId: 0 simOperatorNumeric:72410 networkOperatorNumeric:72410 isHome:true
09-16 17:02:42.146  2614  3070 I RoamingManager: processServiceState lastRoamingMode: 0 newRoamingMode:0
09-16 17:02:42.146 30310 30310 D CellBroadcastReceiver: onReceive Intent { act=android.intent.action.SERVICE_STATE flg=0x1000010 cmp=com.google.android.cellbroadcastreceiver/com.android.cellbroadcastreceiver.CellBroadcastReceiver (has extras) }
09-16 17:02:42.146  1808  2213 I MiuiNetworkPolicy: updateUidState uid = 10268, uidState = 11
09-16 17:02:42.147 30310 30310 D CellBroadcastReceiver: onServiceStateChanged, ss: 0
09-16 17:02:42.147 30310 30310 D CellBroadcastReceiver: networkOperator: 72410
09-16 17:02:42.147 30310 30310 D CellBroadcastReceiver: update supported roaming operator as 
09-16 17:02:42.147  2614  3113 D MiEvent : flatten EventId 915100002 -t 1758052962 -paraList {"fromRAT":13,"toRAT":13}
09-16 17:02:42.147  2614  3094 D ModemDFS: newVoiceReg:0,oldVoiceReg=0
09-16 17:02:42.147  2614  3113 I MiEvent : report:no open miev 2
09-16 17:02:42.147  2614  3113 D MiEvent : ~MiEvent: this 0x6c9d9a80a0, paylod=0xb400006efa4ec010
09-16 17:02:42.147  2614  3113 E MiSightJni: MiSight: nativeSendEvent fail
09-16 17:02:42.148  1808  2213 I MiuiNetworkPolicy: updateUidState uid = 10268, uidState = 19
09-16 17:02:42.151  2614  2614 I Telephony: TelecomAccountRegistry$TelecomAccountTelephonyCallback: onServiceStateChanged: newState=0, mServiceState=0
09-16 17:02:42.151  2614  2614 D PhoneInterfaceManager: isRttSupported: carrier: false, device: true, mtk: true
09-16 17:02:42.152  2614  2614 I Telephony: isRttCurrentlySupported -- regular acct, hasVoiceAvailability: true
09-16 17:02:42.152  2614  2614 I Telephony:  isRttSupported: false
09-16 17:02:42.152  2614  2614 I Telephony:  alwaysAllowWhileRoaming: false
09-16 17:02:42.152  2614  2614 I Telephony:  isRoaming: false
09-16 17:02:42.152  2614  2614 I Telephony:  isOnWfc: false
09-16 17:02:42.152  2614  2614 D PhoneInterfaceManager: isRttSupported: carrier: false, device: true, mtk: true
09-16 17:02:42.152  2628  2628 D MiuiCarrierTextLayout: normal_control_center handleTwoCarriers: widthLeft:98 widthRight:98 availableWidth:948
09-16 17:02:42.152  2614  2614 I Telephony: isRttCurrentlySupported -- regular acct, hasVoiceAvailability: false
09-16 17:02:42.152  2614  2614 I Telephony:  isRttSupported: false
09-16 17:02:42.152  2614  2614 I Telephony:  alwaysAllowWhileRoaming: false
09-16 17:02:42.152  2614  2614 I Telephony:  isRoaming: false
09-16 17:02:42.152  2614  2614 I Telephony:  isOnWfc: false
09-16 17:02:42.152  2628  2628 D MiuiCarrierTextLayout: normal_control_center onMeasure: availableWidth: 990
09-16 17:02:42.153  2628  2628 D ControlCenterHeaderExpandController: onExpansionChanged: progress =  0.0
09-16 17:02:42.186   969  1656 I android.hardware.graphics.composer@3.2-service: Sensor: notify citsensorservice to trigger cwb
09-16 17:02:42.187  1583  2176 I libsensor-frameBufferManager: request dump start
09-16 17:02:42.187  1583  2176 D libcomposer_ext: ClientImplAidl::getDispDump(), dpy 1, dst (160, 120), dump_point 1, release_fence -1
09-16 17:02:42.187   969   969 D libcomposer_ext: DeviceImplAidl::syncPerform(14), client_handle: 1
09-16 17:02:42.188   969   969 D libcomposer_ext: DeviceImplAidl::DeviceClientContextAidl::ParseGetDispDump()
09-16 17:02:42.188   969   969 D libcomposer_ext: DeviceImplAidl::ParseGetDispDump(), dpy 1, dst (160, 120), dump_point 1
09-16 17:02:42.188   969   969 I hwcomposer: [HWC] getDispDump(), dpy 1, (822,7,982,127), (160, 120), (1, 2), (-1), (-1), (0xb400006f50ca62d0)  
09-16 17:02:42.188   969   969 I hwcomposer: [DRMDEV] isSupportWbParams(), id_crtc 103, id_connector 34, dump_point 1, src(160, 120), dst(160, 120), config 0  
09-16 17:02:42.188   969   969 E hwcomposer: [DRMDEV] isSupportWbParams(), disp(1220, 2712)  
09-16 17:02:42.188   969   969 I hwcomposer: [DISP_DUMP] setDumpBuf(), dpy(0), src(822, 7, 982, 127), dst(160, 120), (1, 2), -1, (-1), (0xb400006f50ca62d0)  
09-16 17:02:42.188   969   969 I hwcomposer: [HWC] (0)fire a callback of refresh to SF[9]  
09-16 17:02:42.195  1808  3082 W ContextImpl: Calling a method in the system process without a qualified user: android.app.ContextImpl.sendBroadcastMultiplePermissions:1310 android.content.Context.sendBroadcastMultiplePermissions:2536 com.android.server.TelephonyRegistry.broadcastServiceStateChanged:3793 com.android.server.TelephonyRegistry.notifyServiceStateForPhoneId:1837 com.android.internal.telephony.ITelephonyRegistry$Stub.onTransact:546 
09-16 17:02:42.195  2614  2614 D ServiceStateProvider: subId=1
09-16 17:02:42.197  1808  3082 W ContextImpl: Calling a method in the system process without a qualified user: android.app.ContextImpl.sendBroadcastMultiplePermissions:1343 com.android.server.TelephonyRegistry.broadcastServiceStateChanged:3798 com.android.server.TelephonyRegistry.notifyServiceStateForPhoneId:1837 com.android.internal.telephony.ITelephonyRegistry$Stub.onTransact:546 android.os.Binder.execTransactInternal:1512 
09-16 17:02:42.200  2628  2628 D MiuiCarrierTextController: updateCarrierText: 2 [VIVO, VIVO]
09-16 17:02:42.200  2628  2628 D MiuiCarrierTextController: fireCarrierTextChanged: VIVO carrierCount: 2 pos: 0 listeners: 9
09-16 17:02:42.202  1064  1064 I BufferQueueProducer: [FramebufferSurface](this:0xb400007aa4096710,id:-1,api:1,p:1064,c:1064) queueBuffer: fps=60.33 dur=1011.03 max=19.46 min=14.57
09-16 17:02:42.203  1808  3082 W ContextImpl: Calling a method in the system process without a qualified user: android.app.ContextImpl.sendBroadcastMultiplePermissions:1343 com.android.server.TelephonyRegistry.broadcastServiceStateChanged:3807 com.android.server.TelephonyRegistry.notifyServiceStateForPhoneId:1837 com.android.internal.telephony.ITelephonyRegistry$Stub.onTransact:546 android.os.Binder.execTransactInternal:1512 
09-16 17:02:42.203   969   969 D libcomposer_ext: DeviceImplAidl::DeviceClientContextAidl::NotifyDispDumpReady()
09-16 17:02:42.203  1583  1583 D libcomposer_ext: ClientCallbackAidl::asyncPerform(15)
09-16 17:02:42.203  1583  1583 D libcomposer_ext: ClientImplAidl::ParseNotifyDispDumpReady()
09-16 17:02:42.204  2628  2628 D MiuiCarrierTextController: fireCarrierTextChanged: VIVO carrierCount: 2 pos: 1 listeners: 9
09-16 17:02:42.205  1808  3082 W ContextImpl: Calling a method in the system process without a qualified user: android.app.ContextImpl.sendBroadcastMultiplePermissions:1343 com.android.server.TelephonyRegistry.broadcastServiceStateChanged:3813 com.android.server.TelephonyRegistry.notifyServiceStateForPhoneId:1837 com.android.internal.telephony.ITelephonyRegistry$Stub.onTransact:546 android.os.Binder.execTransactInternal:1512 
09-16 17:02:42.207  2614  3070 D FivegOfflineStatistic: phoneId0, curRilRat = 14; mLsatRilRat = 14
09-16 17:02:42.207  2614 19671 D NetworkSpeedTracker: processServiceStateChangeEvent phoneId=0
09-16 17:02:42.207  2614  3126 D SelfStudyController: handleMessage msg.what is 1027
09-16 17:02:42.208  2614  3113 D MiuiTelephonyDFS: msg.what = 1
09-16 17:02:42.208  2614  3113 D MiSight::  constructEvent id=915100002
09-16 17:02:42.208  2614  3113 D MiSight::  sendEvent id=915100002
09-16 17:02:42.208  2614  3113 D MiSightJni: MiSight: Java_com_miui_misight_MiSight_nativeSendEvent enter called. '{"fromRAT":13,"toRAT":13}'
09-16 17:02:42.208  2614  3113 D MiEvent : MiEvent: this 0x6c9d9a80a0, paylod=0xb400006efa4b37b0
09-16 17:02:42.209  2614  3070 I RoamingManager: processServiceState phoneId: 0 simOperatorNumeric:72410 networkOperatorNumeric:72410 isHome:true
09-16 17:02:42.209 30310 30310 D CellBroadcastReceiver: onReceive Intent { act=android.intent.action.SERVICE_STATE flg=0x1000010 cmp=com.google.android.cellbroadcastreceiver/com.android.cellbroadcastreceiver.CellBroadcastReceiver (has extras) }
09-16 17:02:42.209  2614  3070 I RoamingManager: processServiceState lastRoamingMode: 0 newRoamingMode:0
09-16 17:02:42.209  2614  3094 D ModemDFS: processServiceStateChangeEvent phoneId=0
09-16 17:02:42.209  2614  3094 D ModemDFS: newVoiceReg:0,oldVoiceReg=0
09-16 17:02:42.210  2614  3113 D MiEvent : flatten EventId 915100002 -t 1758052962 -paraList {"fromRAT":13,"toRAT":13}
09-16 17:02:42.210  1808  2213 I MiuiNetworkPolicy: updateUidState uid = 10268, uidState = 11
09-16 17:02:42.210  2614  3113 I MiEvent : report:no open miev 2
09-16 17:02:42.210 30310 30310 D CellBroadcastReceiver: onServiceStateChanged, ss: 0
09-16 17:02:42.210 30310 30310 D CellBroadcastReceiver: networkOperator: 72410
09-16 17:02:42.210  2614  3113 D MiEvent : ~MiEvent: this 0x6c9d9a80a0, paylod=0xb400006efa4b37b0
09-16 17:02:42.210  2614  3113 E MiSightJni: MiSight: nativeSendEvent fail
09-16 17:02:42.211 30310 30310 D CellBroadcastReceiver: update supported roaming operator as 
09-16 17:02:42.214  2614  2614 I Telephony: TelecomAccountRegistry$TelecomAccountTelephonyCallback: onServiceStateChanged: newState=0, mServiceState=0
09-16 17:02:42.214  2614  2614 D PhoneInterfaceManager: isRttSupported: carrier: false, device: true, mtk: true
09-16 17:02:42.215  1808  2213 I MiuiNetworkPolicy: updateUidState uid = 10268, uidState = 19
09-16 17:02:42.216  2614  2614 I Telephony: isRttCurrentlySupported -- regular acct, hasVoiceAvailability: true
09-16 17:02:42.216  2614  2614 I Telephony:  isRttSupported: false
09-16 17:02:42.216  2614  2614 I Telephony:  alwaysAllowWhileRoaming: false
09-16 17:02:42.216  2614  2614 I Telephony:  isRoaming: false
09-16 17:02:42.216  2614  2614 I Telephony:  isOnWfc: false
09-16 17:02:42.217  2614  2614 D PhoneInterfaceManager: isRttSupported: carrier: false, device: true, mtk: true
09-16 17:02:42.218  2614  2614 I Telephony: isRttCurrentlySupported -- regular acct, hasVoiceAvailability: false
09-16 17:02:42.218  2614  2614 I Telephony:  isRttSupported: false
09-16 17:02:42.218  2614  2614 I Telephony:  alwaysAllowWhileRoaming: false
09-16 17:02:42.218  2614  2614 I Telephony:  isRoaming: false
09-16 17:02:42.218  2614  2614 I Telephony:  isOnWfc: false
09-16 17:02:42.219  2628  2628 D MiuiCarrierTextLayout: normal_control_center handleTwoCarriers: widthLeft:98 widthRight:98 availableWidth:948
09-16 17:02:42.220  2628  2628 D MiuiCarrierTextLayout: normal_control_center onMeasure: availableWidth: 990
09-16 17:02:42.220  2628  2628 D ControlCenterHeaderExpandController: onExpansionChanged: progress =  0.0
09-16 17:02:42.253  1583  2177 D libsensor-parseRGB: the value of RGB [0.000000 0.000000 0.000000]
09-16 17:02:42.269  1583  2182 I libsensor-displayalgo: the value of channelCali C:0.008018,R:0.000000,G:0.000699,B:0.002546,scales C:1.053362,R:0.940208,G:1.080438,B:1.016771
09-16 17:02:42.269  1583  2182 D libsensor-displayalgo: brightness:8191.000000,flat_mode:0.000000,R1:0.000000,G1:0.000000,B1:0.000000,R2:0.407390,G2:0.429817,B2:0.408810,R3:1.125947,G3:1.187583,B3:1.129468,R4:0.000000,G4:0.000000,B4:0.000000,EVENT C:3396.000000,R:1920.000000,G:1744.000000,B:1002.000000, lux: 159.887878
09-16 17:02:42.273   993  1035 I libPerfCtl: xgfGetFPS pid:2628 fps:-1
09-16 17:02:42.275   993  1035 I libPerfCtl: xgfGetFPS pid:6607 fps:-1
09-16 17:02:42.275   993  1035 I libPerfCtl: xgfGetFPS pid:28261 fps:-1
09-16 17:02:42.333  1808  2301 I SmartPower: com.google.android.gms.ui/10145(23448): background->idle(3022ms) R(service end com.google.android.gms/.chimera.UiIntentOperationService) adj=800.
09-16 17:02:42.388  2628  2628 D ArtChoreographerMonitor: invoke error.
09-16 17:02:42.388   969  1656 I android.hardware.graphics.composer@3.2-service: Sensor: notify citsensorservice to trigger cwb
09-16 17:02:42.393  1583  2176 I libsensor-frameBufferManager: request dump start
09-16 17:02:42.393  1583  2176 D libcomposer_ext: ClientImplAidl::getDispDump(), dpy 1, dst (160, 120), dump_point 1, release_fence -1
09-16 17:02:42.394   969   969 D libcomposer_ext: DeviceImplAidl::syncPerform(14), client_handle: 1
09-16 17:02:42.394   969   969 D libcomposer_ext: DeviceImplAidl::DeviceClientContextAidl::ParseGetDispDump()
09-16 17:02:42.394   969   969 D libcomposer_ext: DeviceImplAidl::ParseGetDispDump(), dpy 1, dst (160, 120), dump_point 1
09-16 17:02:42.394   969   969 I hwcomposer: [HWC] getDispDump(), dpy 1, (822,7,982,127), (160, 120), (1, 2), (-1), (-1), (0xb400006f50ca3030)  
09-16 17:02:42.394   969   969 I hwcomposer: [DRMDEV] isSupportWbParams(), id_crtc 103, id_connector 34, dump_point 1, src(160, 120), dst(160, 120), config 0  
09-16 17:02:42.394   969   969 E hwcomposer: [DRMDEV] isSupportWbParams(), disp(1220, 2712)  
09-16 17:02:42.394   969   969 I hwcomposer: [DISP_DUMP] setDumpBuf(), dpy(0), src(822, 7, 982, 127), dst(160, 120), (1, 2), -1, (-1), (0xb400006f50ca3030)  
09-16 17:02:42.394   969   969 I hwcomposer: [HWC] (0)fire a callback of refresh to SF[9]  
09-16 17:02:42.404   969   969 D libcomposer_ext: DeviceImplAidl::DeviceClientContextAidl::NotifyDispDumpReady()
09-16 17:02:42.405  1583  1583 D libcomposer_ext: ClientCallbackAidl::asyncPerform(15)
09-16 17:02:42.405  1583  1583 D libcomposer_ext: ClientImplAidl::ParseNotifyDispDumpReady()
09-16 17:02:42.410  2614  2614 W Settings: Setting airplane_mode_on has moved from android.provider.Settings.System to android.provider.Settings.Global, returning read-only value.
09-16 17:02:42.411  2614  2614 W Settings: Setting airplane_mode_on has moved from android.provider.Settings.System to android.provider.Settings.Global, returning read-only value.
09-16 17:02:42.415 15795 15795 D YellowPage.Network: onSignalStrengthsChanged()
09-16 17:02:42.417  1064  1064 I BufferQueueProducer: [com.android.chrome/ChromeChildSurface#8442](this:0xb400007b6437ee90,id:-1,api:0,p:-1,c:1064) queueBuffer: fps=60.22 dur=1012.96 max=17.50 min=15.98
09-16 17:02:42.418  2614 19671 D NetworkSpeedTracker: updateSignalInfo lteRsrp=-99lteSnr=-1,phoneId=0
09-16 17:02:42.418  2614  3126 D SelfStudyController: handleMessage msg.what is 1035
09-16 17:02:42.418  2614  3113 D MiuiTelephonyDFS: msg.what = 2
09-16 17:02:42.420  2614  3113 D MiuiTelephonyDFS: getVoiceRat = 13
09-16 17:02:42.420  2614  3113 D MiuiTelephonyDFS: getRsrp = -99
09-16 17:02:42.420  2614  3113 D MiuiTelephonyDFS: getVoiceRat = 13
09-16 17:02:42.420  2614  3113 D MiuiTelephonyDFS: getSnr = -1
09-16 17:02:42.420  2614  3113 D MiSight::  constructEvent id=915100005
09-16 17:02:42.420  2614  3113 D MiSight::  sendEvent id=915100005
09-16 17:02:42.420  2614  3113 D MiSightJni: MiSight: Java_com_miui_misight_MiSight_nativeSendEvent enter called. '{"SNRValue":-1}'
09-16 17:02:42.420  2614  3113 D MiEvent : MiEvent: this 0x6c9d9a80c0, paylod=0xb400006efa4c3160
09-16 17:02:42.420  2614  3113 D MiEvent : flatten EventId 915100005 -t 1758052962 -paraList {"SNRValue":-1}
09-16 17:02:42.420  2614  3113 I MiEvent : report:no open miev 2
09-16 17:02:42.420  2614  3113 D MiEvent : ~MiEvent: this 0x6c9d9a80c0, paylod=0xb400006efa4c3160
09-16 17:02:42.420  2614  3113 E MiSightJni: MiSight: nativeSendEvent fail
09-16 17:02:42.421 15795 15795 D YellowPage.Network: onSignalStrengthsChanged()
09-16 17:02:42.422  2614  3126 D SelfStudyController: handleMessage msg.what is 1035
09-16 17:02:42.423  2614 19671 D NetworkSpeedTracker: updateSignalInfo lteRsrp=-99lteSnr=-1,phoneId=0
09-16 17:02:42.424  2614  3113 D MiuiTelephonyDFS: msg.what = 2
09-16 17:02:42.424  2614  3113 D MiuiTelephonyDFS: getVoiceRat = 13
09-16 17:02:42.424  2614  3113 D MiuiTelephonyDFS: getRsrp = -99
09-16 17:02:42.424  2614  3113 D MiuiTelephonyDFS: getVoiceRat = 13
09-16 17:02:42.424  2614  3113 D MiuiTelephonyDFS: getSnr = -1
09-16 17:02:42.424  2614  3113 D MiSight::  constructEvent id=915100005
09-16 17:02:42.424  2614  3113 D MiSight::  sendEvent id=915100005
09-16 17:02:42.424  2614  3113 D MiSightJni: MiSight: Java_com_miui_misight_MiSight_nativeSendEvent enter called. '{"SNRValue":-1}'
09-16 17:02:42.425  2614  3113 D MiEvent : MiEvent: this 0x6c9d9a80c0, paylod=0xb400006efa4b37b0
09-16 17:02:42.425  2614  3113 D MiEvent : flatten EventId 915100005 -t 1758052962 -paraList {"SNRValue":-1}
09-16 17:02:42.425  2614  3113 I MiEvent : report:no open miev 2
09-16 17:02:42.425  2614  3113 D MiEvent : ~MiEvent: this 0x6c9d9a80c0, paylod=0xb400006efa4b37b0
09-16 17:02:42.425  2614  3113 E MiSightJni: MiSight: nativeSendEvent fail
09-16 17:02:42.450  1583  2177 D libsensor-parseRGB: the value of RGB [0.000000 0.000000 0.000000]
09-16 17:02:42.469  1583  2182 I libsensor-displayalgo: the value of channelCali C:0.008018,R:0.000000,G:0.000699,B:0.002546,scales C:1.053362,R:0.940208,G:1.080438,B:1.016771
09-16 17:02:42.469  1583  2182 D libsensor-displayalgo: brightness:8191.000000,flat_mode:0.000000,R1:0.000000,G1:0.000000,B1:0.000000,R2:0.407390,G2:0.429817,B2:0.408810,R3:1.125947,G3:1.187583,B3:1.129468,R4:0.000000,G4:0.000000,B4:0.000000,EVENT C:3422.000000,R:1933.000000,G:1757.000000,B:1012.000000, lux: 161.256790
09-16 17:02:42.469  1583  2182 I libsensor-displayalgo: ##### the value of lux: 160.797455, cct: 0.000000
09-16 17:02:42.469  1583  2182 I libsensor-ssccalapi: Enter calibrateApi process_msg
09-16 17:02:42.469  1583  2182 I libsensor-ssccalapi: Sensorgroup get sensor, find 33171111 sensor success
09-16 17:02:42.469  1583  2182 E HfManager: successfully try 1 times to wait device ready
09-16 17:02:42.472  1583  2182 E libsensor-ssccalapi: [CAL_LUX_VALUE_NOTIFY] 201.000000 160.797455 0.000000 =>   104 160797     0
09-16 17:02:42.473  1583  2182 E HfManager: HfManager::configCalibration sensor = 108 err = 0
09-16 17:02:42.484   979  1143 E HfLooper: sensor imu_hand_detect in hal data=1000,885,0,0,10039,22
09-16 17:02:42.500   969   969 I hwcomposer: [HWCDisplay] [Display_0 (type:1, mode:2)] fps:60.327068,dur:1011.15,max:19.48,min:14.42  
09-16 17:02:42.604   969  1656 I android.hardware.graphics.composer@3.2-service: Sensor: notify citsensorservice to trigger cwb
09-16 17:02:42.605  1583  2176 I libsensor-frameBufferManager: request dump start
09-16 17:02:42.605  1583  2176 D libcomposer_ext: ClientImplAidl::getDispDump(), dpy 1, dst (160, 120), dump_point 1, release_fence -1
09-16 17:02:42.606   969   969 D libcomposer_ext: DeviceImplAidl::syncPerform(14), client_handle: 1
09-16 17:02:42.606   969   969 D libcomposer_ext: DeviceImplAidl::DeviceClientContextAidl::ParseGetDispDump()
09-16 17:02:42.606   969   969 D libcomposer_ext: DeviceImplAidl::ParseGetDispDump(), dpy 1, dst (160, 120), dump_point 1
09-16 17:02:42.606   969   969 I hwcomposer: [HWC] getDispDump(), dpy 1, (822,7,982,127), (160, 120), (1, 2), (-1), (-1), (0xb400006f50ca61b0)  
09-16 17:02:42.606   969   969 I hwcomposer: [DRMDEV] isSupportWbParams(), id_crtc 103, id_connector 34, dump_point 1, src(160, 120), dst(160, 120), config 0  
09-16 17:02:42.606   969   969 E hwcomposer: [DRMDEV] isSupportWbParams(), disp(1220, 2712)  
09-16 17:02:42.606   969   969 I hwcomposer: [DISP_DUMP] setDumpBuf(), dpy(0), src(822, 7, 982, 127), dst(160, 120), (1, 2), -1, (-1), (0xb400006f50ca61b0)  
09-16 17:02:42.606   969   969 I hwcomposer: [HWC] (0)fire a callback of refresh to SF[9]  
09-16 17:02:42.620   969   969 D libcomposer_ext: DeviceImplAidl::DeviceClientContextAidl::NotifyDispDumpReady()
09-16 17:02:42.621  1583  1583 D libcomposer_ext: ClientCallbackAidl::asyncPerform(15)
09-16 17:02:42.621  1583  1583 D libcomposer_ext: ClientImplAidl::ParseNotifyDispDumpReady()
09-16 17:02:42.668  1583  2177 D libsensor-parseRGB: the value of RGB [0.000000 0.000000 0.000000]
09-16 17:02:42.768  1583  2182 I libsensor-displayalgo: the value of channelCali C:0.008018,R:0.000000,G:0.000699,B:0.002546,scales C:1.053362,R:0.940208,G:1.080438,B:1.016771
09-16 17:02:42.769  1583  2182 D libsensor-displayalgo: brightness:8191.000000,flat_mode:0.000000,R1:0.000000,G1:0.000000,B1:0.000000,R2:0.407390,G2:0.429817,B2:0.408810,R3:1.125947,G3:1.187583,B3:1.129468,R4:0.000000,G4:0.000000,B4:0.000000,EVENT C:3441.000000,R:1943.000000,G:1763.000000,B:1014.000000, lux: 162.371307
09-16 17:02:42.819   969  1656 I android.hardware.graphics.composer@3.2-service: Sensor: notify citsensorservice to trigger cwb
09-16 17:02:42.820  1583  2176 I libsensor-frameBufferManager: request dump start
09-16 17:02:42.820  1583  2176 D libcomposer_ext: ClientImplAidl::getDispDump(), dpy 1, dst (160, 120), dump_point 1, release_fence -1
09-16 17:02:42.821   969   969 D libcomposer_ext: DeviceImplAidl::syncPerform(14), client_handle: 1
09-16 17:02:42.821   969   969 D libcomposer_ext: DeviceImplAidl::DeviceClientContextAidl::ParseGetDispDump()
09-16 17:02:42.821   969   969 D libcomposer_ext: DeviceImplAidl::ParseGetDispDump(), dpy 1, dst (160, 120), dump_point 1
09-16 17:02:42.821   969   969 I hwcomposer: [HWC] getDispDump(), dpy 1, (822,7,982,127), (160, 120), (1, 2), (-1), (-1), (0xb400006f50ca62d0)  
09-16 17:02:42.821   969   969 I hwcomposer: [DRMDEV] isSupportWbParams(), id_crtc 103, id_connector 34, dump_point 1, src(160, 120), dst(160, 120), config 0  
09-16 17:02:42.821   969   969 E hwcomposer: [DRMDEV] isSupportWbParams(), disp(1220, 2712)  
09-16 17:02:42.821   969   969 I hwcomposer: [DISP_DUMP] setDumpBuf(), dpy(0), src(822, 7, 982, 127), dst(160, 120), (1, 2), -1, (-1), (0xb400006f50ca62d0)  
09-16 17:02:42.821   969   969 I hwcomposer: [HWC] (0)fire a callback of refresh to SF[9]  
09-16 17:02:42.836   969   969 D libcomposer_ext: DeviceImplAidl::DeviceClientContextAidl::NotifyDispDumpReady()
09-16 17:02:42.836  1583  1583 D libcomposer_ext: ClientCallbackAidl::asyncPerform(15)
09-16 17:02:42.837  1583  1583 D libcomposer_ext: ClientImplAidl::ParseNotifyDispDumpReady()
09-16 17:02:42.881   979  1143 E HfLooper: sensor imu_hand_detect in hal data=1000,954,0,0,10049,30
09-16 17:02:42.883  1583  2177 D libsensor-parseRGB: the value of RGB [0.000000 0.000000 0.000000]
09-16 17:02:42.971  1583  2182 I libsensor-displayalgo: the value of channelCali C:0.008018,R:0.000000,G:0.000699,B:0.002546,scales C:1.053362,R:0.940208,G:1.080438,B:1.016771
09-16 17:02:42.971  1583  2182 D libsensor-displayalgo: brightness:8191.000000,flat_mode:0.000000,R1:0.000000,G1:0.000000,B1:0.000000,R2:0.407390,G2:0.429817,B2:0.408810,R3:1.125947,G3:1.187583,B3:1.129468,R4:0.000000,G4:0.000000,B4:0.000000,EVENT C:3487.000000,R:1971.000000,G:1788.000000,B:1029.000000, lux: 164.348602
09-16 17:02:43.035   969  1656 I android.hardware.graphics.composer@3.2-service: Sensor: notify citsensorservice to trigger cwb
09-16 17:02:43.037  1583  2176 I libsensor-frameBufferManager: request dump start
09-16 17:02:43.037  1583  2176 D libcomposer_ext: ClientImplAidl::getDispDump(), dpy 1, dst (160, 120), dump_point 1, release_fence -1
09-16 17:02:43.038   969   969 D libcomposer_ext: DeviceImplAidl::syncPerform(14), client_handle: 1
09-16 17:02:43.038   969   969 D libcomposer_ext: DeviceImplAidl::DeviceClientContextAidl::ParseGetDispDump()
09-16 17:02:43.038   969   969 D libcomposer_ext: DeviceImplAidl::ParseGetDispDump(), dpy 1, dst (160, 120), dump_point 1
09-16 17:02:43.038   969   969 I hwcomposer: [HWC] getDispDump(), dpy 1, (822,7,982,127), (160, 120), (1, 2), (-1), (-1), (0xb400006f50ca3030)  
09-16 17:02:43.038   969   969 I hwcomposer: [DRMDEV] isSupportWbParams(), id_crtc 103, id_connector 34, dump_point 1, src(160, 120), dst(160, 120), config 0  
09-16 17:02:43.038   969   969 E hwcomposer: [DRMDEV] isSupportWbParams(), disp(1220, 2712)  
09-16 17:02:43.038   969   969 I hwcomposer: [DISP_DUMP] setDumpBuf(), dpy(0), src(822, 7, 982, 127), dst(160, 120), (1, 2), -1, (-1), (0xb400006f50ca3030)  
09-16 17:02:43.038   969   969 I hwcomposer: [HWC] (0)fire a callback of refresh to SF[9]  
09-16 17:02:43.052   969   969 D libcomposer_ext: DeviceImplAidl::DeviceClientContextAidl::NotifyDispDumpReady()
09-16 17:02:43.052  1583  1583 D libcomposer_ext: ClientCallbackAidl::asyncPerform(15)
09-16 17:02:43.052  1583  1583 D libcomposer_ext: ClientImplAidl::ParseNotifyDispDumpReady()
09-16 17:02:43.106  1583  2177 D libsensor-parseRGB: the value of RGB [0.000000 0.000000 0.000000]
09-16 17:02:43.169  1583  2182 I libsensor-displayalgo: the value of channelCali C:0.008018,R:0.000000,G:0.000699,B:0.002546,scales C:1.053362,R:0.940208,G:1.080438,B:1.016771
09-16 17:02:43.170  1583  2182 D libsensor-displayalgo: brightness:8191.000000,flat_mode:0.000000,R1:0.000000,G1:0.000000,B1:0.000000,R2:0.407390,G2:0.429817,B2:0.408810,R3:1.125947,G3:1.187583,B3:1.129468,R4:0.000000,G4:0.000000,B4:0.000000,EVENT C:3471.000000,R:1962.000000,G:1780.000000,B:1024.000000, lux: 163.578430
09-16 17:02:43.217  1064  1064 I BufferQueueProducer: [FramebufferSurface](this:0xb400007aa4096710,id:-1,api:1,p:1064,c:1064) queueBuffer: fps=60.12 dur=1014.69 max=17.98 min=14.61
09-16 17:02:43.234   571  6229 I keystore2: system/security/keystore2/watchdog/src/lib.rs:319 - Watchdog thread idle -> terminating. Have a great day.
09-16 17:02:43.251   969  1656 I android.hardware.graphics.composer@3.2-service: Sensor: notify citsensorservice to trigger cwb
09-16 17:02:43.253  1583  2176 I libsensor-frameBufferManager: request dump start
09-16 17:02:43.253  1583  2176 D libcomposer_ext: ClientImplAidl::getDispDump(), dpy 1, dst (160, 120), dump_point 1, release_fence -1
09-16 17:02:43.254   969   969 D libcomposer_ext: DeviceImplAidl::syncPerform(14), client_handle: 1
09-16 17:02:43.254   969   969 D libcomposer_ext: DeviceImplAidl::DeviceClientContextAidl::ParseGetDispDump()
09-16 17:02:43.254   969   969 D libcomposer_ext: DeviceImplAidl::ParseGetDispDump(), dpy 1, dst (160, 120), dump_point 1
09-16 17:02:43.254   969   969 I hwcomposer: [HWC] getDispDump(), dpy 1, (822,7,982,127), (160, 120), (1, 2), (-1), (-1), (0xb400006f50ca61b0)  
09-16 17:02:43.254   969   969 I hwcomposer: [DRMDEV] isSupportWbParams(), id_crtc 103, id_connector 34, dump_point 1, src(160, 120), dst(160, 120), config 0  
09-16 17:02:43.254   969   969 E hwcomposer: [DRMDEV] isSupportWbParams(), disp(1220, 2712)  
09-16 17:02:43.254   969   969 I hwcomposer: [DISP_DUMP] setDumpBuf(), dpy(0), src(822, 7, 982, 127), dst(160, 120), (1, 2), -1, (-1), (0xb400006f50ca61b0)  
09-16 17:02:43.254   969   969 I hwcomposer: [HWC] (0)fire a callback of refresh to SF[9]  
09-16 17:02:43.267   969   969 D libcomposer_ext: DeviceImplAidl::DeviceClientContextAidl::NotifyDispDumpReady()
09-16 17:02:43.268  1583  1583 D libcomposer_ext: ClientCallbackAidl::asyncPerform(15)
09-16 17:02:43.268  1583  1583 D libcomposer_ext: ClientImplAidl::ParseNotifyDispDumpReady()
09-16 17:02:43.274   993  1035 I libPerfCtl: xgfGetFPS pid:2628 fps:-1
09-16 17:02:43.275   993  1035 I libPerfCtl: xgfGetFPS pid:6607 fps:-1
09-16 17:02:43.283   979  1143 E HfLooper: sensor imu_hand_detect in hal data=1000,981,0,0,10071,54
09-16 17:02:43.315  1583  2177 D libsensor-parseRGB: the value of RGB [0.000000 0.000000 0.000000]
09-16 17:02:43.370  1583  2182 I libsensor-displayalgo: the value of channelCali C:0.008018,R:0.000000,G:0.000699,B:0.002546,scales C:1.053362,R:0.940208,G:1.080438,B:1.016771
09-16 17:02:43.371  1583  2182 D libsensor-displayalgo: brightness:8191.000000,flat_mode:0.000000,R1:0.000000,G1:0.000000,B1:0.000000,R2:0.407390,G2:0.429817,B2:0.408810,R3:1.125947,G3:1.187583,B3:1.129468,R4:0.000000,G4:0.000000,B4:0.000000,EVENT C:3487.000000,R:1977.000000,G:1787.000000,B:1028.000000, lux: 164.004608
09-16 17:02:43.430  1064  1064 I BufferQueueProducer: [com.android.chrome/ChromeChildSurface#8442](this:0xb400007b6437ee90,id:-1,api:0,p:-1,c:1064) queueBuffer: fps=60.21 dur=1013.15 max=17.43 min=15.80
09-16 17:02:43.466   969  1656 I android.hardware.graphics.composer@3.2-service: Sensor: notify citsensorservice to trigger cwb
09-16 17:02:43.467  1583  2176 I libsensor-frameBufferManager: request dump start
09-16 17:02:43.467  1583  2176 D libcomposer_ext: ClientImplAidl::getDispDump(), dpy 1, dst (160, 120), dump_point 1, release_fence -1
09-16 17:02:43.468   969   969 D libcomposer_ext: DeviceImplAidl::syncPerform(14), client_handle: 1
09-16 17:02:43.468   969   969 D libcomposer_ext: DeviceImplAidl::DeviceClientContextAidl::ParseGetDispDump()
09-16 17:02:43.468   969   969 D libcomposer_ext: DeviceImplAidl::ParseGetDispDump(), dpy 1, dst (160, 120), dump_point 1
09-16 17:02:43.468   969   969 I hwcomposer: [HWC] getDispDump(), dpy 1, (822,7,982,127), (160, 120), (1, 2), (-1), (-1), (0xb400006f50ca62d0)  
09-16 17:02:43.468   969   969 I hwcomposer: [DRMDEV] isSupportWbParams(), id_crtc 103, id_connector 34, dump_point 1, src(160, 120), dst(160, 120), config 0  
09-16 17:02:43.468   969   969 E hwcomposer: [DRMDEV] isSupportWbParams(), disp(1220, 2712)  
09-16 17:02:43.468   969   969 I hwcomposer: [DISP_DUMP] setDumpBuf(), dpy(0), src(822, 7, 982, 127), dst(160, 120), (1, 2), -1, (-1), (0xb400006f50ca62d0)  
09-16 17:02:43.468   969   969 I hwcomposer: [HWC] (0)fire a callback of refresh to SF[9]  
09-16 17:02:43.483   969   969 D libcomposer_ext: DeviceImplAidl::DeviceClientContextAidl::NotifyDispDumpReady()
09-16 17:02:43.484  1583  1583 D libcomposer_ext: ClientCallbackAidl::asyncPerform(15)
09-16 17:02:43.484  1583  1583 D libcomposer_ext: ClientImplAidl::ParseNotifyDispDumpReady()
09-16 17:02:43.515   969   969 I hwcomposer: [HWCDisplay] [Display_0 (type:1, mode:2)] fps:60.101051,dur:1014.96,max:18.02,min:15.78  
09-16 17:02:43.529  1583  2177 D libsensor-parseRGB: the value of RGB [0.000000 0.000000 0.000000]
09-16 17:02:43.572  1583  2182 I libsensor-displayalgo: the value of channelCali C:0.008018,R:0.000000,G:0.000699,B:0.002546,scales C:1.053362,R:0.940208,G:1.080438,B:1.016771
09-16 17:02:43.572  1583  2182 D libsensor-displayalgo: brightness:8191.000000,flat_mode:0.000000,R1:0.000000,G1:0.000000,B1:0.000000,R2:0.407390,G2:0.429817,B2:0.408810,R3:1.125947,G3:1.187583,B3:1.129468,R4:0.000000,G4:0.000000,B4:0.000000,EVENT C:3425.000000,R:1946.000000,G:1756.000000,B:1011.000000, lux: 160.783951
09-16 17:02:43.664  2614  2614 D ServiceStateProvider: subId=1
09-16 17:02:43.672  2614  2614 I Telephony: TelecomAccountRegistry$TelecomAccountTelephonyCallback: onServiceStateChanged: newState=0, mServiceState=0
09-16 17:02:43.673  2614  2614 D PhoneInterfaceManager: isRttSupported: carrier: false, device: true, mtk: true
09-16 17:02:43.674  2614  2614 I Telephony: isRttCurrentlySupported -- regular acct, hasVoiceAvailability: true
09-16 17:02:43.674  2614  2614 I Telephony:  isRttSupported: false
09-16 17:02:43.674  2614  2614 I Telephony:  alwaysAllowWhileRoaming: false
09-16 17:02:43.674  2614  2614 I Telephony:  isRoaming: false
09-16 17:02:43.674  2614  2614 I Telephony:  isOnWfc: false
09-16 17:02:43.674  2614  2614 D PhoneInterfaceManager: isRttSupported: carrier: false, device: true, mtk: true
09-16 17:02:43.675  2614  2614 I Telephony: isRttCurrentlySupported -- regular acct, hasVoiceAvailability: false
09-16 17:02:43.675  2614  2614 I Telephony:  isRttSupported: false
09-16 17:02:43.675  2614  2614 I Telephony:  alwaysAllowWhileRoaming: false
09-16 17:02:43.675  2614  2614 I Telephony:  isRoaming: false
09-16 17:02:43.675  2614  2614 I Telephony:  isOnWfc: false
09-16 17:02:43.675  1808  4994 W ContextImpl: Calling a method in the system process without a qualified user: android.app.ContextImpl.sendBroadcastMultiplePermissions:1310 android.content.Context.sendBroadcastMultiplePermissions:2536 com.android.server.TelephonyRegistry.broadcastServiceStateChanged:3793 com.android.server.TelephonyRegistry.notifyServiceStateForPhoneId:1837 com.android.internal.telephony.ITelephonyRegistry$Stub.onTransact:546 
09-16 17:02:43.678  1808  4994 W ContextImpl: Calling a method in the system process without a qualified user: android.app.ContextImpl.sendBroadcastMultiplePermissions:1343 com.android.server.TelephonyRegistry.broadcastServiceStateChanged:3798 com.android.server.TelephonyRegistry.notifyServiceStateForPhoneId:1837 com.android.internal.telephony.ITelephonyRegistry$Stub.onTransact:546 android.os.Binder.execTransactInternal:1512 
09-16 17:02:43.681   969  1656 I android.hardware.graphics.composer@3.2-service: Sensor: notify citsensorservice to trigger cwb
09-16 17:02:43.682  1583  2176 I libsensor-frameBufferManager: request dump start
09-16 17:02:43.682  1808  4994 W ContextImpl: Calling a method in the system process without a qualified user: android.app.ContextImpl.sendBroadcastMultiplePermissions:1343 com.android.server.TelephonyRegistry.broadcastServiceStateChanged:3807 com.android.server.TelephonyRegistry.notifyServiceStateForPhoneId:1837 com.android.internal.telephony.ITelephonyRegistry$Stub.onTransact:546 android.os.Binder.execTransactInternal:1512 
09-16 17:02:43.682  1583  2176 D libcomposer_ext: ClientImplAidl::getDispDump(), dpy 1, dst (160, 120), dump_point 1, release_fence -1
09-16 17:02:43.682   969   969 D libcomposer_ext: DeviceImplAidl::syncPerform(14), client_handle: 1
09-16 17:02:43.682   969   969 D libcomposer_ext: DeviceImplAidl::DeviceClientContextAidl::ParseGetDispDump()
09-16 17:02:43.682   969   969 D libcomposer_ext: DeviceImplAidl::ParseGetDispDump(), dpy 1, dst (160, 120), dump_point 1
09-16 17:02:43.682   969   969 I hwcomposer: [HWC] getDispDump(), dpy 1, (822,7,982,127), (160, 120), (1, 2), (-1), (-1), (0xb400006f50ca3030)  
09-16 17:02:43.682   969   969 I hwcomposer: [DRMDEV] isSupportWbParams(), id_crtc 103, id_connector 34, dump_point 1, src(160, 120), dst(160, 120), config 0  
09-16 17:02:43.682   969   969 E hwcomposer: [DRMDEV] isSupportWbParams(), disp(1220, 2712)  
09-16 17:02:43.682   969   969 I hwcomposer: [DISP_DUMP] setDumpBuf(), dpy(0), src(822, 7, 982, 127), dst(160, 120), (1, 2), -1, (-1), (0xb400006f50ca3030)  
09-16 17:02:43.682   969   969 I hwcomposer: [HWC] (0)fire a callback of refresh to SF[9]  
09-16 17:02:43.683  1808  4994 W ContextImpl: Calling a method in the system process without a qualified user: android.app.ContextImpl.sendBroadcastMultiplePermissions:1343 com.android.server.TelephonyRegistry.broadcastServiceStateChanged:3813 com.android.server.TelephonyRegistry.notifyServiceStateForPhoneId:1837 com.android.internal.telephony.ITelephonyRegistry$Stub.onTransact:546 android.os.Binder.execTransactInternal:1512 
09-16 17:02:43.684  2614 19671 D NetworkSpeedTracker: processServiceStateChangeEvent phoneId=0
09-16 17:02:43.684  2614  3070 D FivegOfflineStatistic: phoneId0, curRilRat = 14; mLsatRilRat = 14
09-16 17:02:43.685  2614  3113 D MiuiTelephonyDFS: msg.what = 1
09-16 17:02:43.685  2614  3094 D ModemDFS: processServiceStateChangeEvent phoneId=0
09-16 17:02:43.685  2614  3094 D ModemDFS: newVoiceReg:0,oldVoiceReg=0
09-16 17:02:43.685 30310 30310 D CellBroadcastReceiver: onReceive Intent { act=android.intent.action.SERVICE_STATE flg=0x1000010 cmp=com.google.android.cellbroadcastreceiver/com.android.cellbroadcastreceiver.CellBroadcastReceiver (has extras) }
09-16 17:02:43.685  2628  2628 D MiuiCarrierTextController: updateCarrierText: 2 [VIVO, VIVO]
09-16 17:02:43.685  2628  2628 D MiuiCarrierTextController: fireCarrierTextChanged: VIVO carrierCount: 2 pos: 0 listeners: 9
09-16 17:02:43.685  2614  3126 D SelfStudyController: handleMessage msg.what is 1027
09-16 17:02:43.685  2628  2628 D MiuiCarrierTextController: fireCarrierTextChanged: VIVO carrierCount: 2 pos: 1 listeners: 9
09-16 17:02:43.687 30310 30310 D CellBroadcastReceiver: onServiceStateChanged, ss: 0
09-16 17:02:43.687 30310 30310 D CellBroadcastReceiver: networkOperator: 72410
09-16 17:02:43.687 30310 30310 D CellBroadcastReceiver: update supported roaming operator as 
09-16 17:02:43.687  2614  3070 I RoamingManager: processServiceState phoneId: 0 simOperatorNumeric:72410 networkOperatorNumeric:72410 isHome:true
09-16 17:02:43.687  2614  3070 I RoamingManager: processServiceState lastRoamingMode: 0 newRoamingMode:0
09-16 17:02:43.687   979  1143 E HfLooper: sensor imu_hand_detect in hal data=1000,992,0,0,10095,55
09-16 17:02:43.688  2614  3113 D MiSight::  constructEvent id=915100002
09-16 17:02:43.688  2614  3113 D MiSight::  sendEvent id=915100002
09-16 17:02:43.688  2614  3113 D MiSightJni: MiSight: Java_com_miui_misight_MiSight_nativeSendEvent enter called. '{"fromRAT":13,"toRAT":13}'
09-16 17:02:43.688  2614  3113 D MiEvent : MiEvent: this 0x6c9d9a80a0, paylod=0xb400006efa4c5b40
09-16 17:02:43.689  2614  3113 D MiEvent : flatten EventId 915100002 -t 1758052963 -paraList {"fromRAT":13,"toRAT":13}
09-16 17:02:43.689  2614  3113 I MiEvent : report:no open miev 2
09-16 17:02:43.689  2614  3113 D MiEvent : ~MiEvent: this 0x6c9d9a80a0, paylod=0xb400006efa4c5b40
09-16 17:02:43.689  2614  3113 E MiSightJni: MiSight: nativeSendEvent fail
09-16 17:02:43.690  2614  2614 W Settings: Setting airplane_mode_on has moved from android.provider.Settings.System to android.provider.Settings.Global, returning read-only value.
09-16 17:02:43.690  1808  2213 I MiuiNetworkPolicy: updateUidState uid = 10268, uidState = 19
09-16 17:02:43.691  2614  2614 W Settings: Setting airplane_mode_on has moved from android.provider.Settings.System to android.provider.Settings.Global, returning read-only value.
09-16 17:02:43.693 15795 15795 D YellowPage.Network: onSignalStrengthsChanged()
09-16 17:02:43.694  2614 19671 D NetworkSpeedTracker: updateSignalInfo lteRsrp=-107lteSnr=-1,phoneId=0
09-16 17:02:43.695  2614  3126 D SelfStudyController: handleMessage msg.what is 1035
09-16 17:02:43.695  2614  3113 D MiuiTelephonyDFS: msg.what = 2
09-16 17:02:43.695  2614  3113 D MiuiTelephonyDFS: getVoiceRat = 13
09-16 17:02:43.695  2614  3113 D MiuiTelephonyDFS: getRsrp = -107
09-16 17:02:43.695  2614  3113 D MiuiTelephonyDFS: getVoiceRat = 13
09-16 17:02:43.695  2614  3113 D MiuiTelephonyDFS: getSnr = -1
09-16 17:02:43.695  2614  3113 D MiSight::  constructEvent id=915100004
09-16 17:02:43.696  2614  3113 D MiSight::  sendEvent id=915100004
09-16 17:02:43.696  2614  3113 D MiSightJni: MiSight: Java_com_miui_misight_MiSight_nativeSendEvent enter called. '{"rsrpValue":-107}'
09-16 17:02:43.696  2614  3113 D MiEvent : MiEvent: this 0x6c9d9a80c0, paylod=0xb400006efa4c5b40
09-16 17:02:43.697  2628  2628 D ArtChoreographerMonitor: invoke error.
09-16 17:02:43.697   969   969 D libcomposer_ext: DeviceImplAidl::DeviceClientContextAidl::NotifyDispDumpReady()
09-16 17:02:43.697  2628  2628 D MiuiCarrierTextLayout: normal_control_center handleTwoCarriers: widthLeft:98 widthRight:98 availableWidth:948
09-16 17:02:43.697  1583  1583 D libcomposer_ext: ClientCallbackAidl::asyncPerform(15)
09-16 17:02:43.697  1583  1583 D libcomposer_ext: ClientImplAidl::ParseNotifyDispDumpReady()
09-16 17:02:43.697  2614  3113 D MiEvent : flatten EventId 915100004 -t 1758052963 -paraList {"rsrpValue":-107}
09-16 17:02:43.697  2628  2628 D MiuiCarrierTextLayout: normal_control_center onMeasure: availableWidth: 990
09-16 17:02:43.697  2614  3113 I MiEvent : report:no open miev 2
09-16 17:02:43.697  2628  2628 D ControlCenterHeaderExpandController: onExpansionChanged: progress =  0.0
09-16 17:02:43.698  2614  3113 D MiEvent : ~MiEvent: this 0x6c9d9a80c0, paylod=0xb400006efa4c5b40
09-16 17:02:43.698  2614  3113 E MiSightJni: MiSight: nativeSendEvent fail
09-16 17:02:43.698  2614  3113 D MiSight::  constructEvent id=915100005
09-16 17:02:43.698  2614  3113 D MiSight::  sendEvent id=915100005
09-16 17:02:43.698  2614  3113 D MiSightJni: MiSight: Java_com_miui_misight_MiSight_nativeSendEvent enter called. '{"SNRValue":-1}'
09-16 17:02:43.699  2614  3113 D MiEvent : MiEvent: this 0x6c9d9a80c0, paylod=0xb400006efa4c5b40
09-16 17:02:43.699  2614  3113 D MiEvent : flatten EventId 915100005 -t 1758052963 -paraList {"SNRValue":-1}
09-16 17:02:43.699  2614  3113 I MiEvent : report:no open miev 2
09-16 17:02:43.699  2614  3113 D MiEvent : ~MiEvent: this 0x6c9d9a80c0, paylod=0xb400006efa4c5b40
09-16 17:02:43.699  2614  3113 E MiSightJni: MiSight: nativeSendEvent fail
09-16 17:02:43.702 15795 15795 D YellowPage.Network: onSignalStrengthsChanged()
09-16 17:02:43.702  2614 19671 D NetworkSpeedTracker: updateSignalInfo lteRsrp=-107lteSnr=-1,phoneId=0
09-16 17:02:43.703  2614  3126 D SelfStudyController: handleMessage msg.what is 1035
09-16 17:02:43.703  2614  3113 D MiuiTelephonyDFS: msg.what = 2
09-16 17:02:43.703  2614  3113 D MiuiTelephonyDFS: getVoiceRat = 13
09-16 17:02:43.703  2614  3113 D MiuiTelephonyDFS: getRsrp = -107
09-16 17:02:43.703  2614  3113 D MiuiTelephonyDFS: getVoiceRat = 13
09-16 17:02:43.703  2614  3113 D MiuiTelephonyDFS: getSnr = -1
09-16 17:02:43.703  2614  3113 D MiSight::  constructEvent id=915100004
09-16 17:02:43.703  2614  3113 D MiSight::  sendEvent id=915100004
09-16 17:02:43.703  2614  3113 D MiSightJni: MiSight: Java_com_miui_misight_MiSight_nativeSendEvent enter called. '{"rsrpValue":-107}'
09-16 17:02:43.703  2614  3113 D MiEvent : MiEvent: this 0x6c9d9a80c0, paylod=0xb400006efa4c5b40
09-16 17:02:43.703  2614  3113 D MiEvent : flatten EventId 915100004 -t 1758052963 -paraList {"rsrpValue":-107}
09-16 17:02:43.703  2614  3113 I MiEvent : report:no open miev 2
09-16 17:02:43.703  2614  3113 D MiEvent : ~MiEvent: this 0x6c9d9a80c0, paylod=0xb400006efa4c5b40
09-16 17:02:43.703  2614  3113 E MiSightJni: MiSight: nativeSendEvent fail
09-16 17:02:43.703  2614  3113 D MiSight::  constructEvent id=915100005
09-16 17:02:43.703  2614  3113 D MiSight::  sendEvent id=915100005
09-16 17:02:43.703  2614  3113 D MiSightJni: MiSight: Java_com_miui_misight_MiSight_nativeSendEvent enter called. '{"SNRValue":-1}'
09-16 17:02:43.703  2614  3113 D MiEvent : MiEvent: this 0x6c9d9a80c0, paylod=0xb400006efa4c5b40
09-16 17:02:43.703  2614  3113 D MiEvent : flatten EventId 915100005 -t 1758052963 -paraList {"SNRValue":-1}
09-16 17:02:43.703  2614  3113 I MiEvent : report:no open miev 2
09-16 17:02:43.703  2614  3113 D MiEvent : ~MiEvent: this 0x6c9d9a80c0, paylod=0xb400006efa4c5b40
09-16 17:02:43.703  2614  3113 E MiSightJni: MiSight: nativeSendEvent fail
09-16 17:02:43.729  1064  1064 I BufferQueueProducer: [StatusBar#106](this:0xb400007b642df2b0,id:-1,api:0,p:-1,c:1064) queueBuffer: fps=0.85 dur=2357.86 max=1726.85 min=631.01
09-16 17:02:43.747  1583  2177 D libsensor-parseRGB: the value of RGB [0.000000 0.000000 0.000000]
09-16 17:02:43.771  1583  2182 I libsensor-displayalgo: the value of channelCali C:0.008018,R:0.000000,G:0.000699,B:0.002546,scales C:1.053362,R:0.940208,G:1.080438,B:1.016771
09-16 17:02:43.771  1583  2182 D libsensor-displayalgo: brightness:8191.000000,flat_mode:0.000000,R1:0.000000,G1:0.000000,B1:0.000000,R2:0.407390,G2:0.429817,B2:0.408810,R3:1.125947,G3:1.187583,B3:1.129468,R4:0.000000,G4:0.000000,B4:0.000000,EVENT C:3389.000000,R:1929.000000,G:1739.000000,B:1002.000000, lux: 158.803070
09-16 17:02:43.801  1808  1808 E AmlWifiScoreReportInjector: current network is in roaming environment
09-16 17:02:43.801  1808  1808 I AmlMiuiThirdPartScorer: same score, no send
09-16 17:02:43.879  2628  2628 D ArtChoreographerMonitor: invoke error.
09-16 17:02:43.882   969  1656 I android.hardware.graphics.composer@3.2-service: Sensor: notify citsensorservice to trigger cwb
09-16 17:02:43.884  1583  2176 I libsensor-frameBufferManager: request dump start
09-16 17:02:43.884  1583  2176 D libcomposer_ext: ClientImplAidl::getDispDump(), dpy 1, dst (160, 120), dump_point 1, release_fence -1
09-16 17:02:43.885   969   969 D libcomposer_ext: DeviceImplAidl::syncPerform(14), client_handle: 1
09-16 17:02:43.885   969   969 D libcomposer_ext: DeviceImplAidl::DeviceClientContextAidl::ParseGetDispDump()
09-16 17:02:43.885   969   969 D libcomposer_ext: DeviceImplAidl::ParseGetDispDump(), dpy 1, dst (160, 120), dump_point 1
09-16 17:02:43.885   969   969 I hwcomposer: [HWC] getDispDump(), dpy 1, (822,7,982,127), (160, 120), (1, 2), (-1), (-1), (0xb400006f50ca61b0)  
09-16 17:02:43.885   969   969 I hwcomposer: [DRMDEV] isSupportWbParams(), id_crtc 103, id_connector 34, dump_point 1, src(160, 120), dst(160, 120), config 0  
09-16 17:02:43.885   969   969 E hwcomposer: [DRMDEV] isSupportWbParams(), disp(1220, 2712)  
09-16 17:02:43.885   969   969 I hwcomposer: [DISP_DUMP] setDumpBuf(), dpy(0), src(822, 7, 982, 127), dst(160, 120), (1, 2), -1, (-1), (0xb400006f50ca61b0)  
09-16 17:02:43.885   969   969 I hwcomposer: [HWC] (0)fire a callback of refresh to SF[9]  
09-16 17:02:43.898  1808  3082 D Aurogon :  packageName = com.google.android.gms isAllowWakeUpList 
09-16 17:02:43.898   969   969 D libcomposer_ext: DeviceImplAidl::DeviceClientContextAidl::NotifyDispDumpReady()
09-16 17:02:43.898  1583  1583 D libcomposer_ext: ClientCallbackAidl::asyncPerform(15)
09-16 17:02:43.898  1583  1583 D libcomposer_ext: ClientImplAidl::ParseNotifyDispDumpReady()
09-16 17:02:43.903  1808  3082 D Aurogon :  packageName = com.google.android.gms isAllowWakeUpList 
09-16 17:02:43.917  3285  6084 I AlarmManager: setExactAndAllowWhileIdle [name: GCM_HB_ALARM type: 2 triggerAtMillis: 24420598]
09-16 17:02:43.920  1808  4994 D Aurogon :  packageName = com.google.android.gms isAllowWakeUpList 
09-16 17:02:43.927  3285  5925 I AlarmManager: setExactAndAllowWhileIdle [name: FcmRetry type: 2 triggerAtMillis: 23820606]
09-16 17:02:43.933  1808  1904 I SmartPower: com.google.android.gm/10183(7060): idle->background(8748ms) R(broadcast start Intent { act=com.google.android.c2dm.intent.RECEIVE flg=0x1000010 pkg=com.google.android.gm (has extras) }) adj=905.
09-16 17:02:43.936  1808  2213 I MiuiNetworkPolicy: updateUidState uid = 10183, uidState = 11
09-16 17:02:43.943  1583  2177 D libsensor-parseRGB: the value of RGB [0.000000 0.000000 0.000000]
09-16 17:02:43.967  1583  2182 I libsensor-displayalgo: the value of channelCali C:0.008018,R:0.000000,G:0.000699,B:0.002546,scales C:1.053362,R:0.940208,G:1.080438,B:1.016771
09-16 17:02:43.967  1583  2182 D libsensor-displayalgo: brightness:8191.000000,flat_mode:0.000000,R1:0.000000,G1:0.000000,B1:0.000000,R2:0.407390,G2:0.429817,B2:0.408810,R3:1.125947,G3:1.187583,B3:1.129468,R4:0.000000,G4:0.000000,B4:0.000000,EVENT C:3404.000000,R:1938.000000,G:1746.000000,B:1006.000000, lux: 159.510010
09-16 17:02:43.975  7060  7305 E kae     : [Gmail] NotificationSyncDebugger: onChimeTickleReceived: Failed to update notification proto data store.
09-16 17:02:43.975  7060  7305 E kae     : java.io.IOException: Inoperable file: canonical[/data/data/com.google.android.gm/files/email_notification_timestamp/shared/EmailNotificationTimestamp.pb] freeSpace[428565315584] protoName[EmailNotificationTimestamp] mode[33152]
09-16 17:02:43.975  7060  7305 E kae     : 	at albp.cP(PG:97)
09-16 17:02:43.975  7060  7305 E kae     : 	at albp.cQ(PG:36)
09-16 17:02:43.975  7060  7305 E kae     : 	at albp.I(PG:39)
09-16 17:02:43.975  7060  7305 E kae     : 	at alrf.b(PG:95)
09-16 17:02:43.975  7060  7305 E kae     : 	at uku.a(PG:922)
09-16 17:02:43.975  7060  7305 E kae     : 	at bgsq.a(PG:53)
09-16 17:02:43.975  7060  7305 E kae     : 	at bgsq.a(PG:29)
09-16 17:02:43.975  7060  7305 E kae     : 	at bkwz.a(PG:3)
09-16 17:02:43.975  7060  7305 E kae     : 	at bkwf.run(PG:19)
09-16 17:02:43.975  7060  7305 E kae     : 	at bkxb.run(PG:5)
09-16 17:02:43.975  7060  7305 E kae     : 	at bkvk.run(PG:17)
09-16 17:02:43.975  7060  7305 E kae     : 	at bkwr.run(PG:3)
09-16 17:02:43.975  7060  7305 E kae     : 	at bkws.run(PG:196)
09-16 17:02:43.975  7060  7305 E kae     : 	at aeip.run(PG:7)
09-16 17:02:43.975  7060  7305 E kae     : 	at java.util.concurrent.ThreadPoolExecutor.runWorker(ThreadPoolExecutor.java:1156)
09-16 17:02:43.975  7060  7305 E kae     : 	at java.util.concurrent.ThreadPoolExecutor$Worker.run(ThreadPoolExecutor.java:651)
09-16 17:02:43.975  7060  7305 E kae     : 	at androidx.compose.ui.platform.AndroidComposeView$$ExternalSyntheticLambda4.run(PG:206)
09-16 17:02:43.975  7060  7305 E kae     : 	at java.lang.Thread.run(Thread.java:1119)
09-16 17:02:43.975  7060  7305 E kae     : 	at aejh.run(PG:61)
09-16 17:02:43.975  7060  7305 E kae     : Caused by: bolm: Protocol message end-group tag did not match expected tag.
09-16 17:02:43.975  7060  7305 E kae     : 	at bond.a(PG:112)
09-16 17:02:43.975  7060  7305 E kae     : 	at bomg.l(PG:61)
09-16 17:02:43.975  7060  7305 E kae     : 	at boju.R(PG:20)
09-16 17:02:43.975  7060  7305 E kae     : 	at boju.s(PG:5)
09-16 17:02:43.975  7060  7305 E kae     : 	at bomg.l(PG:239)
09-16 17:02:43.975  7060  7305 E kae     : 	at boju.R(PG:20)
09-16 17:02:43.975  7060  7305 E kae     : 	at boju.s(PG:5)
09-16 17:02:43.975  7060  7305 E kae     : 	at bomg.l(PG:239)
09-16 17:02:43.975  7060  7305 E kae     : 	at boju.R(PG:20)
09-16 17:02:43.975  7060  7305 E kae     : 	at boju.x(PG:5)
09-16 17:02:43.975  7060  7305 E kae     : 	at bomg.l(PG:299)
09-16 17:02:43.975  7060  7305 E kae     : 	at boju.R(PG:20)
09-16 17:02:43.975  7060  7305 E kae     : 	at boju.s(PG:5)
09-16 17:02:43.975  7060  7305 E kae     : 	at bomg.l(PG:239)
09-16 17:02:43.975  7060  7305 E kae     : 	at boju.R(PG:20)
09-16 17:02:43.975  7060  7305 E kae     : 	at boju.s(PG:5)
09-16 17:02:43.975  7060  7305 E kae     : 	at boju.t(PG:11)
09-16 17:02:43.975  7060  7305 E kae     : 	at boju.q(PG:77)
09-16 17:02:43.975  7060  7305 E kae     : 	at bomg.l(PG:146)
09-16 17:02:43.975  7060  7305 E kae     : 	at bokn.k(PG:19)
09-16 17:02:43.975  7060  7305 E kae     : 	at boiy.a(PG:5)
09-16 17:02:43.975  7060  7305 E kae     : 	at boiy.h(PG:1)
09-16 17:02:43.975  7060  7305 E kae     : 	at alrn.a(PG:9)
09-16 17:02:43.975  7060  7305 E kae     : 	at alrf.b(PG:39)
09-16 17:02:43.975  7060  7305 E kae     : 	... 15 more
09-16 17:02:43.975  1808  2239 I whetstone.activity: Power Event callback listener is empty for resId=256
09-16 17:02:43.976  1808  2239 D BatteryStatsManagerStub: notifyEvent for resId=256 used 0ms
09-16 17:02:43.983  1808  2213 I MiuiNetworkPolicy: updateUidState uid = 10183, uidState = 19
09-16 17:02:43.987  1808  2213 I MiuiNetworkPolicy: updateUidState uid = 10183, uidState = 8
09-16 17:02:43.989  5936  7063 D MilletUtils: setUidState, uid = 10183 allow = true
09-16 17:02:43.990  1808  4994 D MiSensorServiceImpl: PowerKeeperSensor resume iUid:10183 but app has not in Controlled
09-16 17:02:44.017  1808  2722 I NetworkBoostStatusManager: handle: 107
09-16 17:02:44.021  1808  2722 I NetworkBoostStatusManager: isModemSingnalStrengthStatus cellLteSignalRsrp = -107
09-16 17:02:44.021  1808  2722 D SLM-SRV-SLAService: isModemSingnalStrengthStatus = 1
09-16 17:02:44.021  1808  2722 I SLM-SRV-SLAService: isModemSingnalStrengthStatus setMobileDataAlwaysOff
09-16 17:02:44.021  1808  2737 I SLM-SRV-SLAService: stopSLAD
09-16 17:02:44.021  1808  2737 I SLM-SRV-SLSAppLib: setSLSEnableStatus:false
09-16 17:02:44.023  1808  2737 I SLM-SRV-SLAService: SLM_Ai_Mode processAimodeInterfaceStateCallback
09-16 17:02:44.023  1808  2737 I SLM-SRV-SLSAppLib: SLM_Ai_Mode setAimodeInterfaceState ready:false mGameAiModeInterfaceReady:false
09-16 17:02:44.024  1808  2230 D ConnectivityService: releasing NetworkRequest [ BACKGROUND_REQUEST id=2, [ Transports: CELLULAR Capabilities: INTERNET&NOT_RESTRICTED&TRUSTED&NOT_VPN&NOT_VCN_MANAGED&NOT_BANDWIDTH_CONSTRAINED RequestorUid: 1000 RequestorPkg: android UnderlyingNetworks: Null] ] (release request)
09-16 17:02:44.026  1808  2077 W SettingsProvider: Failed to notify for 999: content://settings/global/mobile_data_always_on
09-16 17:02:44.026  1808  2077 W SettingsProvider: java.lang.SecurityException: Failed to find provider settings for user 999; expected to find a valid ContentProvider for this authority
09-16 17:02:44.026  1808  2077 W SettingsProvider: 	at com.android.server.content.ContentService.notifyChange(ContentService.java:457)
09-16 17:02:44.026  1808  2077 W SettingsProvider: 	at android.content.ContentResolver.notifyChange(ContentResolver.java:2929)
09-16 17:02:44.026  1808  2077 W SettingsProvider: 	at android.content.ContentResolver.notifyChange(ContentResolver.java:2918)
09-16 17:02:44.026  1808  2077 W SettingsProvider: 	at android.content.ContentResolver.notifyChange(ContentResolver.java:2912)
09-16 17:02:44.026  1808  2077 W SettingsProvider: 	at com.android.providers.settings.SettingsProvider$SettingsRegistry$MyHandler.handleMessage(SettingsProvider.java:3989)
09-16 17:02:44.026  1808  2077 W SettingsProvider: 	at android.os.Handler.dispatchMessage(Handler.java:107)
09-16 17:02:44.026  1808  2077 W SettingsProvider: 	at android.os.Looper.loopOnce(Looper.java:249)
09-16 17:02:44.026  1808  2077 W SettingsProvider: 	at android.os.Looper.loop(Looper.java:337)
09-16 17:02:44.026  1808  2077 W SettingsProvider: 	at android.os.HandlerThread.run(HandlerThread.java:85)
09-16 17:02:44.026  1808  2230 D ConnectivityService: no live requests for [143 CELLULAR]; disconnecting
09-16 17:02:44.027  1808  2230 D ConnectivityService: [143 CELLULAR] disconnected, was satisfying 54
09-16 17:02:44.034  1808  4739 W ContextImpl: Calling a method in the system process without a qualified user: android.app.ContextImpl.sendBroadcastMultiplePermissions:1343 android.content.Context.sendBroadcastMultiplePermissions:2482 android.content.Context.sendBroadcastMultiplePermissions:2470 com.android.server.TelephonyRegistry.broadcastDataConnectionStateChanged:4018 com.android.server.TelephonyRegistry.notifyDataConnectionForSubscriber:2325 
09-16 17:02:44.036  2614  2614 D NetworkSpeedTracker: receive actionandroid.intent.action.ANY_DATA_STATE
09-16 17:02:44.036  2614 19671 D NetworkSpeedTracker: mConnectState: CONNECTED
09-16 17:02:44.047  6051  6051 W clatd   : process_packet_6_to_4: read error: Network is down
09-16 17:02:44.047  6051  6051 I clatd   : Shutting down clatd on ccmni2, waiting for SIGTERM
09-16 17:02:44.047   952  6029 W resolv  : SSL_connect ssl error =5, mark 0xf008f: Software caused connection abort
09-16 17:02:44.047   952  6029 W resolv  : TLS Handshake failed
09-16 17:02:44.047   952  6029 W resolv  : query failed
09-16 17:02:44.047   952  6029 W resolv  : validateDnsTlsServer returned 0 for {2001:12e0:0:1025:a080::215/}
09-16 17:02:44.047   952  6029 W resolv  : Validation failed
09-16 17:02:44.047   952  6028 W resolv  : SSL_connect ssl error =5, mark 0xf008f: Software caused connection abort
09-16 17:02:44.047   952  6028 W resolv  : TLS Handshake failed
09-16 17:02:44.048   952  6028 W resolv  : query failed
09-16 17:02:44.048   952  6028 W resolv  : validateDnsTlsServer returned 0 for {2001:12e0:0:1025:a080::115/}
09-16 17:02:44.048   952  6028 W resolv  : Validation failed
09-16 17:02:44.049  1808  2722 I NetworkBoostStatusManager: handle: 101
09-16 17:02:44.049  1808  2722 I NetworkBoostStatusManager: onLost interface Network:143
09-16 17:02:44.049  1808  2722 I NetworkBoostStatusManager: interface name: wlan0, interface number:1 WifiReady:true SlaveWifiReady:false DataReady:false SlaveDataReady:false
09-16 17:02:44.049  1808  2737 I SLM-SRV-SLAService: interface name:wlan0, interface number:1 WifiReady:true SlaveWifiReady:false DataReady:false SlaveDataReady:false
09-16 17:02:44.049  1808  2737 I SLM-SRV-SLAService: SLM_Ai_Mode processAimodeInterfaceStateCallback
09-16 17:02:44.049  1808  2737 I SLM-SRV-SLSAppLib: SLM_Ai_Mode setAimodeInterfaceState ready:false mGameAiModeInterfaceReady:false
09-16 17:02:44.049  1808  2737 I SLM-SRV-SLAService: processNetworkCallback ON_LOST
09-16 17:02:44.049  1808  2737 I SLM-SRV-SLAService: updateSLAD
09-16 17:02:44.049  1808  2737 I SLM-SRV-SLAService: SLM_Ai_Mode getLinkTurboAiModeWork:false
09-16 17:02:44.049  1808  2737 I SLM-SRV-SLAService: SLM_Ai_Mode isSLSAiModeReady:false
09-16 17:02:44.049  1808  2737 I SLM-SRV-SLAService: isSLAReady:false, isDWReady:false, isDDReady:false, isSLSAiModeReady:false
09-16 17:02:44.049  1808  2722 I NetworkAccelerateSwitchService: checkRssiPollStartConditions  mWifiReady:true mRssiPoll:false checkScreenStatus():true isEnableAccelerationSwitch():false
09-16 17:02:44.049  1808  2722 I NetworkAccelerateSwitchService: checkRttPollStartConditions  mWifiReady:true mRssiPoll:false mRssiInRange:false mEffectForegroundUid:0 checkScreenStatus():true isEnableAccelerationSwitch():false
09-16 17:02:44.049  1808  2769 I MIWILL-MiWillManager: handle: 102
09-16 17:02:44.049  1808  2722 I NetworkAccelerateSwitch: TODO do stop thread
09-16 17:02:44.049  1808  2722 D NetworkAccelerateSwitchService: disabelNetworkSwitch mSendBroadcast:false misElevator:false misHighRtt:false
09-16 17:02:44.049  1808  2722 I NetworkAccelerateSwitchService: checkRttPollStartConditions stop
09-16 17:02:44.049  1808  2722 D MscsService: onNetwrokInterfaceChange ifacename:wlan0,
09-16 17:02:44.049  1808  2722 D MscsService: onNetwrokInterfaceChange mMasterWifiUsed:true mSlaveWifiUsed:false mMasterWifiSupport:true mSlaveWifiSupportfalse mIsScreenOn:true
09-16 17:02:44.049  1808  2737 I SLM-SRV-SLAService: SLM_Ai_Mode getLinkTurboAiModeWork:false
09-16 17:02:44.049  2614  2954 D com.android.ons.ONSProfileActivator: Internet connection lost
09-16 17:02:44.049  1808  2737 I SLM-SRV-SLAService: SLM_Ai_Mode isSLSAiModeReady:false
09-16 17:02:44.049  1808  2737 D SLM-SRV-SLAService: slad is already disabled
09-16 17:02:44.050  1808  2737 I SLM-SRV-SLSAppLib: setSLSEnableStatus:false
09-16 17:02:44.050  1808  2807 D MscsService: enableMSCS mMSCSEnable: false
09-16 17:02:44.050  1808  2807 D MscsService: mMasterWifiUsed:true mMasterWifiSupport:false mSlaveWifiUsed:false mSlaveWifiSupport:false
09-16 17:02:44.050  1808  2737 D SLM-SRV-SLAAppLib: getLinkTurboWhiteList:10287,10212,10306,
09-16 17:02:44.050  1808  2737 D SLM-SRV-SLAAppLib: getLinkTurboWhiteList:10287,10212,10306,
09-16 17:02:44.050  1808  2737 I SLM-SRV-SLSAppLib: setSLAAppWhiteList:10287,10212,10306,
09-16 17:02:44.050  1808  1864 I GnssNetworkConnectivityHandler: Network connection lost. Available networks count: 1
09-16 17:02:44.050  1808  2807 D MscsService: ret0:-1 ret1:-1
09-16 17:02:44.050  1808  1864 I GnssNetworkConnectivityHandler: updateNetworkState, state=CLOSED, connected=false, network=143, capabilityFlags=2, availableNetworkCount: 1
09-16 17:02:44.050  1808  2926 D Aurogon :  packageName = com.google.android.gms isAllowWakeUpList 
09-16 17:02:44.050  1808  2769 E SystemServiceRegistry: Manager wrapper not available: SlaveWifiService
09-16 17:02:44.050  1808  2769 I MIWILL-MiWillManager: setDualWifiReady turn off miwill1: wifiBSSID:false slavewifiBSSID:true wifi_srs:false dhcpInfo:false slaveDhcpInfo:true
09-16 17:02:44.051   965   965 D AGnssRilAidl: updateNetworkState: networkHandle:617586020365, isConnected: 0, capabilities: 2, apn: zap.vivo.com.br
09-16 17:02:44.051  1037  1037 I MIWILL-HAL: setMiwillParameter Parameter:set miw_oem0 0
09-16 17:02:44.051  1037  1037 I MIWILL-HAL-IMPL: setMiwillParameterImpl set miw_oem0 0
09-16 17:02:44.051  1037  1037 D MIWILL-HAL-SOCKET-CLIENT: sendMsgToMiwild msg.id:1, msg.length:14, msg.message:[set miw_oem0 0]
09-16 17:02:44.051   965   965 D agpsinf : agps_ril_update_network_state: agps_ril_update_network_state  networkHandle=617586020365 isConnected=0 capabilities=2 apn=[zap.vivo.com.br]
09-16 17:02:44.051   965   965 D android.hardware.gnss-service.mediatek: hal2mnl_update_network_state: hal2mnl_update_network_state  networkHandle=617586020365 isConnected=0 capabilities=2
09-16 17:02:44.051  1417  1471 D mnl2hal : hal2mnl_hdlr: hal2mnl_hdlr() network_state  network_handle=617586020365 is_connected=0 capabilities=2 apn=zap.vivo.com.br
09-16 17:02:44.051  1417  1471 D MNLD    : hal_update_network_state: hal_update_network_state  networkHandle=617586020365 isConnected=0 capabilities=2 apn=[zap.vivo.com.br]
09-16 17:02:44.051  1417  1471 D MNL2AGPS: mnl2agps_update_network_state_with_handle: update network with handle=617586020365 connected=0, capabilities = 2, apn=zap.vivo.com.br
09-16 17:02:44.051  1508  1524 D agps    : [agps][n][AGPS] [MNL] mnl2agps [166]
09-16 17:02:44.051  1504  1665 I minetd-sock: recv msg: msg.id=1, msg.length=14, msg.message=[set miw_oem0 0]
09-16 17:02:44.051  1504  1665 I minetd-sock: minetdHandleMessage 1 'set miw_oem0 0'
09-16 17:02:44.051  1504  1665 D minetd-cmd : minetd_cmd_handler cmd = 1, attr = set miw_oem0 0 
09-16 17:02:44.052  1504  1665 I MIWILL-D-NL: netlink cmd send success 
09-16 17:02:44.052  1504  1665 D MIWILL-D-NL: NDC-PASS  /system/bin/iptables-wrapper-1.0 -w -t mangle -D OUTPUT -j qcom_MIW_wapper
09-16 17:02:44.052 31023 31118 D OfflineFindBroadcastManager: Cellular Network Callback onLost, isWifiAvailable: true
09-16 17:02:44.053 31023 31118 D OfflineFindBroadcastManager: isNoNetworkBroadcastOpen: false
09-16 17:02:44.053 31023 31118 D OfflineFindBroadcastManager: broadcast switch is closed
09-16 17:02:44.054  1808  2230 I Nat464Xlat: Stopping clatd on ccmni2
09-16 17:02:44.054  1808  2230 I ClatCoordinator: Stopping clatd pid=6051 on ccmni2
09-16 17:02:44.055  6051  6051 I clatd   : Clatd on ccmni2 received SIGTERM
09-16 17:02:44.056  6318  6318 W libc    : Access denied finding property "persist.track.malloc.enable"
09-16 17:02:44.056  6318  6318 W libc    : Access denied finding property "persist.mtbf.test"
09-16 17:02:44.056  6318  6318 W libc    : Access denied finding property "persist.omni.test"
09-16 17:02:44.056  6318  6318 W libc    : Access denied finding property "persist.reboot.coredump"
09-16 17:02:44.056  6318  6318 W libc    : Access denied finding property "persist.fd.monitor.enable"
09-16 17:02:44.066  1808  3082 W ContextImpl: Calling a method in the system process without a qualified user: android.app.ContextImpl.sendBroadcastMultiplePermissions:1343 android.content.Context.sendBroadcastMultiplePermissions:2482 android.content.Context.sendBroadcastMultiplePermissions:2470 com.android.server.TelephonyRegistry.broadcastDataConnectionStateChanged:4018 com.android.server.TelephonyRegistry.notifyDataConnectionForSubscriber:2325 
09-16 17:02:44.066  2614  3111 D MiPhoneInterfaceManager: recordMiTelephonyEvent
09-16 17:02:44.067  2614  3111 D c       : recordMiTelephonyEvent category = telephony_statistic, key = unsol_data_call_error
09-16 17:02:44.069  3285 26456 I NearbyMediums: WifiNetwork setTelephonyIsDataConnected:false
09-16 17:02:44.072  1504  1665 E MIWILL-D-NL: NDC-RESP iptables: No chain/target/match by that name.
09-16 17:02:44.073  2614 19671 D NetworkSpeedTracker: processDataStatisticChange mFakeConnectionCount:0
09-16 17:02:44.073  2614  2614 D NetworkSpeedTracker: receive actionandroid.intent.action.ANY_DATA_STATE
09-16 17:02:44.073  2614 19671 D NetworkSpeedTracker: mConnectState: DISCONNECTED
09-16 17:02:44.073  1504  1665 D MIWILL-D-NL: NDC-PASS  /system/bin/iptables-wrapper-1.0 -w -t mangle -F qcom_MIW_wapper
09-16 17:02:44.074  2614  3111 D MiPhoneInterfaceManager: recordMiTelephonyEvent
09-16 17:02:44.074  2614  3111 D c       : recordMiTelephonyEvent category = telephony_statistic, key = event_data_interruption_cause
09-16 17:02:44.076  6320  6320 W libc    : Access denied finding property "persist.track.malloc.enable"
09-16 17:02:44.076  6320  6320 W libc    : Access denied finding property "persist.mtbf.test"
09-16 17:02:44.076  6320  6320 W libc    : Access denied finding property "persist.omni.test"
09-16 17:02:44.076  6320  6320 W libc    : Access denied finding property "persist.reboot.coredump"
09-16 17:02:44.076  6320  6320 W libc    : Access denied finding property "persist.fd.monitor.enable"
09-16 17:02:44.085   979  1143 E HfLooper: sensor imu_hand_detect in hal data=1000,997,0,0,10097,51
09-16 17:02:44.094   969  1656 I android.hardware.graphics.composer@3.2-service: Sensor: notify citsensorservice to trigger cwb
09-16 17:02:44.095  1583  2176 I libsensor-frameBufferManager: request dump start
09-16 17:02:44.095  1583  2176 D libcomposer_ext: ClientImplAidl::getDispDump(), dpy 1, dst (160, 120), dump_point 1, release_fence -1
09-16 17:02:44.095   969   969 D libcomposer_ext: DeviceImplAidl::syncPerform(14), client_handle: 1
09-16 17:02:44.095   969   969 D libcomposer_ext: DeviceImplAidl::DeviceClientContextAidl::ParseGetDispDump()
09-16 17:02:44.095   969   969 D libcomposer_ext: DeviceImplAidl::ParseGetDispDump(), dpy 1, dst (160, 120), dump_point 1
09-16 17:02:44.095   969   969 I hwcomposer: [HWC] getDispDump(), dpy 1, (822,7,982,127), (160, 120), (1, 2), (-1), (-1), (0xb400006f50ca62d0)  
09-16 17:02:44.095   969   969 I hwcomposer: [DRMDEV] isSupportWbParams(), id_crtc 103, id_connector 34, dump_point 1, src(160, 120), dst(160, 120), config 0  
09-16 17:02:44.095   969   969 E hwcomposer: [DRMDEV] isSupportWbParams(), disp(1220, 2712)  
09-16 17:02:44.095   969   969 I hwcomposer: [DISP_DUMP] setDumpBuf(), dpy(0), src(822, 7, 982, 127), dst(160, 120), (1, 2), -1, (-1), (0xb400006f50ca62d0)  
09-16 17:02:44.095   969   969 I hwcomposer: [HWC] (0)fire a callback of refresh to SF[9]  
09-16 17:02:44.099  1504  1665 D MIWILL-D-NL: NDC-PASS  /system/bin/iptables-wrapper-1.0 -w -t nat -D POSTROUTING -j qcom_nat_POSTROUTING_MIW
09-16 17:02:44.108  6322  6322 W libc    : Access denied finding property "persist.track.malloc.enable"
09-16 17:02:44.108  6322  6322 W libc    : Access denied finding property "persist.mtbf.test"
09-16 17:02:44.108  6322  6322 W libc    : Access denied finding property "persist.omni.test"
09-16 17:02:44.108  6322  6322 W libc    : Access denied finding property "persist.reboot.coredump"
09-16 17:02:44.108  6322  6322 W libc    : Access denied finding property "persist.fd.monitor.enable"
09-16 17:02:44.112   969   969 D libcomposer_ext: DeviceImplAidl::DeviceClientContextAidl::NotifyDispDumpReady()
09-16 17:02:44.113  1583  1583 D libcomposer_ext: ClientCallbackAidl::asyncPerform(15)
09-16 17:02:44.113  1583  1583 D libcomposer_ext: ClientImplAidl::ParseNotifyDispDumpReady()
09-16 17:02:44.134  1504  1665 E MIWILL-D-NL: NDC-RESP iptables: No chain/target/match by that name.
09-16 17:02:44.137  1504  1665 D MIWILL-D-NL: NDC-PASS  /system/bin/ip-wrapper-1.0 addr flush dev miw_oem0
09-16 17:02:44.148  6324  6324 W libc    : Access denied finding property "persist.track.malloc.enable"
09-16 17:02:44.148  6324  6324 W libc    : Access denied finding property "persist.mtbf.test"
09-16 17:02:44.149  6324  6324 W libc    : Access denied finding property "persist.omni.test"
09-16 17:02:44.149  6324  6324 W libc    : Access denied finding property "persist.reboot.coredump"
09-16 17:02:44.149  6324  6324 W libc    : Access denied finding property "persist.fd.monitor.enable"
09-16 17:02:44.155  1808  2230 D jniClatCoordinator: clatd process 6051 terminated status=0
09-16 17:02:44.155  1808  2230 I ClatCoordinator: untag socket cookie 213560
09-16 17:02:44.155  1808  2230 I ClatCoordinator: clatd on ccmni2 stopped
09-16 17:02:44.159  1583  2177 D libsensor-parseRGB: the value of RGB [0.000000 0.000000 0.000000]
09-16 17:02:44.160  1808  2230 D ConnectivityService: NetReassign [no changes] [c 1] [a 0] [i 4]
09-16 17:02:44.169   952  1413 E netd    : cannot find interface v4-ccmni2
09-16 17:02:44.169  1583  2182 I libsensor-displayalgo: the value of channelCali C:0.008018,R:0.000000,G:0.000699,B:0.002546,scales C:1.053362,R:0.940208,G:1.080438,B:1.016771
09-16 17:02:44.170   952  1413 W resolv  : resolv_stats_set_addrs: Network 143 not found for PROTO_DOT
09-16 17:02:44.170   952  1413 W resolv  : resolv_stats_set_addrs: Network 143 not found for PROTO_DOH
09-16 17:02:44.176  1583  2182 D libsensor-displayalgo: brightness:8191.000000,flat_mode:0.000000,R1:0.000000,G1:0.000000,B1:0.000000,R2:0.407390,G2:0.429817,B2:0.408810,R3:1.125947,G3:1.187583,B3:1.129468,R4:0.000000,G4:0.000000,B4:0.000000,EVENT C:3347.000000,R:1907.000000,G:1717.000000,B:992.000000, lux: 156.747437
09-16 17:02:44.229  1064  1064 I BufferQueueProducer: [FramebufferSurface](this:0xb400007aa4096710,id:-1,api:1,p:1064,c:1064) queueBuffer: fps=60.31 dur=1011.37 max=20.85 min=14.44
09-16 17:02:44.274   993  1035 I libPerfCtl: xgfGetFPS pid:2628 fps:-1
09-16 17:02:44.274   993  1035 I libPerfCtl: xgfGetFPS pid:6607 fps:-1
09-16 17:02:44.296   969  1656 I android.hardware.graphics.composer@3.2-service: Sensor: notify citsensorservice to trigger cwb
09-16 17:02:44.296  1583  2176 I libsensor-frameBufferManager: request dump start
09-16 17:02:44.296  1583  2176 D libcomposer_ext: ClientImplAidl::getDispDump(), dpy 1, dst (160, 120), dump_point 1, release_fence -1
09-16 17:02:44.297  7060  7203 I ogle.android.gm: CollectorTransition concurrent mark compact GC freed 4183KB AllocSpace bytes, 3(84KB) LOS objects, 49% free, 13MB/26MB, paused 2.226ms,12.997ms total 314.795ms
09-16 17:02:44.297   969   969 D libcomposer_ext: DeviceImplAidl::syncPerform(14), client_handle: 1
09-16 17:02:44.297   969   969 D libcomposer_ext: DeviceImplAidl::DeviceClientContextAidl::ParseGetDispDump()
09-16 17:02:44.297   969   969 D libcomposer_ext: DeviceImplAidl::ParseGetDispDump(), dpy 1, dst (160, 120), dump_point 1
09-16 17:02:44.297   969   969 I hwcomposer: [HWC] getDispDump(), dpy 1, (822,7,982,127), (160, 120), (1, 2), (-1), (-1), (0xb400006f50ca3030)  
09-16 17:02:44.297   969   969 I hwcomposer: [DRMDEV] isSupportWbParams(), id_crtc 103, id_connector 34, dump_point 1, src(160, 120), dst(160, 120), config 0  
09-16 17:02:44.297   969   969 E hwcomposer: [DRMDEV] isSupportWbParams(), disp(1220, 2712)  
09-16 17:02:44.297   969   969 I hwcomposer: [DISP_DUMP] setDumpBuf(), dpy(0), src(822, 7, 982, 127), dst(160, 120), (1, 2), -1, (-1), (0xb400006f50ca3030)  
09-16 17:02:44.297   969   969 I hwcomposer: [HWC] (0)fire a callback of refresh to SF[9]  
09-16 17:02:44.313   969   969 D libcomposer_ext: DeviceImplAidl::DeviceClientContextAidl::NotifyDispDumpReady()
09-16 17:02:44.314  1583  1583 D libcomposer_ext: ClientCallbackAidl::asyncPerform(15)
09-16 17:02:44.314  1583  1583 D libcomposer_ext: ClientImplAidl::ParseNotifyDispDumpReady()
09-16 17:02:44.360  1583  2177 D libsensor-parseRGB: the value of RGB [0.000000 0.000000 0.000000]
09-16 17:02:44.370  1583  2182 I libsensor-displayalgo: the value of channelCali C:0.008018,R:0.000000,G:0.000699,B:0.002546,scales C:1.053362,R:0.940208,G:1.080438,B:1.016771
09-16 17:02:44.370  1583  2182 D libsensor-displayalgo: brightness:8191.000000,flat_mode:0.000000,R1:0.000000,G1:0.000000,B1:0.000000,R2:0.407390,G2:0.429817,B2:0.408810,R3:1.125947,G3:1.187583,B3:1.129468,R4:0.000000,G4:0.000000,B4:0.000000,EVENT C:3311.000000,R:1886.000000,G:1699.000000,B:981.000000, lux: 155.064743
09-16 17:02:44.444  1064  1064 I BufferQueueProducer: [com.android.chrome/ChromeChildSurface#8442](this:0xb400007b6437ee90,id:-1,api:0,p:-1,c:1064) queueBuffer: fps=60.17 dur=1013.79 max=17.86 min=15.41
09-16 17:02:44.479   979  1143 E HfLooper: sensor imu_hand_detect in hal data=1000,998,0,0,10072,42
09-16 17:02:44.513   969  1656 I android.hardware.graphics.composer@3.2-service: Sensor: notify citsensorservice to trigger cwb
09-16 17:02:44.514  1583  2176 I libsensor-frameBufferManager: request dump start
09-16 17:02:44.514  1583  2176 D libcomposer_ext: ClientImplAidl::getDispDump(), dpy 1, dst (160, 120), dump_point 1, release_fence -1
09-16 17:02:44.514   969   969 D libcomposer_ext: DeviceImplAidl::syncPerform(14), client_handle: 1
09-16 17:02:44.515   969   969 D libcomposer_ext: DeviceImplAidl::DeviceClientContextAidl::ParseGetDispDump()
09-16 17:02:44.515   969   969 D libcomposer_ext: DeviceImplAidl::ParseGetDispDump(), dpy 1, dst (160, 120), dump_point 1
09-16 17:02:44.515   969   969 I hwcomposer: [HWC] getDispDump(), dpy 1, (822,7,982,127), (160, 120), (1, 2), (-1), (-1), (0xb400006f50ca61b0)  
09-16 17:02:44.515   969   969 I hwcomposer: [DRMDEV] isSupportWbParams(), id_crtc 103, id_connector 34, dump_point 1, src(160, 120), dst(160, 120), config 0  
09-16 17:02:44.515   969   969 E hwcomposer: [DRMDEV] isSupportWbParams(), disp(1220, 2712)  
09-16 17:02:44.515   969   969 I hwcomposer: [DISP_DUMP] setDumpBuf(), dpy(0), src(822, 7, 982, 127), dst(160, 120), (1, 2), -1, (-1), (0xb400006f50ca61b0)  
09-16 17:02:44.515   969   969 I hwcomposer: [HWC] (0)fire a callback of refresh to SF[9]  
09-16 17:02:44.529   969   969 I hwcomposer: [HWCDisplay] [Display_0 (type:1, mode:2)] fps:60.200207,dur:1013.29,max:20.97,min:13.90  
09-16 17:02:44.529   969   969 D libcomposer_ext: DeviceImplAidl::DeviceClientContextAidl::NotifyDispDumpReady()
09-16 17:02:44.530  1583  1583 D libcomposer_ext: ClientCallbackAidl::asyncPerform(15)
09-16 17:02:44.530  1583  1583 D libcomposer_ext: ClientImplAidl::ParseNotifyDispDumpReady()
09-16 17:02:44.577  1583  2177 D libsensor-parseRGB: the value of RGB [0.000000 0.000000 0.000000]
09-16 17:02:44.669  1583  2182 I libsensor-displayalgo: the value of channelCali C:0.008018,R:0.000000,G:0.000699,B:0.002546,scales C:1.053362,R:0.940208,G:1.080438,B:1.016771
09-16 17:02:44.670  1583  2182 D libsensor-displayalgo: brightness:8191.000000,flat_mode:0.000000,R1:0.000000,G1:0.000000,B1:0.000000,R2:0.407390,G2:0.429817,B2:0.408810,R3:1.125947,G3:1.187583,B3:1.129468,R4:0.000000,G4:0.000000,B4:0.000000,EVENT C:3252.000000,R:1857.000000,G:1671.000000,B:965.000000, lux: 151.891327
09-16 17:02:44.728   969  1656 I android.hardware.graphics.composer@3.2-service: Sensor: notify citsensorservice to trigger cwb
09-16 17:02:44.729  1583  2176 I libsensor-frameBufferManager: request dump start
09-16 17:02:44.729  1583  2176 D libcomposer_ext: ClientImplAidl::getDispDump(), dpy 1, dst (160, 120), dump_point 1, release_fence -1
09-16 17:02:44.730   969   969 D libcomposer_ext: DeviceImplAidl::syncPerform(14), client_handle: 1
09-16 17:02:44.731   969   969 D libcomposer_ext: DeviceImplAidl::DeviceClientContextAidl::ParseGetDispDump()
09-16 17:02:44.731   969   969 D libcomposer_ext: DeviceImplAidl::ParseGetDispDump(), dpy 1, dst (160, 120), dump_point 1
09-16 17:02:44.731   969   969 I hwcomposer: [HWC] getDispDump(), dpy 1, (822,7,982,127), (160, 120), (1, 2), (-1), (-1), (0xb400006f50ca62d0)  
09-16 17:02:44.731   969   969 I hwcomposer: [DRMDEV] isSupportWbParams(), id_crtc 103, id_connector 34, dump_point 1, src(160, 120), dst(160, 120), config 0  
09-16 17:02:44.731   969   969 E hwcomposer: [DRMDEV] isSupportWbParams(), disp(1220, 2712)  
09-16 17:02:44.731   969   969 I hwcomposer: [DISP_DUMP] setDumpBuf(), dpy(0), src(822, 7, 982, 127), dst(160, 120), (1, 2), -1, (-1), (0xb400006f50ca62d0)  
09-16 17:02:44.731   969   969 I hwcomposer: [HWC] (0)fire a callback of refresh to SF[9]  
09-16 17:02:44.745   969   969 D libcomposer_ext: DeviceImplAidl::DeviceClientContextAidl::NotifyDispDumpReady()
09-16 17:02:44.746  1583  1583 D libcomposer_ext: ClientCallbackAidl::asyncPerform(15)
09-16 17:02:44.746  1583  1583 D libcomposer_ext: ClientImplAidl::ParseNotifyDispDumpReady()
09-16 17:02:44.791  1583  2177 D libsensor-parseRGB: the value of RGB [0.000000 0.000000 0.000000]
09-16 17:02:44.870  1583  2182 I libsensor-displayalgo: the value of channelCali C:0.008018,R:0.000000,G:0.000699,B:0.002546,scales C:1.053362,R:0.940208,G:1.080438,B:1.016771
09-16 17:02:44.871  1583  2182 D libsensor-displayalgo: brightness:8191.000000,flat_mode:0.000000,R1:0.000000,G1:0.000000,B1:0.000000,R2:0.407390,G2:0.429817,B2:0.408810,R3:1.125947,G3:1.187583,B3:1.129468,R4:0.000000,G4:0.000000,B4:0.000000,EVENT C:3218.000000,R:1837.000000,G:1652.000000,B:956.000000, lux: 150.424911
09-16 17:02:44.885   979  1143 E HfLooper: sensor imu_hand_detect in hal data=1000,999,0,0,10048,23
09-16 17:02:44.945   969  1656 I android.hardware.graphics.composer@3.2-service: Sensor: notify citsensorservice to trigger cwb
09-16 17:02:44.946  1583  2176 I libsensor-frameBufferManager: request dump start
09-16 17:02:44.947  1583  2176 D libcomposer_ext: ClientImplAidl::getDispDump(), dpy 1, dst (160, 120), dump_point 1, release_fence -1
09-16 17:02:44.947   969   969 D libcomposer_ext: DeviceImplAidl::syncPerform(14), client_handle: 1
09-16 17:02:44.947   969   969 D libcomposer_ext: DeviceImplAidl::DeviceClientContextAidl::ParseGetDispDump()
09-16 17:02:44.947   969   969 D libcomposer_ext: DeviceImplAidl::ParseGetDispDump(), dpy 1, dst (160, 120), dump_point 1
09-16 17:02:44.947   969   969 I hwcomposer: [HWC] getDispDump(), dpy 1, (822,7,982,127), (160, 120), (1, 2), (-1), (-1), (0xb400006f50ca3030)  
09-16 17:02:44.947   969   969 I hwcomposer: [DRMDEV] isSupportWbParams(), id_crtc 103, id_connector 34, dump_point 1, src(160, 120), dst(160, 120), config 0  
09-16 17:02:44.947   969   969 E hwcomposer: [DRMDEV] isSupportWbParams(), disp(1220, 2712)  
09-16 17:02:44.947   969   969 I hwcomposer: [DISP_DUMP] setDumpBuf(), dpy(0), src(822, 7, 982, 127), dst(160, 120), (1, 2), -1, (-1), (0xb400006f50ca3030)  
09-16 17:02:44.948   969   969 I hwcomposer: [HWC] (0)fire a callback of refresh to SF[9]  
09-16 17:02:44.961   969   969 D libcomposer_ext: DeviceImplAidl::DeviceClientContextAidl::NotifyDispDumpReady()
09-16 17:02:44.961  1583  1583 D libcomposer_ext: ClientCallbackAidl::asyncPerform(15)
09-16 17:02:44.961  1583  1583 D libcomposer_ext: ClientImplAidl::ParseNotifyDispDumpReady()
09-16 17:02:44.979  2350  2350 D WifiHAL : WifiRequest::create vendor command to iface 37, vendor_id=0x1a11, subcmd=0x1200, res=0
09-16 17:02:44.993  2350  2350 I WifiHAL : LLS RSP: data=0xb40000750e29d660, len=4292
09-16 17:02:44.993  2350  2350 I WifiHAL : LLS check_data_sanity: 1801: current_radio_stat->num_channels=28
09-16 17:02:44.993  2350  2350 I WifiHAL : LLS check_data_sanity: 1801: current_radio_stat->num_channels=0
09-16 17:02:44.993  2350  2350 I WifiHAL : LLS check_data_sanity: confirmed_size=4292, len=4292
09-16 17:02:45.011  1583  2177 D libsensor-parseRGB: the value of RGB [0.000000 0.000000 0.000000]
09-16 17:02:45.014  1808  1808 W JobService: onNetworkChanged() not implemented in com.android.server.content.SyncJobService. Must override in a subclass.
09-16 17:02:45.016  1808  2722 I NetworkBoostStatusManager: handle: 102
09-16 17:02:45.017  7554  7636 W Settings: Setting device_provisioned has moved from android.provider.Settings.Secure to android.provider.Settings.Global.
09-16 17:02:45.018  7554  7636 I JoyoseCloudControlManager3: network metered changed, network metered: false, deviceProvisioned: true, scAllowConn: true, try to setNetworkAccessEnabled: true
09-16 17:02:45.023  6042  6042 I NetBusNetworkMonitor: onCapabilitiesChanged isPrimary = true
09-16 17:02:45.024 28462 28653 I BugleRcsEngine: handleMessage processing message:[NOTIFY_UPTIME_IGNORE_STATE_CHANGED] with [non-null]:RcsEngineImpl reference [CONTEXT log_prefix="RcsEngineImpl[DUAL_REG]:[f17113ab-596e]>Handler" thread_id=1574 ]
09-16 17:02:45.024 28462 28616 I BugleRcsEngine: Connected state: [1], networkType: [WIFI] [CONTEXT thread_id=1571 ]
09-16 17:02:45.024 28462 28653 I BugleRcsEngine: Cannot use CS.apk as it's battery optimized [CONTEXT thread_id=1574 ]
09-16 17:02:45.029  1808  2722 I NetworkBoostStatusManager: interfaceOnCapabilitiesChanged interface name:wlan0
09-16 17:02:45.029 28627 32246 D WM-NetworkStateTracker: Network capabilities changed: [ Transports: WIFI Capabilities: NOT_METERED&INTERNET&NOT_RESTRICTED&TRUSTED&NOT_VPN&VALIDATED&NOT_ROAMING&FOREGROUND&NOT_CONGESTED&NOT_SUSPENDED&NOT_VCN_MANAGED&NOT_BANDWIDTH_CONSTRAINED LinkUpBandwidth>=21690Kbps LinkDnBandwidth>=103749Kbps TransportInfo: <SSID: <unknown ssid>, BSSID: 02:00:00:00:00:00, MAC: 02:00:00:00:00:00, IP: /192.168.15.4, Security type: 2, Supplicant state: COMPLETED, Wi-Fi standard: 11ax, RSSI: -56, Link speed: 1201Mbps, Tx Link speed: 1201Mbps, Max Supported Tx Link speed: 1200Mbps, Rx Link speed: 1201Mbps, Max Supported Rx Link speed: 1200Mbps, Frequency: 5745MHz, Net ID: -1, Metered hint: false, score: 60, isUsable: true, CarrierMerged: false, SubscriptionId: -1, IsPrimary: -1, Trusted: true, Restricted: false, Ephemeral: false, OEM paid: false, OEM private: false, OSU AP: false, FQDN: <none>, Provider friendly name: <none>, Requesting package name: <none><none>MLO Information: , Is TID-To-Link negotiation supported by the AP: false, AP MLD Address: <none>, AP MLO Link Id: <none>, AP MLO Affiliated links: <none>, Vendor Data: <none>> SignalStrength: -56 UnderlyingNetworks: Null]
09-16 17:02:45.030  1808  2032 I ClipboardServiceI: checkProviderWakePathForClipboard: com.google.android.apps.messagingis not a activePermissionOwner
09-16 17:02:45.030  1808  2032 I SmartPower: com.google.android.apps.messaging/10167(28627): idle->background(66691ms) R(content provider start ContentProviderRecord{e68ca05 u0 com.google.android.apps.messaging/.shared.datamodel.provider.sharedstorage.SharedStorageProvider}) adj=200.
09-16 17:02:45.031  3285  3467 I NullBinder: NullBinder for android.net.action.RECOMMEND_NETWORKS triggering remote TransactionTooLargeException due to Service without Chimera impl, calling uid: 1000, calling pid: 0
09-16 17:02:45.031  3285  3467 W .gms.persistent: Large reply transaction of 1056768 bytes, interface descriptor , code 1
09-16 17:02:45.031 29430 29487 D WM-NetworkStateTracker: Network capabilities changed: [ Transports: WIFI Capabilities: NOT_METERED&INTERNET&NOT_RESTRICTED&TRUSTED&NOT_VPN&VALIDATED&NOT_ROAMING&FOREGROUND&NOT_CONGESTED&NOT_SUSPENDED&NOT_VCN_MANAGED&NOT_BANDWIDTH_CONSTRAINED LinkUpBandwidth>=21690Kbps LinkDnBandwidth>=103749Kbps TransportInfo: <SSID: <unknown ssid>, BSSID: 02:00:00:00:00:00, MAC: 02:00:00:00:00:00, IP: /192.168.15.4, Security type: 2, Supplicant state: COMPLETED, Wi-Fi standard: 11ax, RSSI: -56, Link speed: 1201Mbps, Tx Link speed: 1201Mbps, Max Supported Tx Link speed: 1200Mbps, Rx Link speed: 1201Mbps, Max Supported Rx Link speed: 1200Mbps, Frequency: 5745MHz, Net ID: -1, Metered hint: false, score: 60, isUsable: true, CarrierMerged: false, SubscriptionId: -1, IsPrimary: -1, Trusted: true, Restricted: false, Ephemeral: false, OEM paid: false, OEM private: false, OSU AP: false, FQDN: <none>, Provider friendly name: <none>, Requesting package name: <none><none>MLO Information: , Is TID-To-Link negotiation supported by the AP: false, AP MLD Address: <none>, AP MLO Link Id: <none>, AP MLO Affiliated links: <none>, Vendor Data: <none>> SignalStrength: -56 UnderlyingNetworks: Null]
09-16 17:02:45.032  3285  3467 I NullBinder: NullBinder for android.net.action.RECOMMEND_NETWORKS triggering remote TransactionTooLargeException due to Service without Chimera impl, calling uid: 1000, calling pid: 0
09-16 17:02:45.032  3285  3467 W .gms.persistent: Large reply transaction of 1056768 bytes, interface descriptor , code 1
09-16 17:02:45.034  1808  2160 I MIUIInput: [MotionEvent] notifyMotion - eventTime=19088301121000, deviceId=6, source=0x1002, policyFlags=0x0, action=0x0, flags=0x0, downTime=19088301121000
09-16 17:02:45.034  1132  1132 I touch_boost: enable=1, boost_up=0, boost_down=1, render_deboost=0, active_time=100, duration=50, idleprefer(TA,FG)=(1,1), util(TA,FG)=(1,1), freq(c0,c1,c2)=(1100000,1400000,400000)
09-16 17:02:45.034  1132  1132 I mtkpower_client: perf_lock_acq, hdl:0, dur:50, num:14, pid:1132, tid:1132
09-16 17:02:45.034  1132  1132 I mtkpower_client: IMtkPowerService_isDeclared 1
09-16 17:02:45.035  1001  1098 I libPowerHal: [perfLockAcq] idx:0 hdl:12129 hint:-1 pid:1132 tid:1132 duration:50 lock_user:touch_boost => ret_hdl:12129
09-16 17:02:45.034  6042  6042 I NetBusNetworkMonitor: gateway=192.*.*.1
09-16 17:02:45.035  1001  1098 I libPowerHal: [setClusterFreq] touch_boost set cpufreq[0] min:1100000 max:-1 cpufreq[1] min:1400000 max:-1 cpufreq[2] min:400000 max:-1 
09-16 17:02:45.035  1808  2159 I MIUIInput: [MotionEvent] publisher action=0x0, deviceId=6, 19088301, channel 'ddf670e com.android.vending/com.google.android.finsky.billing.acquire.LockToPortraitUiBuilderHostActivity (server)'
09-16 17:02:45.035  1808  2159 I MIUIInput: [MotionEvent] publisher action=0x0, deviceId=6, 19088301, channel '[Gesture Monitor] miui-touch-fod (server)'
09-16 17:02:45.035  1001  1098 I libPowerHal: [setClusterFreq]  set cpu_ctrl cpufreq: 1100000 -1 1400000 -1 -1 -1 
09-16 17:02:45.035  1808  2159 I MIUIInput: [MotionEvent] publisher action=0x0, deviceId=6, 19088301, channel '[Gesture Monitor] miui-gesture (server)'
09-16 17:02:45.035  1001  1098 I libPowerHal: [PE] touch_boost update cmd:1404100, param:1
09-16 17:02:45.035  1001  1098 I libPowerHal: [PE] touch_boost update cmd:1404300, param:1
09-16 17:02:45.035 28462 28653 I BugleRcsEngine: Rcs is enabled from user settings: true [CONTEXT log_prefix="ProvisioningEngineDataRetriever" thread_id=1574 ]
09-16 17:02:45.036  1064  1702 D DisplayModeController: setDesiredMode 4627039422300187648 {mode={fps=120.00 Hz, modePtr={id=2, vsyncRate=120.00 Hz, peakRefreshRate=120.00 Hz}}, emitEvent=true, force=false}
09-16 17:02:45.036  1064  1702 D Scheduler: MtkOverrideDuration: update vsync 120
09-16 17:02:45.036  1064  1702 E SurfaceFlinger: MtkDuration override mode is disabled
09-16 17:02:45.036  1064  1702 D Scheduler: MtkOverrideDuration: reset override duration
09-16 17:02:45.036  1064  1702 I PowerHalWrapper: updateFps(): 120
09-16 17:02:45.037  6607  6607 I MIUIInput: [MotionEvent] ViewRootImpl windowName 'com.android.vending/com.google.android.finsky.billing.acquire.LockToPortraitUiBuilderHostActivity', { action=ACTION_DOWN, id[0]=0, pointerCount=1, eventTime=19088301, downTime=19088301, phoneEventTime=17:02:45.033 } moveCount:0
09-16 17:02:45.038  1808  2286 I ProcessManager: getRenderThreadTidByPid, caller=1808
09-16 17:02:45.038  1001  1098 I libPowerHal: [PE] touch_boost update cmd:1408100, param:1
09-16 17:02:45.039  1001  1098 I libPowerHal: [PE] touch_boost update cmd:1408300, param:1
09-16 17:02:45.039  1132  1132 I mtkpower_client: ret_hdl:12129
09-16 17:02:45.039  1001  1098 I libPowerHal: [perfLockAcq] idx:1 hdl:12130 hint:25 pid:1001 tid:1001 duration:10000 lock_user:vendor.mediatek => ret_hdl:12130
09-16 17:02:45.042   969   969 I hwcomposer: [HWCDisplay] (0) setActiveConfigWithConstraints config:2  
09-16 17:02:45.042   969   969 I hwcomposer: [HWCDisplay] setActiveConfigWithConstraints(), now 19088309487983, diff 180846, estimated_applied_time 16666667 queued_size:0  
09-16 17:02:45.043  6042  6042 I NetBusNetworkMonitor: addConnectNetworkInterface mediumType:256, detail:NetworkDetailInfo{mIsConnected=false, mIsSupportTdls=true, mNetworkType=0, mIpAddress=192.*.*.4, mIfName=wlan0, mGateway=192.*.*.1, mNetmask=255.*.*.0, mSsid=S**la}
09-16 17:02:45.044  6042  6042 I NetBusNetworkMonitor: onCapabilitiesChanged handle=441492361229, mediumType=256, ifName=wlan0
09-16 17:02:45.058  1064  1064 I PowerHalWrapper: updateFps(): 120
09-16 17:02:45.059  1064  1064 I PowerHalWrapper: updateFps(): 120
09-16 17:02:45.060  1808  1887 I DisplayDeviceRepository: Display device changed render timings: "Tela integrada", renderFrameRate=120.00001, presentationDeadlineNanos=14800000, appVsyncOffsetNanos=1199999
09-16 17:02:45.063  1808  1887 D DisplayManagerService: Ignore redundant display event 0/2 to 10221/726
09-16 17:02:45.063  1808  1887 D DisplayManagerService: Ignore redundant display event 0/2 to 10304/1297
09-16 17:02:45.063  1808  1933 D BrightnessThermalClamper: Thermal status observer already started
09-16 17:02:45.063  1808  2248 D AudioSystem: +setParameters(): screen_state=on 
09-16 17:02:45.064  1808  2248 D AudioSystem: start get log level!
09-16 17:02:45.064  1808  1887 D DisplayManagerService: Ignore redundant display event 0/2 to 10096/3478
09-16 17:02:45.064  1808  1887 D DisplayManagerService: Ignore redundant display event 0/2 to 10284/3527
09-16 17:02:45.064  1808  1887 D DisplayManagerService: Ignore redundant display event 0/2 to 10277/5951
09-16 17:02:45.065  1808  1887 D DisplayManagerService: Ignore redundant display event 0/2 to 10203/7336
09-16 17:02:45.065  1808  1887 D DisplayManagerService: Ignore redundant display event 0/2 to 10375/7385
09-16 17:02:45.065  1808  1882 W WindowManager:  displayMetricsChanged=false physicalDisplayChanged=false displayId=0 newUniqueId=local:4627039422300187648 currentUnique=local:4627039422300187648
09-16 17:02:45.065  1808  1882 D DisplayContentStubImpl: Display{#0 state=ON size=1220x2712 ROTATION_0} isActivityEmbeddingSplitEnable false
09-16 17:02:45.065  1808  1887 D DisplayManagerService: Ignore redundant display event 0/2 to 10272/9325
09-16 17:02:45.065  1808  1887 D DisplayManagerService: Ignore redundant display event 0/2 to 10162/10003
09-16 17:02:45.065  1808  1887 D DisplayManagerService: Ignore redundant display event 0/2 to 10199/10540
09-16 17:02:45.065  1808  1887 D DisplayManagerService: Ignore redundant display event 0/2 to 10122/10576
09-16 17:02:45.065  1808  1887 D DisplayManagerService: Ignore redundant display event 0/2 to 10286/11965
09-16 17:02:45.065   960  4680 W libc    : Access denied finding property "AUDIO_FEATURE_REVERSE_MIC_DIRECTION_SUPPORT"
09-16 17:02:45.065  1808  1887 D DisplayManagerService: Ignore redundant display event 0/2 to 10171/13068
09-16 17:02:45.065  1808  1887 D DisplayManagerService: Ignore redundant display event 0/2 to 10299/14950
09-16 17:02:45.065  1808  1887 D DisplayManagerService: Ignore redundant display event 0/2 to 10333/15249
09-16 17:02:45.065  1808  1887 D DisplayManagerService: Ignore redundant display event 0/2 to 10468/18493
09-16 17:02:45.065  1808  1887 D DisplayManagerService: Ignore redundant display event 0/2 to 10308/18570
09-16 17:02:45.065   960  4680 D AudioALSAHardware: +setParameters(): screen_state=on
09-16 17:02:45.065  1808  1887 D DisplayManagerService: Ignore redundant display event 0/2 to 99910122/18711
09-16 17:02:45.065  1808  1887 D DisplayManagerService: Ignore redundant display event 0/2 to 10298/19155
09-16 17:02:45.065  1808  1887 D DisplayManagerService: Ignore redundant display event 0/2 to 10356/19602
09-16 17:02:45.065  1808  1887 D DisplayManagerService: Ignore redundant display event 0/2 to 10096/19852
09-16 17:02:45.065  1808  1887 D DisplayManagerService: Ignore redundant display event 0/2 to 10342/20542
09-16 17:02:45.065  1808  1887 D DisplayManagerService: Ignore redundant display event 0/2 to 10056/20875
09-16 17:02:45.065   960  4680 D AudioALSAStreamOut: +setScreenState(), flag 2, mode 1
09-16 17:02:45.065  1808  1887 D DisplayManagerService: Ignore redundant display event 0/2 to 10146/21035
09-16 17:02:45.065   960  4680 D AudioALSAStreamOut: +setScreenState(), flag 8, mode 1
09-16 17:02:45.065  1808  1887 D DisplayManagerService: Ignore redundant display event 0/2 to 10220/22015
09-16 17:02:45.065   960  4680 D AudioALSAStreamOut: +setScreenState(), flag 4, mode 1
09-16 17:02:45.065  1808  1887 D DisplayManagerService: Ignore redundant display event 0/2 to 10446/22832
09-16 17:02:45.065   960  4680 D AudioALSAStreamOut: +setScreenState(), flag 32768, mode 1
09-16 17:02:45.065   960  4680 D AudioALSAStreamOut: +setScreenState(), flag 65536, mode 1
09-16 17:02:45.065   960  4680 D AudioALSAHardware: -setParameters(): screen_state=on
09-16 17:02:45.066  1808  1887 D DisplayManagerService: Ignore redundant display event 0/2 to 10184/24065
09-16 17:02:45.066  1808  1887 D DisplayManagerService: Ignore redundant display event 0/2 to 10275/24853
09-16 17:02:45.066  1808  1882 D MiuiRefreshRatePolicy: reset
09-16 17:02:45.066  1808  1887 D DisplayManagerService: Ignore redundant display event 0/2 to 10150/28862
09-16 17:02:45.067  1808  1887 D DisplayManagerService: Ignore redundant display event 0/2 to 10294/29937
09-16 17:02:45.067  1808  1887 D DisplayManagerService: Ignore redundant display event 0/2 to 10302/30392
09-16 17:02:45.067  1808  1887 D DisplayManagerService: Ignore redundant display event 0/2 to 10212/30413
09-16 17:02:45.067  1808  1887 D DisplayManagerService: Ignore redundant display event 0/2 to 10448/31216
09-16 17:02:45.067  1808  1887 D DisplayManagerService: Ignore redundant display event 0/2 to 10282/31370
09-16 17:02:45.067  1808  1887 D DisplayManagerService: Ignore redundant display event 0/2 to 10159/32610
09-16 17:02:45.067  1808  1887 D DisplayManagerService: Ignore redundant display event 0/2 to 10287/32746
09-16 17:02:45.068  1808  1888 D MiuiRefreshRatePolicy: reset
09-16 17:02:45.069  1583  2182 I libsensor-displayalgo: the value of channelCali C:0.008018,R:0.000000,G:0.000699,B:0.002546,scales C:1.053362,R:0.940208,G:1.080438,B:1.016771
09-16 17:02:45.070  1583  2182 D libsensor-displayalgo: brightness:8191.000000,flat_mode:0.000000,R1:0.000000,G1:0.000000,B1:0.000000,R2:0.407390,G2:0.429817,B2:0.408810,R3:1.125947,G3:1.187583,B3:1.129468,R4:0.000000,G4:0.000000,B4:0.000000,EVENT C:3223.000000,R:1841.000000,G:1656.000000,B:958.000000, lux: 150.514023
09-16 17:02:45.070   960  1031 D r_submix: adev_set_parameters() kvpairs='screen_state=on'
09-16 17:02:45.072   969  1721 I hwcomposer: [HWCDisplay] updateAppliedConfigState: applied config complete[idx:19088326154650, config:2]  
09-16 17:02:45.073  2628  3075 D MiuiGxzwAnimView: onDisplayChanged: oldState = 2, newState = 2
09-16 17:02:45.074  2614  3099 D FiveGPowerController: onDisplayChanged to STATE ON
09-16 17:02:45.075  2614  3099 D FiveGPowerController: onDisplayChanged isLastScreenOn is still on,ignore current displayChanged!!!
09-16 17:02:45.075  2387  2387 W Launcher: onDisplayChanged: newRotation=0, mCurrentRotation=0
09-16 17:02:45.076  2628  2628 V AutoDensityController: on display changed 0 context dpi:497 origin dpi:480 target dpi:497
09-16 17:02:45.076  1808  1888 I ActivityTaskManager: visible for Task{c8b13a0 #153 type=standard A=10307:br.com.melhorafotoai.twa} visible = true isAnimating = false TRANSITION = false PARENTS = false CHILDREN = false
09-16 17:02:45.076  2628  2628 D ControlCenterWindowViewController: on display changed 0
09-16 17:02:45.076  2628  2628 V AODAutoDensityController: on display changed 0 context dpi:497 origin dpi:480 target dpi:497
09-16 17:02:45.076  2614 19671 D NetworkSpeedTracker: onDisplayChanged mIsScreenOn=true
09-16 17:02:45.076  3419  3757 I BtGatt.ScanManager: msg.what = MSG_SCREEN_ON, msg.arg1 = None
09-16 17:02:45.076  2614 19671 D NetworkSpeedTracker: onUpdateDeviceState eventType=4,mIsScreenOn=true,mIsMobileDataOn=false
09-16 17:02:45.076  2614 19671 D NetworkSpeedTracker: stopDataPoll
09-16 17:02:45.084  1132  1132 I touch_boost: enable=0, boost_up=0, boost_down=1, render_deboost=0, active_time=100, duration=50, idleprefer(TA,FG)=(1,1), util(TA,FG)=(1,1), freq(c0,c1,c2)=(1100000,1400000,400000)
09-16 17:02:45.084  1132  1132 I mtkpower_client: perf_lock_rel, hdl:12129, tid:1132
09-16 17:02:45.085  1132  1132 I mtkpower_client: IMtkPowerService_isDeclared 1
09-16 17:02:45.086  1001  1098 I libPowerHal: [perfLockRel] hdl:12129, idx:0
09-16 17:02:45.087  1001  1098 I libPowerHal: [setClusterFreq]  set cpu_ctrl cpufreq: -1 -1 -1 -1 -1 -1 
09-16 17:02:45.087  1001  1098 I libPowerHal: [PD] touch_boost update cmd:1404100 param:0
09-16 17:02:45.087  1001  1098 I libPowerHal: [PD] touch_boost update cmd:1404300 param:0
09-16 17:02:45.087  1001  1098 I libPowerHal: [PD] touch_boost update cmd:1408100 param:0
09-16 17:02:45.088  1808  2160 I MIUIInput: [MotionEvent] notifyMotion - eventTime=19088355553000, deviceId=6, source=0x1002, policyFlags=0x0, action=0x1, flags=0x0, downTime=19088301121000
09-16 17:02:45.089  1808  2159 I MIUIInput: [MotionEvent] publisher action=0x1, deviceId=6, 19088355, channel 'ddf670e com.android.vending/com.google.android.finsky.billing.acquire.LockToPortraitUiBuilderHostActivity (server)'
09-16 17:02:45.089  1808  2159 I MIUIInput: [MotionEvent] publisher action=0x1, deviceId=6, 19088355, channel '[Gesture Monitor] miui-touch-fod (server)'
09-16 17:02:45.089  1808  2159 I MIUIInput: [MotionEvent] publisher action=0x1, deviceId=6, 19088355, channel '[Gesture Monitor] miui-gesture (server)'
09-16 17:02:45.090  6607  6607 I MIUIInput: [MotionEvent] ViewRootImpl windowName 'com.android.vending/com.google.android.finsky.billing.acquire.LockToPortraitUiBuilderHostActivity', { action=ACTION_UP, id[0]=0, pointerCount=1, eventTime=19088355, downTime=19088301, phoneEventTime=17:02:45.087 } moveCount:0
09-16 17:02:45.092  1001  1098 I libPowerHal: [PD] touch_boost update cmd:1408300 param:0
09-16 17:02:45.093  1001  1098 I libPowerHal: [perfLockRel] hdl:12130, idx:1
09-16 17:02:45.103  6607  6607 I Finsky  : [2] id: bp
09-16 17:02:45.108  1064  1064 I BufferQueueProducer: [com.android.vending/com.google.android.finsky.billing.acquire.LockToPortraitUiBuilderHostActivity#8504](this:0xb400007b6431dad0,id:-1,api:0,p:-1,c:1064) queueBuffer: fps=2.79 dur=10758.96 max=10111.35 min=7.91
09-16 17:02:45.115  1808  2301 I SmartPower: com.google.android.cellbroadcastreceiver/10268(30310): background->idle(3001ms) R(broadcast start Intent { act=android.intent.action.SERVICE_STATE flg=0x1000010 (has extras) }) adj=905.
09-16 17:02:45.148  1001  1016 E libPowerHal: [getHintRscSize] hint_id 56 cannot be found in PowerScnTbl
09-16 17:02:45.152   969  1656 I android.hardware.graphics.composer@3.2-service: Sensor: notify citsensorservice to trigger cwb
09-16 17:02:45.152  1583  2176 I libsensor-frameBufferManager: request dump start
09-16 17:02:45.152  1583  2176 D libcomposer_ext: ClientImplAidl::getDispDump(), dpy 1, dst (160, 120), dump_point 1, release_fence -1
09-16 17:02:45.156   969   969 D libcomposer_ext: DeviceImplAidl::syncPerform(14), client_handle: 1
09-16 17:02:45.156   969   969 D libcomposer_ext: DeviceImplAidl::DeviceClientContextAidl::ParseGetDispDump()
09-16 17:02:45.156   969   969 D libcomposer_ext: DeviceImplAidl::ParseGetDispDump(), dpy 1, dst (160, 120), dump_point 1
09-16 17:02:45.156   969   969 I hwcomposer: [HWC] getDispDump(), dpy 1, (822,7,982,127), (160, 120), (1, 2), (-1), (-1), (0xb400006f50ca61b0)  
09-16 17:02:45.156   969   969 I hwcomposer: [DRMDEV] isSupportWbParams(), id_crtc 103, id_connector 34, dump_point 1, src(160, 120), dst(160, 120), config 2  
09-16 17:02:45.156   969   969 E hwcomposer: [DRMDEV] isSupportWbParams(), disp(1220, 2712)  
09-16 17:02:45.156   969   969 I hwcomposer: [DISP_DUMP] setDumpBuf(), dpy(0), src(822, 7, 982, 127), dst(160, 120), (1, 2), -1, (-1), (0xb400006f50ca61b0)  
09-16 17:02:45.156   969   969 I hwcomposer: [HWC] (0)fire a callback of refresh to SF[9]  
09-16 17:02:45.159   969   969 D libcomposer_ext: DeviceImplAidl::DeviceClientContextAidl::NotifyDispDumpReady()
09-16 17:02:45.160  1583  1583 D libcomposer_ext: ClientCallbackAidl::asyncPerform(15)
09-16 17:02:45.160  1583  1583 D libcomposer_ext: ClientImplAidl::ParseNotifyDispDumpReady()
09-16 17:02:45.185  1583  2177 D libsensor-parseRGB: the value of RGB [0.000000 0.000000 0.000000]
09-16 17:02:45.235  1064  1064 I BufferQueueProducer: [FramebufferSurface](this:0xb400007aa4096710,id:-1,api:1,p:1064,c:1064) queueBuffer: fps=69.54 dur=1006.67 max=18.43 min=6.29
09-16 17:02:45.269  1583  2182 I libsensor-displayalgo: the value of channelCali C:0.008018,R:0.000000,G:0.000699,B:0.002546,scales C:1.053362,R:0.940208,G:1.080438,B:1.016771
09-16 17:02:45.269  1583  2182 D libsensor-displayalgo: brightness:8191.000000,flat_mode:0.000000,R1:0.000000,G1:0.000000,B1:0.000000,R2:0.407390,G2:0.429817,B2:0.408810,R3:1.125947,G3:1.187583,B3:1.129468,R4:0.000000,G4:0.000000,B4:0.000000,EVENT C:3266.000000,R:1862.000000,G:1679.000000,B:968.000000, lux: 152.691376
09-16 17:02:45.274   993  1035 I libPerfCtl: xgfGetFPS pid:2628 fps:-1
09-16 17:02:45.275   993  1035 I libPerfCtl: xgfGetFPS pid:6607 fps:-1
09-16 17:02:45.282   979  1143 E HfLooper: sensor imu_hand_detect in hal data=1000,999,0,0,10068,81
09-16 17:02:45.361   969  1656 I android.hardware.graphics.composer@3.2-service: Sensor: notify citsensorservice to trigger cwb
09-16 17:02:45.362  1583  2176 I libsensor-frameBufferManager: request dump start
09-16 17:02:45.362  1583  2176 D libcomposer_ext: ClientImplAidl::getDispDump(), dpy 1, dst (160, 120), dump_point 1, release_fence -1
09-16 17:02:45.363   969   969 D libcomposer_ext: DeviceImplAidl::syncPerform(14), client_handle: 1
09-16 17:02:45.363   969   969 D libcomposer_ext: DeviceImplAidl::DeviceClientContextAidl::ParseGetDispDump()
09-16 17:02:45.363   969   969 D libcomposer_ext: DeviceImplAidl::ParseGetDispDump(), dpy 1, dst (160, 120), dump_point 1
09-16 17:02:45.363   969   969 I hwcomposer: [HWC] getDispDump(), dpy 1, (822,7,982,127), (160, 120), (1, 2), (-1), (-1), (0xb400006f50ca62d0)  
09-16 17:02:45.363   969   969 I hwcomposer: [DRMDEV] isSupportWbParams(), id_crtc 103, id_connector 34, dump_point 1, src(160, 120), dst(160, 120), config 2  
09-16 17:02:45.363   969   969 E hwcomposer: [DRMDEV] isSupportWbParams(), disp(1220, 2712)  
09-16 17:02:45.363   969   969 I hwcomposer: [DISP_DUMP] setDumpBuf(), dpy(0), src(822, 7, 982, 127), dst(160, 120), (1, 2), -1, (-1), (0xb400006f50ca62d0)  
09-16 17:02:45.363   969   969 I hwcomposer: [HWC] (0)fire a callback of refresh to SF[9]  
09-16 17:02:45.368   969   969 D libcomposer_ext: DeviceImplAidl::DeviceClientContextAidl::NotifyDispDumpReady()
09-16 17:02:45.369  1583  1583 D libcomposer_ext: ClientCallbackAidl::asyncPerform(15)
09-16 17:02:45.369  1583  1583 D libcomposer_ext: ClientImplAidl::ParseNotifyDispDumpReady()
09-16 17:02:45.375  2628  2628 D ArtChoreographerMonitor: invoke error.
09-16 17:02:45.378  2628  2628 D ControlCenterHeaderExpandController: onExpansionChanged: progress =  0.0
09-16 17:02:45.383  2628  2628 D ControlCenterHeaderExpandController: onExpansionChanged: progress =  0.0
09-16 17:02:45.390  1064  1064 I BufferQueueProducer: [StatusBar#106](this:0xb400007b642df2b0,id:-1,api:0,p:-1,c:1064) queueBuffer: fps=0.60 dur=1661.35 max=1661.35 min=1661.35
09-16 17:02:45.391  2628  2628 D ControlCenterHeaderExpandController: onExpansionChanged: progress =  0.0
09-16 17:02:45.395  1583  2177 D libsensor-parseRGB: the value of RGB [0.000000 0.000000 0.000000]
09-16 17:02:45.448  1064  1064 I BufferQueueProducer: [com.android.chrome/ChromeChildSurface#8442](this:0xb400007b6437ee90,id:-1,api:0,p:-1,c:1064) queueBuffer: fps=81.61 dur=1004.74 max=18.30 min=7.32
09-16 17:02:45.469  1583  2182 I libsensor-displayalgo: the value of channelCali C:0.008018,R:0.000000,G:0.000699,B:0.002546,scales C:1.053362,R:0.940208,G:1.080438,B:1.016771
09-16 17:02:45.469  1583  2182 D libsensor-displayalgo: brightness:8191.000000,flat_mode:0.000000,R1:0.000000,G1:0.000000,B1:0.000000,R2:0.407390,G2:0.429817,B2:0.408810,R3:1.125947,G3:1.187583,B3:1.129468,R4:0.000000,G4:0.000000,B4:0.000000,EVENT C:3244.000000,R:1852.000000,G:1667.000000,B:963.000000, lux: 151.541840
09-16 17:02:45.505  1808  1904 I SmartPower: com.zhiliaoapp.musically/10056(20875): idle->background(5063ms) R(broadcast start Intent { act=android.net.wifi.RSSI_CHANGED flg=0x4000010 (has extras) }) adj=905.
09-16 17:02:45.535   969   969 I hwcomposer: [HWCDisplay] [Display_0 (type:1, mode:2)] fps:87.433067,dur:1006.48,max:18.28,min:6.27  
09-16 17:02:45.558  2628  2628 D ArtChoreographerMonitor: invoke error.
09-16 17:02:45.562   969  1656 I android.hardware.graphics.composer@3.2-service: Sensor: notify citsensorservice to trigger cwb
09-16 17:02:45.562  1583  2176 I libsensor-frameBufferManager: request dump start
09-16 17:02:45.563  1583  2176 D libcomposer_ext: ClientImplAidl::getDispDump(), dpy 1, dst (160, 120), dump_point 1, release_fence -1
09-16 17:02:45.564   969   969 D libcomposer_ext: DeviceImplAidl::syncPerform(14), client_handle: 1
09-16 17:02:45.564   969   969 D libcomposer_ext: DeviceImplAidl::DeviceClientContextAidl::ParseGetDispDump()
09-16 17:02:45.564   969   969 D libcomposer_ext: DeviceImplAidl::ParseGetDispDump(), dpy 1, dst (160, 120), dump_point 1
09-16 17:02:45.564   969   969 I hwcomposer: [HWC] getDispDump(), dpy 1, (822,7,982,127), (160, 120), (1, 2), (-1), (-1), (0xb400006f50ca3030)  
09-16 17:02:45.564   969   969 I hwcomposer: [DRMDEV] isSupportWbParams(), id_crtc 103, id_connector 34, dump_point 1, src(160, 120), dst(160, 120), config 2  
09-16 17:02:45.564   969   969 E hwcomposer: [DRMDEV] isSupportWbParams(), disp(1220, 2712)  
09-16 17:02:45.565   969   969 I hwcomposer: [DISP_DUMP] setDumpBuf(), dpy(0), src(822, 7, 982, 127), dst(160, 120), (1, 2), -1, (-1), (0xb400006f50ca3030)  
09-16 17:02:45.565   969   969 I hwcomposer: [HWC] (0)fire a callback of refresh to SF[9]  
09-16 17:02:45.568   969   969 D libcomposer_ext: DeviceImplAidl::DeviceClientContextAidl::NotifyDispDumpReady()
09-16 17:02:45.569  1583  1583 D libcomposer_ext: ClientCallbackAidl::asyncPerform(15)
09-16 17:02:45.569  1583  1583 D libcomposer_ext: ClientImplAidl::ParseNotifyDispDumpReady()
09-16 17:02:45.594  1583  2177 D libsensor-parseRGB: the value of RGB [74.450814 76.034523 75.653567]
09-16 17:02:45.668  1583  2182 I libsensor-displayalgo: the value of channelCali C:5336.045606,R:2869.515314,G:2201.741051,B:1023.831838,scales C:1.053362,R:0.940208,G:1.080438,B:1.016771
09-16 17:02:45.669  1583  2182 D libsensor-displayalgo: brightness:8191.000000,flat_mode:0.000000,R1:13125.407461,G1:13747.502646,B1:13596.424148,R2:14254.020689,G2:14878.967315,B2:14760.729105,R3:10660.255219,G3:11229.331766,B3:11055.048842,R4:13062.343833,G4:13636.887652,B4:13521.946516,EVENT C:8500.000000,R:4544.000000,G:3880.000000,B:1998.000000, lux: 153.870087
09-16 17:02:45.689   979  1143 E HfLooper: sensor imu_hand_detect in hal data=1000,999,0,0,10075,82
09-16 17:02:45.767   969  1656 I android.hardware.graphics.composer@3.2-service: Sensor: notify citsensorservice to trigger cwb
09-16 17:02:45.768  1583  2176 I libsensor-frameBufferManager: request dump start
09-16 17:02:45.768  1583  2176 D libcomposer_ext: ClientImplAidl::getDispDump(), dpy 1, dst (160, 120), dump_point 1, release_fence -1
09-16 17:02:45.769   969   969 D libcomposer_ext: DeviceImplAidl::syncPerform(14), client_handle: 1
09-16 17:02:45.769   969   969 D libcomposer_ext: DeviceImplAidl::DeviceClientContextAidl::ParseGetDispDump()
09-16 17:02:45.769   969   969 D libcomposer_ext: DeviceImplAidl::ParseGetDispDump(), dpy 1, dst (160, 120), dump_point 1
09-16 17:02:45.769   969   969 I hwcomposer: [HWC] getDispDump(), dpy 1, (822,7,982,127), (160, 120), (1, 2), (-1), (-1), (0xb400006f50ca61b0)  
09-16 17:02:45.769   969   969 I hwcomposer: [DRMDEV] isSupportWbParams(), id_crtc 103, id_connector 34, dump_point 1, src(160, 120), dst(160, 120), config 2  
09-16 17:02:45.769   969   969 E hwcomposer: [DRMDEV] isSupportWbParams(), disp(1220, 2712)  
09-16 17:02:45.769   969   969 I hwcomposer: [DISP_DUMP] setDumpBuf(), dpy(0), src(822, 7, 982, 127), dst(160, 120), (1, 2), -1, (-1), (0xb400006f50ca61b0)  
09-16 17:02:45.769   969   969 I hwcomposer: [HWC] (0)fire a callback of refresh to SF[9]  
09-16 17:02:45.775   969   969 D libcomposer_ext: DeviceImplAidl::DeviceClientContextAidl::NotifyDispDumpReady()
09-16 17:02:45.776  1583  1583 D libcomposer_ext: ClientCallbackAidl::asyncPerform(15)
09-16 17:02:45.776  1583  1583 D libcomposer_ext: ClientImplAidl::ParseNotifyDispDumpReady()
09-16 17:02:45.805  1583  2177 D libsensor-parseRGB: the value of RGB [74.450814 76.034523 75.653567]
09-16 17:02:45.870  1583  2182 I libsensor-displayalgo: the value of channelCali C:5336.045606,R:2869.515314,G:2201.741051,B:1023.831838,scales C:1.053362,R:0.940208,G:1.080438,B:1.016771
09-16 17:02:45.871  1583  2182 D libsensor-displayalgo: brightness:8191.000000,flat_mode:0.000000,R1:13125.407461,G1:13747.502646,B1:13596.424148,R2:14254.020689,G2:14878.967315,B2:14760.729105,R3:10660.255219,G3:11229.331766,B3:11055.048842,R4:13062.343833,G4:13636.887652,B4:13521.946516,EVENT C:8461.000000,R:4525.000000,G:3864.000000,B:1986.000000, lux: 151.622986
09-16 17:02:45.961  3644  6329 I GmscoreIpa: Starting mediastore instant index [CONTEXT service_id=255 ]
09-16 17:02:45.963  1808  3084 I ClipboardServiceI: checkProviderWakePathForClipboard: com.google.android.gmsis not a activePermissionOwner
09-16 17:02:45.974   969  1656 I android.hardware.graphics.composer@3.2-service: Sensor: notify citsensorservice to trigger cwb
09-16 17:02:45.974  1583  2176 I libsensor-frameBufferManager: request dump start
09-16 17:02:45.974  1583  2176 D libcomposer_ext: ClientImplAidl::getDispDump(), dpy 1, dst (160, 120), dump_point 1, release_fence -1
09-16 17:02:45.974   969   969 D libcomposer_ext: DeviceImplAidl::syncPerform(14), client_handle: 1
09-16 17:02:45.974   969   969 D libcomposer_ext: DeviceImplAidl::DeviceClientContextAidl::ParseGetDispDump()
09-16 17:02:45.974   969   969 D libcomposer_ext: DeviceImplAidl::ParseGetDispDump(), dpy 1, dst (160, 120), dump_point 1
09-16 17:02:45.974   969   969 I hwcomposer: [HWC] getDispDump(), dpy 1, (822,7,982,127), (160, 120), (1, 2), (-1), (-1), (0xb400006f50ca62d0)  
09-16 17:02:45.975   969   969 I hwcomposer: [DRMDEV] isSupportWbParams(), id_crtc 103, id_connector 34, dump_point 1, src(160, 120), dst(160, 120), config 2  
09-16 17:02:45.975   969   969 E hwcomposer: [DRMDEV] isSupportWbParams(), disp(1220, 2712)  
09-16 17:02:45.975   969   969 I hwcomposer: [DISP_DUMP] setDumpBuf(), dpy(0), src(822, 7, 982, 127), dst(160, 120), (1, 2), -1, (-1), (0xb400006f50ca62d0)  
09-16 17:02:45.975   969   969 I hwcomposer: [HWC] (0)fire a callback of refresh to SF[9]  
09-16 17:02:45.982   969   969 D libcomposer_ext: DeviceImplAidl::DeviceClientContextAidl::NotifyDispDumpReady()
09-16 17:02:45.983  1583  1583 D libcomposer_ext: ClientCallbackAidl::asyncPerform(15)
09-16 17:02:45.983  1583  1583 D libcomposer_ext: ClientImplAidl::ParseNotifyDispDumpReady()
09-16 17:02:46.008  1583  2177 D libsensor-parseRGB: the value of RGB [74.450814 76.034523 75.653567]
09-16 17:02:46.071  1583  2182 I libsensor-displayalgo: the value of channelCali C:5336.045606,R:2869.515314,G:2201.741051,B:1023.831838,scales C:1.053362,R:0.940208,G:1.080438,B:1.016771
09-16 17:02:46.072  1583  2182 D libsensor-displayalgo: brightness:8191.000000,flat_mode:0.000000,R1:13125.407461,G1:13747.502646,B1:13596.424148,R2:14254.020689,G2:14878.967315,B2:14760.729105,R3:10660.255219,G3:11229.331766,B3:11055.048842,R4:13062.343833,G4:13636.887652,B4:13521.946516,EVENT C:8425.000000,R:4504.000000,G:3845.000000,B:1975.000000, lux: 149.991898
09-16 17:02:46.089   979  1143 E HfLooper: sensor imu_hand_detect in hal data=1000,999,0,0,10079,81
09-16 17:02:46.101  1808  2160 I MIUIInput: [MotionEvent] notifyMotion - eventTime=19089368423000, deviceId=6, source=0x1002, policyFlags=0x0, action=0x0, flags=0x0, downTime=19089368423000
09-16 17:02:46.102  1132  1132 I touch_boost: enable=1, boost_up=0, boost_down=1, render_deboost=0, active_time=100, duration=50, idleprefer(TA,FG)=(1,1), util(TA,FG)=(1,1), freq(c0,c1,c2)=(1100000,1400000,400000)
09-16 17:02:46.102  1132  1132 I mtkpower_client: perf_lock_acq, hdl:0, dur:50, num:14, pid:1132, tid:1132
09-16 17:02:46.102  1808  2159 I MIUIInput: [MotionEvent] publisher action=0x0, deviceId=6, 19089368, channel 'ddf670e com.android.vending/com.google.android.finsky.billing.acquire.LockToPortraitUiBuilderHostActivity (server)'
09-16 17:02:46.102  1808  2159 I MIUIInput: [MotionEvent] publisher action=0x0, deviceId=6, 19089368, channel '[Gesture Monitor] miui-touch-fod (server)'
09-16 17:02:46.102  1808  2159 I MIUIInput: [MotionEvent] publisher action=0x0, deviceId=6, 19089368, channel '[Gesture Monitor] miui-gesture (server)'
09-16 17:02:46.103  6607  6607 I MIUIInput: [MotionEvent] ViewRootImpl windowName 'com.android.vending/com.google.android.finsky.billing.acquire.LockToPortraitUiBuilderHostActivity', { action=ACTION_DOWN, id[0]=0, pointerCount=1, eventTime=19089368, downTime=19089368, phoneEventTime=17:02:46.100 } moveCount:0
09-16 17:02:46.103  1001  1098 I libPowerHal: [perfLockAcq] idx:0 hdl:12131 hint:25 pid:1001 tid:1001 duration:10000 lock_user:vendor.mediatek => ret_hdl:12131
09-16 17:02:46.103  1132  1132 I mtkpower_client: IMtkPowerService_isDeclared 1
09-16 17:02:46.105  1808  2286 I ProcessManager: getRenderThreadTidByPid, caller=1808
09-16 17:02:46.105  1132  1132 I mtkpower_client: ret_hdl:12132
09-16 17:02:46.107  1001  1098 I libPowerHal: [perfLockAcq] idx:1 hdl:12132 hint:-1 pid:1132 tid:1132 duration:50 lock_user:touch_boost => ret_hdl:12132
09-16 17:02:46.107  1001  1098 I libPowerHal: [setClusterFreq] touch_boost set cpufreq[0] min:1100000 max:-1 cpufreq[1] min:1400000 max:-1 cpufreq[2] min:400000 max:-1 
09-16 17:02:46.107  1001  1098 I libPowerHal: [setClusterFreq]  set cpu_ctrl cpufreq: 1100000 -1 1400000 -1 -1 -1 
09-16 17:02:46.107  1001  1098 I libPowerHal: [PE] touch_boost update cmd:1404100, param:1
09-16 17:02:46.107  1001  1098 I libPowerHal: [PE] touch_boost update cmd:1404300, param:1
09-16 17:02:46.110  1001  1098 I libPowerHal: [PE] touch_boost update cmd:1408100, param:1
09-16 17:02:46.110  1001  1098 I libPowerHal: [PE] touch_boost update cmd:1408300, param:1
09-16 17:02:46.135  1808  1882 D PerfMTKStubImpl: perfLockAcquire
09-16 17:02:46.135  1808  1882 I mtkpower_client: perf_lock_acq, hdl:12112, dur:2000, num:6, pid:1808, tid:1882
09-16 17:02:46.136  1808  2286 I ProcessManager: getRenderThreadTidByPid, caller=1808
09-16 17:02:46.139  1808  1882 I mtkpower_client: ret_hdl:12133
09-16 17:02:46.139  1001  1098 I libPowerHal: [perfLockAcq] idx:8 hdl:12133 hint:-1 pid:1808 tid:1882 duration:2000 lock_user:system_server => ret_hdl:12133
09-16 17:02:46.139  1001  1098 I libPowerHal: [setClusterFreq] system_server set cpufreq[0] min:1000000 max:-1 cpufreq[1] min:1000000 max:-1 cpufreq[2] min:1000000 max:-1 
09-16 17:02:46.139  1001  1098 I libPowerHal: [setClusterFreq]  set cpu_ctrl cpufreq: 1100000 -1 1400000 -1 1000000 -1 
09-16 17:02:46.152  1132  1132 I touch_boost: enable=0, boost_up=0, boost_down=1, render_deboost=0, active_time=100, duration=50, idleprefer(TA,FG)=(1,1), util(TA,FG)=(1,1), freq(c0,c1,c2)=(1100000,1400000,400000)
09-16 17:02:46.152  1132  1132 I mtkpower_client: perf_lock_rel, hdl:12132, tid:1132
09-16 17:02:46.153  1132  1132 I mtkpower_client: IMtkPowerService_isDeclared 1
09-16 17:02:46.154  1001  1098 I libPowerHal: [perfLockRel] hdl:12132, idx:1
09-16 17:02:46.155  1001  1098 I libPowerHal: [setClusterFreq]  set cpu_ctrl cpufreq: 1000000 -1 1000000 -1 1000000 -1 
09-16 17:02:46.155  1001  1098 I libPowerHal: [PD] touch_boost update cmd:1404100 param:0
09-16 17:02:46.156  1001  1098 I libPowerHal: [PD] touch_boost update cmd:1404300 param:0
09-16 17:02:46.156  1001  1098 I libPowerHal: [PD] touch_boost update cmd:1408100 param:0
09-16 17:02:46.160  1001  1098 I libPowerHal: [PD] touch_boost update cmd:1408300 param:0
09-16 17:02:46.162  1064  1064 I BufferQueueProducer: [com.android.vending/com.google.android.finsky.billing.acquire.LockToPortraitUiBuilderHostActivity#8504](this:0xb400007b6431dad0,id:-1,api:0,p:-1,c:1064) queueBuffer: fps=49.35 dur=1053.71 max=630.71 min=7.57
09-16 17:02:46.165  1001  1098 I libPowerHal: [perfLockAcq] idx:1 hdl:12134 hint:49 pid:1001 tid:1001 duration:3000 lock_user:vendor.mediatek => ret_hdl:12134
09-16 17:02:46.165  1001  1098 I libPowerHal: [PE] MTKPOWER_HINT_UX_SCROLLING_COMMON update cmd:1404300, param:1
09-16 17:02:46.165  1001  1098 I libPowerHal: [PE] MTKPOWER_HINT_UX_SCROLLING_COMMON update cmd:1438400, param:0
09-16 17:02:46.165  1001  1098 I libPowerHal: [PE] MTKPOWER_HINT_UX_SCROLLING_COMMON update cmd:1438500, param:0
09-16 17:02:46.165  1001  1098 I libPowerHal: [PE] MTKPOWER_HINT_UX_SCROLLING_COMMON update cmd:1438700, param:0
09-16 17:02:46.165  1001  1098 I libPowerHal: [PE] MTKPOWER_HINT_UX_SCROLLING_COMMON update cmd:1438800, param:0
09-16 17:02:46.165  1001  1098 I libPowerHal: [set_sched_ta_mask] 240 (0xf0)
09-16 17:02:46.166  1001  1098 I libPowerHal: [PE] MTKPOWER_HINT_UX_SCROLLING_COMMON update ONESHOT(set) cmd:1448000 param:240
09-16 17:02:46.178  1808  3084 I mtkpower_client: perf_lock_acq, hdl:12090, dur:3000, num:2, pid:1808, tid:3084
09-16 17:02:46.181  1808  3084 I mtkpower_client: ret_hdl:12135
09-16 17:02:46.181  1808  2032 I mtkpower_client: perf_lock_rel, hdl:12135, tid:2032
09-16 17:02:46.181   969  1656 I android.hardware.graphics.composer@3.2-service: Sensor: notify citsensorservice to trigger cwb
09-16 17:02:46.182  1583  2176 I libsensor-frameBufferManager: request dump start
09-16 17:02:46.182  1583  2176 D libcomposer_ext: ClientImplAidl::getDispDump(), dpy 1, dst (160, 120), dump_point 1, release_fence -1
09-16 17:02:46.182  1001  1098 I libPowerHal: [perfLockAcq] idx:10 hdl:12135 hint:-1 pid:1808 tid:3084 duration:3000 lock_user:system_server => ret_hdl:12135
09-16 17:02:46.182  1001  1098 I libPowerHal: [PE] system_server update cmd:3408500, param:0
09-16 17:02:46.182  1001  1098 I libPowerHal: [PE] system_server update cmd:3408500, param:0
09-16 17:02:46.182  1001  1098 I libPowerHal: [PE] system_server update cmd:3408500, param:0
09-16 17:02:46.182  1001  1098 I libPowerHal: [touch_boost_enabled] value:0
09-16 17:02:46.182  1001  1098 I libPowerHal: [PE] system_server update cmd:3408500 param:0
09-16 17:02:46.182   969   969 D libcomposer_ext: DeviceImplAidl::syncPerform(14), client_handle: 1
09-16 17:02:46.182  1001  1072 I libPowerHal: [force_stop_touch_boost] force stop touch boost,
09-16 17:02:46.182   969   969 D libcomposer_ext: DeviceImplAidl::DeviceClientContextAidl::ParseGetDispDump()
09-16 17:02:46.182   969   969 D libcomposer_ext: DeviceImplAidl::ParseGetDispDump(), dpy 1, dst (160, 120), dump_point 1
09-16 17:02:46.182   969   969 I hwcomposer: [HWC] getDispDump(), dpy 1, (822,7,982,127), (160, 120), (1, 2), (-1), (-1), (0xb400006f50ca3030)  
09-16 17:02:46.182   969   969 I hwcomposer: [DRMDEV] isSupportWbParams(), id_crtc 103, id_connector 34, dump_point 1, src(160, 120), dst(160, 120), config 2  
09-16 17:02:46.182   969   969 E hwcomposer: [DRMDEV] isSupportWbParams(), disp(1220, 2712)  
09-16 17:02:46.182   969   969 I hwcomposer: [DISP_DUMP] setDumpBuf(), dpy(0), src(822, 7, 982, 127), dst(160, 120), (1, 2), -1, (-1), (0xb400006f50ca3030)  
09-16 17:02:46.183   969   969 I hwcomposer: [HWC] (0)fire a callback of refresh to SF[9]  
09-16 17:02:46.183  1132  1132 I touch_boost: enable=0, boost_up=0, boost_down=0, render_deboost=0, active_time=100, duration=50, idleprefer(TA,FG)=(1,1), util(TA,FG)=(1,1), freq(c0,c1,c2)=(1100000,1400000,400000)
09-16 17:02:46.184  1001  1098 I libPowerHal: [perfLockRel] hdl:12135, idx:10
09-16 17:02:46.184  1001  1098 I libPowerHal: [PD] system_server update cmd:3408500 param:1
09-16 17:02:46.184  1001  1098 I libPowerHal: [PD] system_server update cmd:3408500 param:0
09-16 17:02:46.184  1001  1098 I libPowerHal: [PD] system_server update cmd:3408500 param:1
09-16 17:02:46.185  1001  1098 I libPowerHal: [touch_boost_enabled] value:-1
09-16 17:02:46.185  1001  1098 I libPowerHal: [PD] system_server update cmd:3408500 param:-1
09-16 17:02:46.189   969   969 D libcomposer_ext: DeviceImplAidl::DeviceClientContextAidl::NotifyDispDumpReady()
09-16 17:02:46.190  1583  1583 D libcomposer_ext: ClientCallbackAidl::asyncPerform(15)
09-16 17:02:46.190  1583  1583 D libcomposer_ext: ClientImplAidl::ParseNotifyDispDumpReady()
09-16 17:02:46.214  1583  2177 D libsensor-parseRGB: the value of RGB [74.450814 76.034523 75.653567]
09-16 17:02:46.239  1064  1064 I BufferQueueProducer: [FramebufferSurface](this:0xb400007aa4096710,id:-1,api:1,p:1064,c:1064) queueBuffer: fps=120.53 dur=1003.86 max=9.58 min=6.23
09-16 17:02:46.270  1583  2182 I libsensor-displayalgo: the value of channelCali C:5336.045606,R:2869.515314,G:2201.741051,B:1023.831838,scales C:1.053362,R:0.940208,G:1.080438,B:1.016771
09-16 17:02:46.270  1583  2182 D libsensor-displayalgo: brightness:8191.000000,flat_mode:0.000000,R1:13125.407461,G1:13747.502646,B1:13596.424148,R2:14254.020689,G2:14878.967315,B2:14760.729105,R3:10660.255219,G3:11229.331766,B3:11055.048842,R4:13062.343833,G4:13636.887652,B4:13521.946516,EVENT C:8419.000000,R:4502.000000,G:3841.000000,B:1973.000000, lux: 149.664627
09-16 17:02:46.274   993  1035 I libPerfCtl: xgfGetFPS pid:2628 fps:-1
09-16 17:02:46.274   993  1035 I libPerfCtl: xgfGetFPS pid:6607 fps:-1
09-16 17:02:46.275  1808  2160 I MIUIInput: [MotionEvent] notifyMotion - eventTime=19089542028000, deviceId=6, source=0x1002, policyFlags=0x0, action=0x1, flags=0x0, downTime=19089368423000
09-16 17:02:46.275  1001  1098 I libPowerHal: [perfLockRel] hdl:12131, idx:0
09-16 17:02:46.275  1808  2159 I MIUIInput: [MotionEvent] publisher action=0x1, deviceId=6, 19089542, channel 'ddf670e com.android.vending/com.google.android.finsky.billing.acquire.LockToPortraitUiBuilderHostActivity (server)'
09-16 17:02:46.275  1808  2159 I MIUIInput: [MotionEvent] publisher action=0x1, deviceId=6, 19089542, channel '[Gesture Monitor] miui-touch-fod (server)'
09-16 17:02:46.276  1808  2159 I MIUIInput: [MotionEvent] publisher action=0x1, deviceId=6, 19089542, channel '[Gesture Monitor] miui-gesture (server)'
09-16 17:02:46.276  1808  1882 D PerfMTKStubImpl: perfLockRelease
09-16 17:02:46.276  6607  6607 I MIUIInput: [MotionEvent] ViewRootImpl windowName 'com.android.vending/com.google.android.finsky.billing.acquire.LockToPortraitUiBuilderHostActivity', { action=ACTION_UP, id[0]=0, pointerCount=1, eventTime=19089542, downTime=19089368, phoneEventTime=17:02:46.275 } moveCount:19
09-16 17:02:46.276  1808  1882 I mtkpower_client: perf_lock_rel, hdl:12091, tid:1882
09-16 17:02:46.276  6607  6607 I ScrollIdentify: on fling
09-16 17:02:46.277  1808  1882 D PerfMTKStubImpl: perfLockAcquire
09-16 17:02:46.277  1808  1882 I mtkpower_client: perf_lock_acq, hdl:12091, dur:1158, num:6, pid:1808, tid:1882
09-16 17:02:46.277  1001  1098 I libPowerHal: [perfLockRel] hdl:12091, idx:-1
09-16 17:02:46.278  1808  1882 I mtkpower_client: ret_hdl:12136
09-16 17:02:46.278  1808  1882 D PerfMTKStubImpl: mtkPowerHint
09-16 17:02:46.278  1808  1882 E MTKBoostFramework: mtkPowerHint java.lang.NullPointerException: Attempt to invoke virtual method 'int java.lang.Integer.intValue()' on a null object reference
09-16 17:02:46.278  1808  1882 D PerfMTKStubImpl: perfLockRelease
09-16 17:02:46.278  1808  1882 I mtkpower_client: perf_lock_rel, hdl:12133, tid:1882
09-16 17:02:46.279  1001  1098 I libPowerHal: [perfLockAcq] idx:0 hdl:12136 hint:-1 pid:1808 tid:1882 duration:1158 lock_user:system_server => ret_hdl:12136
09-16 17:02:46.279  1001  1098 I libPowerHal: [setClusterFreq] system_server set cpufreq[0] min:1000000 max:-1 cpufreq[1] min:1000000 max:-1 cpufreq[2] min:1000000 max:-1 
09-16 17:02:46.280  1001  1098 I libPowerHal: [perfLockAcq] idx:10 hdl:12137 hint:49 pid:1001 tid:1001 duration:3000 lock_user:vendor.mediatek => ret_hdl:12137
09-16 17:02:46.280  1001  1098 I libPowerHal: [set_sched_ta_mask] 240 (0xf0)
09-16 17:02:46.280  1001  1098 I libPowerHal: [PE] MTKPOWER_HINT_UX_SCROLLING_COMMON update ONESHOT(set) cmd:1448000 param:240
09-16 17:02:46.281  1001  1098 I libPowerHal: [perfLockRel] hdl:12134, idx:1
09-16 17:02:46.281  1001  1098 I libPowerHal: [set_sched_ta_mask] 240 (0xf0)
09-16 17:02:46.281  1001  1098 I libPowerHal: [PD] MTKPOWER_HINT_UX_SCROLLING_COMMON update ONESHOT(unset) cmd:1448000 param:240
09-16 17:02:46.283  1001  1098 I libPowerHal: [perfLockRel] hdl:12133, idx:8
09-16 17:02:46.284  1001  1098 I libPowerHal: [perfLockAcq] idx:1 hdl:12138 hint:900 pid:1001 tid:1001 duration:1308 lock_user:vendor.mediatek => ret_hdl:12138
09-16 17:02:46.284   993  1010 I MTK_APPList: [getForegroundAPPInfo]  com.android.vending/com.google.android.finsky.billing.acquire.LockToPortraitUiBuilderHostActivity (pid=6607)
09-16 17:02:46.284   993  1010 I vendor.mediatek.hardware.mtkpower_applist-service.mediatek: MIUI ADDpackName: com.android.vending actName: com.google.android.finsky.billing.acquire.LockToPortraitUiBuilderHostActivity
09-16 17:02:46.284   993  1010 I vendor.mediatek.hardware.mtkpower_applist-service.mediatek: powerhal get success
09-16 17:02:46.285  1001  1098 I libPowerHal: [perfLockRel] hdl:12093, idx:-1
09-16 17:02:46.389   969  1656 I android.hardware.graphics.composer@3.2-service: Sensor: notify citsensorservice to trigger cwb
09-16 17:02:46.390  1583  2176 I libsensor-frameBufferManager: request dump start
09-16 17:02:46.390  1583  2176 D libcomposer_ext: ClientImplAidl::getDispDump(), dpy 1, dst (160, 120), dump_point 1, release_fence -1
09-16 17:02:46.391   969   969 D libcomposer_ext: DeviceImplAidl::syncPerform(14), client_handle: 1
09-16 17:02:46.391   969   969 D libcomposer_ext: DeviceImplAidl::DeviceClientContextAidl::ParseGetDispDump()
09-16 17:02:46.391   969   969 D libcomposer_ext: DeviceImplAidl::ParseGetDispDump(), dpy 1, dst (160, 120), dump_point 1
09-16 17:02:46.391   969   969 I hwcomposer: [HWC] getDispDump(), dpy 1, (822,7,982,127), (160, 120), (1, 2), (-1), (-1), (0xb400006f50ca61b0)  
09-16 17:02:46.391   969   969 I hwcomposer: [DRMDEV] isSupportWbParams(), id_crtc 103, id_connector 34, dump_point 1, src(160, 120), dst(160, 120), config 2  
09-16 17:02:46.391   969   969 E hwcomposer: [DRMDEV] isSupportWbParams(), disp(1220, 2712)  
09-16 17:02:46.391   969   969 I hwcomposer: [DISP_DUMP] setDumpBuf(), dpy(0), src(822, 7, 982, 127), dst(160, 120), (1, 2), -1, (-1), (0xb400006f50ca61b0)  
09-16 17:02:46.391   969   969 I hwcomposer: [HWC] (0)fire a callback of refresh to SF[9]  
09-16 17:02:46.397   969   969 D libcomposer_ext: DeviceImplAidl::DeviceClientContextAidl::NotifyDispDumpReady()
09-16 17:02:46.397  1583  1583 D libcomposer_ext: ClientCallbackAidl::asyncPerform(15)
09-16 17:02:46.397  1583  1583 D libcomposer_ext: ClientImplAidl::ParseNotifyDispDumpReady()
09-16 17:02:46.423  1583  2177 D libsensor-parseRGB: the value of RGB [74.450814 76.034523 75.653567]
09-16 17:02:46.453  1064  1064 I BufferQueueProducer: [com.android.chrome/ChromeChildSurface#8442](this:0xb400007b6437ee90,id:-1,api:0,p:-1,c:1064) queueBuffer: fps=120.47 dur=1004.36 max=8.84 min=7.64
09-16 17:02:46.469  1583  2182 I libsensor-displayalgo: the value of channelCali C:5336.045606,R:2869.515314,G:2201.741051,B:1023.831838,scales C:1.053362,R:0.940208,G:1.080438,B:1.016771
09-16 17:02:46.469  1583  2182 D libsensor-displayalgo: brightness:8191.000000,flat_mode:0.000000,R1:13125.407461,G1:13747.502646,B1:13596.424148,R2:14254.020689,G2:14878.967315,B2:14760.729105,R3:10660.255219,G3:11229.331766,B3:11055.048842,R4:13062.343833,G4:13636.887652,B4:13521.946516,EVENT C:8370.000000,R:4478.000000,G:3816.000000,B:1962.000000, lux: 147.128174
09-16 17:02:46.479   979  1143 E HfLooper: sensor imu_hand_detect in hal data=1000,999,0,0,10074,60
09-16 17:02:46.538   969   969 I hwcomposer: [HWCDisplay] [Display_0 (type:1, mode:2)] fps:120.647888,dur:1002.92,max:9.63,min:6.23  
09-16 17:02:46.570  1808  2063 E JobScheduler.Background: Couldn't determine stopped state for unknown package: com.google.android.apps.turbo
09-16 17:02:46.570  1808  2063 E JobScheduler.Background: Couldn't determine stopped state for unknown package: com.google.android.apps.turbo
09-16 17:02:46.570  1808  2063 E JobScheduler.Background: Couldn't determine stopped state for unknown package: com.google.android.apps.turbo
09-16 17:02:46.597   969  1656 I android.hardware.graphics.composer@3.2-service: Sensor: notify citsensorservice to trigger cwb
09-16 17:02:46.597  1583  2176 I libsensor-frameBufferManager: request dump start
09-16 17:02:46.597  1583  2176 D libcomposer_ext: ClientImplAidl::getDispDump(), dpy 1, dst (160, 120), dump_point 1, release_fence -1
09-16 17:02:46.598   969   969 D libcomposer_ext: DeviceImplAidl::syncPerform(14), client_handle: 1
09-16 17:02:46.598   969   969 D libcomposer_ext: DeviceImplAidl::DeviceClientContextAidl::ParseGetDispDump()
09-16 17:02:46.598   969   969 D libcomposer_ext: DeviceImplAidl::ParseGetDispDump(), dpy 1, dst (160, 120), dump_point 1
09-16 17:02:46.598   969   969 I hwcomposer: [HWC] getDispDump(), dpy 1, (822,7,982,127), (160, 120), (1, 2), (-1), (-1), (0xb400006f50ca62d0)  
09-16 17:02:46.598   969   969 I hwcomposer: [DRMDEV] isSupportWbParams(), id_crtc 103, id_connector 34, dump_point 1, src(160, 120), dst(160, 120), config 2  
09-16 17:02:46.598   969   969 E hwcomposer: [DRMDEV] isSupportWbParams(), disp(1220, 2712)  
09-16 17:02:46.598   969   969 I hwcomposer: [DISP_DUMP] setDumpBuf(), dpy(0), src(822, 7, 982, 127), dst(160, 120), (1, 2), -1, (-1), (0xb400006f50ca62d0)  
09-16 17:02:46.598   969   969 I hwcomposer: [HWC] (0)fire a callback of refresh to SF[9]  
09-16 17:02:46.605   969   969 D libcomposer_ext: DeviceImplAidl::DeviceClientContextAidl::NotifyDispDumpReady()
09-16 17:02:46.605  1583  1583 D libcomposer_ext: ClientCallbackAidl::asyncPerform(15)
09-16 17:02:46.605  1583  1583 D libcomposer_ext: ClientImplAidl::ParseNotifyDispDumpReady()
09-16 17:02:46.626 14000  4243 W HttpCallTransport: Fail read Http response and forward to Cello
09-16 17:02:46.628 14000 14065 E Cello   : [14065:NonCelloThread] drive_v2_cloud_store.cc:6695:DumpToLog Request 0xb400006eda45b8b0: 0 transport: drive::ds::Status::UNAVAILABLE_WHILE_OFFLINE reader: drive::ds::Status::SUCCESS url: https://play.googleapis.com/log
09-16 17:02:46.628 14000 14065 E Cello   : [14065:NonCelloThread] drive_v2_cloud_store.cc:6695:DumpToLog req.hdr 0xb400006eda45b8b0: Content-Type=
09-16 17:02:46.628 14000 14065 E Cello   : [14065:NonCelloThread] drive_v2_cloud_store.cc:6695:DumpToLog Response body 0xb400006eda45b8b0: (no response body)
09-16 17:02:46.628 14000 14069 E Cello   : [14069:MetricsTransportThread-CELLO] metrics_transport.cc:242:SendRequest Request failed: drive::ds::Status::UNAVAILABLE_WHILE_OFFLINE
09-16 17:02:46.628 14000 14069 I Cello   : [14069:MetricsTransportThread-CELLO] metrics_transport.cc:471:ProcessRequestsOnBackgroundThread Metrics failed to send, drive::ds::Status::UNAVAILABLE_WHILE_OFFLINE
09-16 17:02:46.630  1583  2177 D libsensor-parseRGB: the value of RGB [74.450814 76.034523 75.653567]
09-16 17:02:46.667  1583  2182 I libsensor-displayalgo: the value of channelCali C:5336.045606,R:2869.515314,G:2201.741051,B:1023.831838,scales C:1.053362,R:0.940208,G:1.080438,B:1.016771
09-16 17:02:46.668  1583  2182 D libsensor-displayalgo: brightness:8191.000000,flat_mode:0.000000,R1:13125.407461,G1:13747.502646,B1:13596.424148,R2:14254.020689,G2:14878.967315,B2:14760.729105,R3:10660.255219,G3:11229.331766,B3:11055.048842,R4:13062.343833,G4:13636.887652,B4:13521.946516,EVENT C:8362.000000,R:4475.000000,G:3817.000000,B:1961.000000, lux: 146.397568
09-16 17:02:46.804   969  1656 I android.hardware.graphics.composer@3.2-service: Sensor: notify citsensorservice to trigger cwb
09-16 17:02:46.804  1583  2176 I libsensor-frameBufferManager: request dump start
09-16 17:02:46.804  1583  2176 D libcomposer_ext: ClientImplAidl::getDispDump(), dpy 1, dst (160, 120), dump_point 1, release_fence -1
09-16 17:02:46.805   969   969 D libcomposer_ext: DeviceImplAidl::syncPerform(14), client_handle: 1
09-16 17:02:46.805   969   969 D libcomposer_ext: DeviceImplAidl::DeviceClientContextAidl::ParseGetDispDump()
09-16 17:02:46.805   969   969 D libcomposer_ext: DeviceImplAidl::ParseGetDispDump(), dpy 1, dst (160, 120), dump_point 1
09-16 17:02:46.805   969   969 I hwcomposer: [HWC] getDispDump(), dpy 1, (822,7,982,127), (160, 120), (1, 2), (-1), (-1), (0xb400006f50ca3030)  
09-16 17:02:46.805   969   969 I hwcomposer: [DRMDEV] isSupportWbParams(), id_crtc 103, id_connector 34, dump_point 1, src(160, 120), dst(160, 120), config 2  
09-16 17:02:46.805   969   969 E hwcomposer: [DRMDEV] isSupportWbParams(), disp(1220, 2712)  
09-16 17:02:46.805   969   969 I hwcomposer: [DISP_DUMP] setDumpBuf(), dpy(0), src(822, 7, 982, 127), dst(160, 120), (1, 2), -1, (-1), (0xb400006f50ca3030)  
09-16 17:02:46.805   969   969 I hwcomposer: [HWC] (0)fire a callback of refresh to SF[9]  
09-16 17:02:46.810  1808  1808 E AmlWifiScoreReportInjector: current network is in roaming environment
09-16 17:02:46.810  1808  1808 I AmlMiuiThirdPartScorer: same score, no send
09-16 17:02:46.812   969   969 D libcomposer_ext: DeviceImplAidl::DeviceClientContextAidl::NotifyDispDumpReady()
09-16 17:02:46.812  1583  1583 D libcomposer_ext: ClientCallbackAidl::asyncPerform(15)
09-16 17:02:46.812  1583  1583 D libcomposer_ext: ClientImplAidl::ParseNotifyDispDumpReady()
09-16 17:02:46.838  1583  2177 D libsensor-parseRGB: the value of RGB [74.450814 76.034523 75.653567]
09-16 17:02:46.868  1583  2182 I libsensor-displayalgo: the value of channelCali C:5336.045606,R:2869.515314,G:2201.741051,B:1023.831838,scales C:1.053362,R:0.940208,G:1.080438,B:1.016771
09-16 17:02:46.869  1583  2182 D libsensor-displayalgo: brightness:8191.000000,flat_mode:0.000000,R1:13125.407461,G1:13747.502646,B1:13596.424148,R2:14254.020689,G2:14878.967315,B2:14760.729105,R3:10660.255219,G3:11229.331766,B3:11055.048842,R4:13062.343833,G4:13636.887652,B4:13521.946516,EVENT C:8357.000000,R:4466.000000,G:3810.000000,B:1955.000000, lux: 146.761948
09-16 17:02:46.884   979  1143 E HfLooper: sensor imu_hand_detect in hal data=1000,999,0,0,10061,63
09-16 17:02:47.012   969  1656 I android.hardware.graphics.composer@3.2-service: Sensor: notify citsensorservice to trigger cwb
09-16 17:02:47.012  1583  2176 I libsensor-frameBufferManager: request dump start
09-16 17:02:47.012  1583  2176 D libcomposer_ext: ClientImplAidl::getDispDump(), dpy 1, dst (160, 120), dump_point 1, release_fence -1
09-16 17:02:47.013   969   969 D libcomposer_ext: DeviceImplAidl::syncPerform(14), client_handle: 1
09-16 17:02:47.013   969   969 D libcomposer_ext: DeviceImplAidl::DeviceClientContextAidl::ParseGetDispDump()
09-16 17:02:47.013   969   969 D libcomposer_ext: DeviceImplAidl::ParseGetDispDump(), dpy 1, dst (160, 120), dump_point 1
09-16 17:02:47.013   969   969 I hwcomposer: [HWC] getDispDump(), dpy 1, (822,7,982,127), (160, 120), (1, 2), (-1), (-1), (0xb400006f50ca61b0)  
09-16 17:02:47.013   969   969 I hwcomposer: [DRMDEV] isSupportWbParams(), id_crtc 103, id_connector 34, dump_point 1, src(160, 120), dst(160, 120), config 2  
09-16 17:02:47.013   969   969 E hwcomposer: [DRMDEV] isSupportWbParams(), disp(1220, 2712)  
09-16 17:02:47.013   969   969 I hwcomposer: [DISP_DUMP] setDumpBuf(), dpy(0), src(822, 7, 982, 127), dst(160, 120), (1, 2), -1, (-1), (0xb400006f50ca61b0)  
09-16 17:02:47.013   969   969 I hwcomposer: [HWC] (0)fire a callback of refresh to SF[9]  
09-16 17:02:47.020   969   969 D libcomposer_ext: DeviceImplAidl::DeviceClientContextAidl::NotifyDispDumpReady()
09-16 17:02:47.020  1583  1583 D libcomposer_ext: ClientCallbackAidl::asyncPerform(15)
09-16 17:02:47.020  1583  1583 D libcomposer_ext: ClientImplAidl::ParseNotifyDispDumpReady()
09-16 17:02:47.027  1132  1132 I touch_boost: enable=1, boost_up=0, boost_down=1, render_deboost=0, active_time=100, duration=50, idleprefer(TA,FG)=(1,1), util(TA,FG)=(1,1), freq(c0,c1,c2)=(1100000,1400000,400000)
09-16 17:02:47.027  1808  2160 I MIUIInput: [MotionEvent] notifyMotion - eventTime=19090293855000, deviceId=6, source=0x1002, policyFlags=0x0, action=0x0, flags=0x0, downTime=19090293855000
09-16 17:02:47.027  1132  1132 I mtkpower_client: perf_lock_acq, hdl:0, dur:50, num:14, pid:1132, tid:1132
09-16 17:02:47.028  1808  2159 I MIUIInput: [MotionEvent] publisher action=0x0, deviceId=6, 19090293, channel 'ddf670e com.android.vending/com.google.android.finsky.billing.acquire.LockToPortraitUiBuilderHostActivity (server)'
09-16 17:02:47.028  1808  2159 I MIUIInput: [MotionEvent] publisher action=0x0, deviceId=6, 19090293, channel '[Gesture Monitor] miui-touch-fod (server)'
09-16 17:02:47.028  1808  2159 I MIUIInput: [MotionEvent] publisher action=0x0, deviceId=6, 19090293, channel '[Gesture Monitor] miui-gesture (server)'
09-16 17:02:47.028  6607  6607 I MIUIInput: [MotionEvent] ViewRootImpl windowName 'com.android.vending/com.google.android.finsky.billing.acquire.LockToPortraitUiBuilderHostActivity', { action=ACTION_DOWN, id[0]=0, pointerCount=1, eventTime=19090293, downTime=19090293, phoneEventTime=17:02:47.026 } moveCount:0
09-16 17:02:47.028  1808  2286 I ProcessManager: getRenderThreadTidByPid, caller=1808
09-16 17:02:47.029  1132  1132 I mtkpower_client: IMtkPowerService_isDeclared 1
09-16 17:02:47.029  1001  1098 I libPowerHal: [perfLockAcq] idx:8 hdl:12139 hint:25 pid:1001 tid:1001 duration:10000 lock_user:vendor.mediatek => ret_hdl:12139
09-16 17:02:47.030  1132  1132 I mtkpower_client: ret_hdl:12140
09-16 17:02:47.030  1001  1098 I libPowerHal: [perfLockAcq] idx:12 hdl:12140 hint:-1 pid:1132 tid:1132 duration:50 lock_user:touch_boost => ret_hdl:12140
09-16 17:02:47.030  1001  1098 I libPowerHal: [setClusterFreq] touch_boost set cpufreq[0] min:1100000 max:-1 cpufreq[1] min:1400000 max:-1 cpufreq[2] min:400000 max:-1 
09-16 17:02:47.030  1001  1098 I libPowerHal: [setClusterFreq]  set cpu_ctrl cpufreq: 1100000 -1 1400000 -1 1000000 -1 
09-16 17:02:47.030  1001  1098 I libPowerHal: [PE] touch_boost update cmd:1404100, param:1
09-16 17:02:47.033  1001  1098 I libPowerHal: [PE] touch_boost update cmd:1408100, param:1
09-16 17:02:47.034  1001  1098 I libPowerHal: [PE] touch_boost update cmd:1408300, param:1
09-16 17:02:47.045  1583  2177 D libsensor-parseRGB: the value of RGB [74.450814 76.034523 75.653567]
09-16 17:02:47.061  1808  1882 D PerfMTKStubImpl: perfLockAcquire
09-16 17:02:47.061  1808  1882 I mtkpower_client: perf_lock_acq, hdl:12133, dur:2000, num:6, pid:1808, tid:1882
09-16 17:02:47.061  1808  2286 I ProcessManager: getRenderThreadTidByPid, caller=1808
09-16 17:02:47.061  1808  1882 I mtkpower_client: ret_hdl:12141
09-16 17:02:47.062  1001  1098 I libPowerHal: [perfLockAcq] idx:13 hdl:12141 hint:-1 pid:1808 tid:1882 duration:2000 lock_user:system_server => ret_hdl:12141
09-16 17:02:47.062  1001  1098 I libPowerHal: [setClusterFreq] system_server set cpufreq[0] min:1000000 max:-1 cpufreq[1] min:1000000 max:-1 cpufreq[2] min:1000000 max:-1 
09-16 17:02:47.069  1583  2182 I libsensor-displayalgo: the value of channelCali C:5336.045606,R:2869.515314,G:2201.741051,B:1023.831838,scales C:1.053362,R:0.940208,G:1.080438,B:1.016771
09-16 17:02:47.069  1583  2182 D libsensor-displayalgo: brightness:8191.000000,flat_mode:0.000000,R1:13125.407461,G1:13747.502646,B1:13596.424148,R2:14254.020689,G2:14878.967315,B2:14760.729105,R3:10660.255219,G3:11229.331766,B3:11055.048842,R4:13062.343833,G4:13636.887652,B4:13521.946516,EVENT C:8403.000000,R:4496.000000,G:3831.000000,B:1970.000000, lux: 148.815750
09-16 17:02:47.077  1132  1132 I touch_boost: enable=0, boost_up=0, boost_down=1, render_deboost=0, active_time=100, duration=50, idleprefer(TA,FG)=(1,1), util(TA,FG)=(1,1), freq(c0,c1,c2)=(1100000,1400000,400000)
09-16 17:02:47.077  1132  1132 I mtkpower_client: perf_lock_rel, hdl:12140, tid:1132
09-16 17:02:47.077  1001  1098 I libPowerHal: [perfLockAcq] idx:14 hdl:12142 hint:49 pid:1001 tid:1001 duration:3000 lock_user:vendor.mediatek => ret_hdl:12142
09-16 17:02:47.077  1001  1098 I libPowerHal: [set_sched_ta_mask] 240 (0xf0)
09-16 17:02:47.077  1001  1098 I libPowerHal: [PE] MTKPOWER_HINT_UX_SCROLLING_COMMON update ONESHOT(set) cmd:1448000 param:240
09-16 17:02:47.078  1132  1132 I mtkpower_client: IMtkPowerService_isDeclared 1
09-16 17:02:47.078  1001  1098 I libPowerHal: [perfLockRel] hdl:12137, idx:10
09-16 17:02:47.078  1001  1098 I libPowerHal: [set_sched_ta_mask] 240 (0xf0)
09-16 17:02:47.078  1001  1098 I libPowerHal: [PD] MTKPOWER_HINT_UX_SCROLLING_COMMON update ONESHOT(unset) cmd:1448000 param:240
09-16 17:02:47.078  1001  1098 I libPowerHal: [perfLockRel] hdl:12140, idx:12
09-16 17:02:47.078  1001  1098 I libPowerHal: [setClusterFreq]  set cpu_ctrl cpufreq: 1000000 -1 1000000 -1 1000000 -1 
09-16 17:02:47.078  1001  1098 I libPowerHal: [PD] touch_boost update cmd:1404100 param:0
09-16 17:02:47.079  1001  1098 I libPowerHal: [PD] touch_boost update cmd:1408100 param:0
09-16 17:02:47.082  1001  1098 I libPowerHal: [PD] touch_boost update cmd:1408300 param:0
09-16 17:02:47.091  1808  2032 I mtkpower_client: perf_lock_acq, hdl:12135, dur:3000, num:2, pid:1808, tid:2032
09-16 17:02:47.093  1808  2032 I mtkpower_client: ret_hdl:12143
09-16 17:02:47.094  1001  1098 I libPowerHal: [perfLockAcq] idx:10 hdl:12143 hint:-1 pid:1808 tid:2032 duration:3000 lock_user:system_server => ret_hdl:12143
09-16 17:02:47.094  1001  1098 I libPowerHal: [PE] system_server update cmd:3408500, param:0
09-16 17:02:47.094  1001  1098 I libPowerHal: [PE] system_server update cmd:3408500, param:0
09-16 17:02:47.094  1001  1098 I libPowerHal: [PE] system_server update cmd:3408500, param:0
09-16 17:02:47.094  1001  1098 I libPowerHal: [touch_boost_enabled] value:0
09-16 17:02:47.094  1001  1098 I libPowerHal: [PE] system_server update cmd:3408500 param:0
09-16 17:02:47.094  1001  1072 I libPowerHal: [force_stop_touch_boost] force stop touch boost,
09-16 17:02:47.094  1132  1132 I touch_boost: enable=0, boost_up=0, boost_down=0, render_deboost=0, active_time=100, duration=50, idleprefer(TA,FG)=(1,1), util(TA,FG)=(1,1), freq(c0,c1,c2)=(1100000,1400000,400000)
09-16 17:02:47.094  1808  2032 I mtkpower_client: perf_lock_rel, hdl:12143, tid:2032
09-16 17:02:47.095  1001  1098 I libPowerHal: [perfLockRel] hdl:12143, idx:10
09-16 17:02:47.095  1001  1098 I libPowerHal: [PD] system_server update cmd:3408500 param:1
09-16 17:02:47.095  1001  1098 I libPowerHal: [PD] system_server update cmd:3408500 param:0
09-16 17:02:47.095  1001  1098 I libPowerHal: [PD] system_server update cmd:3408500 param:1
09-16 17:02:47.095  1001  1098 I libPowerHal: [touch_boost_enabled] value:-1
09-16 17:02:47.095  1001  1098 I libPowerHal: [PD] system_server update cmd:3408500 param:-1
09-16 17:02:47.141  1808  2160 I MIUIInput: [MotionEvent] notifyMotion - eventTime=19090408897000, deviceId=6, source=0x1002, policyFlags=0x0, action=0x1, flags=0x0, downTime=19090293855000
09-16 17:02:47.142  1808  2159 I MIUIInput: [MotionEvent] publisher action=0x1, deviceId=6, 19090408, channel 'ddf670e com.android.vending/com.google.android.finsky.billing.acquire.LockToPortraitUiBuilderHostActivity (server)'
09-16 17:02:47.143  1808  2159 I MIUIInput: [MotionEvent] publisher action=0x1, deviceId=6, 19090408, channel '[Gesture Monitor] miui-touch-fod (server)'
09-16 17:02:47.143  1808  2159 I MIUIInput: [MotionEvent] publisher action=0x1, deviceId=6, 19090408, channel '[Gesture Monitor] miui-gesture (server)'
09-16 17:02:47.143  6607  6607 I MIUIInput: [MotionEvent] ViewRootImpl windowName 'com.android.vending/com.google.android.finsky.billing.acquire.LockToPortraitUiBuilderHostActivity', { action=ACTION_UP, id[0]=0, pointerCount=1, eventTime=19090408, downTime=19090293, phoneEventTime=17:02:47.141 } moveCount:12
09-16 17:02:47.143  6607  6607 I ScrollIdentify: on fling
09-16 17:02:47.143  1001  1098 I libPowerHal: [perfLockRel] hdl:12139, idx:8
09-16 17:02:47.144  1808  1882 D PerfMTKStubImpl: perfLockRelease
09-16 17:02:47.144  1808  1882 I mtkpower_client: perf_lock_rel, hdl:12136, tid:1882
09-16 17:02:47.145  1001  1098 I libPowerHal: [perfLockAcq] idx:8 hdl:12144 hint:49 pid:1001 tid:1001 duration:3000 lock_user:vendor.mediatek => ret_hdl:12144
09-16 17:02:47.146  1001  1098 I libPowerHal: [set_sched_ta_mask] 240 (0xf0)
09-16 17:02:47.146  1001  1098 I libPowerHal: [PE] MTKPOWER_HINT_UX_SCROLLING_COMMON update ONESHOT(set) cmd:1448000 param:240
09-16 17:02:47.146  1001  1098 I libPowerHal: [perfLockRel] hdl:12142, idx:14
09-16 17:02:47.147  1001  1098 I libPowerHal: [set_sched_ta_mask] 240 (0xf0)
09-16 17:02:47.147  1001  1098 I libPowerHal: [PD] MTKPOWER_HINT_UX_SCROLLING_COMMON update ONESHOT(unset) cmd:1448000 param:240
09-16 17:02:47.147  1808  1882 D PerfMTKStubImpl: perfLockAcquire
09-16 17:02:47.147  1808  1882 I mtkpower_client: perf_lock_acq, hdl:12136, dur:2215, num:6, pid:1808, tid:1882
09-16 17:02:47.148  1001  1098 I libPowerHal: [perfLockRel] hdl:12136, idx:0
09-16 17:02:47.149  1808  1882 I mtkpower_client: ret_hdl:12145
09-16 17:02:47.149  1808  1882 D PerfMTKStubImpl: mtkPowerHint
09-16 17:02:47.150  1001  1098 I libPowerHal: [perfLockAcq] idx:0 hdl:12145 hint:-1 pid:1808 tid:1882 duration:2215 lock_user:system_server => ret_hdl:12145
09-16 17:02:47.150  1001  1098 I libPowerHal: [setClusterFreq] system_server set cpufreq[0] min:1000000 max:-1 cpufreq[1] min:1000000 max:-1 cpufreq[2] min:1000000 max:-1 
09-16 17:02:47.150  1001  1098 I libPowerHal: [perfLockAcq] idx:10 hdl:12146 hint:900 pid:1001 tid:1001 duration:2365 lock_user:vendor.mediatek => ret_hdl:12146
09-16 17:02:47.151   993  1010 I MTK_APPList: [getForegroundAPPInfo]  com.android.vending/com.google.android.finsky.billing.acquire.LockToPortraitUiBuilderHostActivity (pid=6607)
09-16 17:02:47.151   993  1010 I vendor.mediatek.hardware.mtkpower_applist-service.mediatek: MIUI ADDpackName: com.android.vending actName: com.google.android.finsky.billing.acquire.LockToPortraitUiBuilderHostActivity
09-16 17:02:47.151   993  1010 I vendor.mediatek.hardware.mtkpower_applist-service.mediatek: powerhal get success
09-16 17:02:47.151  1808  1882 E MTKBoostFramework: mtkPowerHint java.lang.NullPointerException: Attempt to invoke virtual method 'int java.lang.Integer.intValue()' on a null object reference
09-16 17:02:47.151  1808  1882 D PerfMTKStubImpl: perfLockRelease
09-16 17:02:47.151  1808  1882 I mtkpower_client: perf_lock_rel, hdl:12141, tid:1882
09-16 17:02:47.152  1001  1098 I libPowerHal: [perfLockRel] hdl:12138, idx:1
09-16 17:02:47.152  1001  1098 I libPowerHal: [perfLockRel] hdl:12141, idx:13
09-16 17:02:47.167  1064  1064 I BufferQueueProducer: [com.android.vending/com.google.android.finsky.billing.acquire.LockToPortraitUiBuilderHostActivity#8504](this:0xb400007b6431dad0,id:-1,api:0,p:-1,c:1064) queueBuffer: fps=104.52 dur=1004.56 max=124.43 min=7.94
09-16 17:02:47.219   969  1656 I android.hardware.graphics.composer@3.2-service: Sensor: notify citsensorservice to trigger cwb
09-16 17:02:47.219  1583  2176 I libsensor-frameBufferManager: request dump start
09-16 17:02:47.220  1583  2176 D libcomposer_ext: ClientImplAidl::getDispDump(), dpy 1, dst (160, 120), dump_point 1, release_fence -1
09-16 17:02:47.220   969   969 D libcomposer_ext: DeviceImplAidl::syncPerform(14), client_handle: 1
09-16 17:02:47.220   969   969 D libcomposer_ext: DeviceImplAidl::DeviceClientContextAidl::ParseGetDispDump()
09-16 17:02:47.220   969   969 D libcomposer_ext: DeviceImplAidl::ParseGetDispDump(), dpy 1, dst (160, 120), dump_point 1
09-16 17:02:47.220   969   969 I hwcomposer: [HWC] getDispDump(), dpy 1, (822,7,982,127), (160, 120), (1, 2), (-1), (-1), (0xb400006f50ca62d0)  
09-16 17:02:47.220   969   969 I hwcomposer: [DRMDEV] isSupportWbParams(), id_crtc 103, id_connector 34, dump_point 1, src(160, 120), dst(160, 120), config 2  
09-16 17:02:47.220   969   969 E hwcomposer: [DRMDEV] isSupportWbParams(), disp(1220, 2712)  
09-16 17:02:47.220   969   969 I hwcomposer: [DISP_DUMP] setDumpBuf(), dpy(0), src(822, 7, 982, 127), dst(160, 120), (1, 2), -1, (-1), (0xb400006f50ca62d0)  
09-16 17:02:47.220   969   969 I hwcomposer: [HWC] (0)fire a callback of refresh to SF[9]  
09-16 17:02:47.227   969   969 D libcomposer_ext: DeviceImplAidl::DeviceClientContextAidl::NotifyDispDumpReady()
09-16 17:02:47.228  1583  1583 D libcomposer_ext: ClientCallbackAidl::asyncPerform(15)
09-16 17:02:47.228  1583  1583 D libcomposer_ext: ClientImplAidl::ParseNotifyDispDumpReady()
09-16 17:02:47.244  1064  1064 I BufferQueueProducer: [FramebufferSurface](this:0xb400007aa4096710,id:-1,api:1,p:1064,c:1064) queueBuffer: fps=120.44 dur=1004.62 max=10.36 min=6.67
09-16 17:02:47.252  1583  2177 D libsensor-parseRGB: the value of RGB [74.450814 76.034523 75.653567]
09-16 17:02:47.269  1583  2182 I libsensor-displayalgo: the value of channelCali C:5336.045606,R:2869.515314,G:2201.741051,B:1023.831838,scales C:1.053362,R:0.940208,G:1.080438,B:1.016771
09-16 17:02:47.269  1583  2182 D libsensor-displayalgo: brightness:8191.000000,flat_mode:0.000000,R1:13125.407461,G1:13747.502646,B1:13596.424148,R2:14254.020689,G2:14878.967315,B2:14760.729105,R3:10660.255219,G3:11229.331766,B3:11055.048842,R4:13062.343833,G4:13636.887652,B4:13521.946516,EVENT C:8454.000000,R:4520.000000,G:3855.000000,B:1984.000000, lux: 151.639694
09-16 17:02:47.275   993  1035 I libPerfCtl: xgfGetFPS pid:2628 fps:-1
09-16 17:02:47.275   993  1035 I libPerfCtl: xgfGetFPS pid:6607 fps:-1
09-16 17:02:47.283   979  1143 E HfLooper: sensor imu_hand_detect in hal data=1000,999,0,0,10093,79
09-16 17:02:47.293   571  9009 I keystore2: system/security/keystore2/src/security_level.rs:227 - entry create_operation
09-16 17:02:47.293   571  9009 I keystore2: system/security/keystore2/src/security_level.rs:232 - key: domain:r#KEY_ID, nspace:9058678860476151293, alias:None, blob:None
09-16 17:02:47.295   571  9009 I keystore2: system/security/keystore2/src/security_level.rs:882 - entry upgrade_keyblob_if_required_with
09-16 17:02:47.295   571  9009 I keystore2: system/security/keystore2/src/security_level.rs:347 - In KeystoreSecurityLevel::create_operation: calling begin
09-16 17:02:47.295   572   572 I [MITEE] : mitee_keymaster_call 231 4
09-16 17:02:47.295   572   572 E [MITEE] : Request: 291 Max size: 131072
09-16 17:02:47.297   571  9009 I keystore2: system/security/keystore2/src/security_level.rs:381 - upgraded_blob: None
09-16 17:02:47.298   572   572 I [MITEE] : mitee_keymaster_call 231 8
09-16 17:02:47.298   572   572 E [MITEE] : Request: 111 Max size: 131072
09-16 17:02:47.300   572   572 I [MITEE] : mitee_keymaster_call 231 12
09-16 17:02:47.300   572   572 E [MITEE] : Request: 28 Max size: 131072
09-16 17:02:47.304   571  9009 I keystore2: system/security/keystore2/src/security_level.rs:227 - entry create_operation
09-16 17:02:47.305   571  9009 I keystore2: system/security/keystore2/src/security_level.rs:232 - key: domain:r#KEY_ID, nspace:-7702860747002215524, alias:None, blob:None
09-16 17:02:47.305   571  9009 I keystore2: system/security/keystore2/src/security_level.rs:882 - entry upgrade_keyblob_if_required_with
09-16 17:02:47.305   571  9009 I keystore2: system/security/keystore2/src/security_level.rs:347 - In KeystoreSecurityLevel::create_operation: calling begin
09-16 17:02:47.305   572   572 I [MITEE] : mitee_keymaster_call 231 4
09-16 17:02:47.305   572   572 E [MITEE] : Request: 1434 Max size: 131072
09-16 17:02:47.310   571  9009 I keystore2: system/security/keystore2/src/security_level.rs:381 - upgraded_blob: None
09-16 17:02:47.311   572   572 I [MITEE] : mitee_keymaster_call 231 12
09-16 17:02:47.311   572   572 E [MITEE] : Request: 445 Max size: 131072
09-16 17:02:47.319   571  9009 I keystore2: system/security/keystore2/src/security_level.rs:227 - entry create_operation
09-16 17:02:47.319   571  9009 I keystore2: system/security/keystore2/src/security_level.rs:232 - key: domain:r#KEY_ID, nspace:9163634292701093156, alias:None, blob:None
09-16 17:02:47.320   571  9009 I keystore2: system/security/keystore2/src/security_level.rs:882 - entry upgrade_keyblob_if_required_with
09-16 17:02:47.320   571  9009 I keystore2: system/security/keystore2/src/security_level.rs:347 - In KeystoreSecurityLevel::create_operation: calling begin
09-16 17:02:47.320   572   572 I [MITEE] : mitee_keymaster_call 231 4
09-16 17:02:47.320   572   572 E [MITEE] : Request: 257 Max size: 131072
09-16 17:02:47.322   571  9009 I keystore2: system/security/keystore2/src/security_level.rs:381 - upgraded_blob: None
09-16 17:02:47.322   572   572 I [MITEE] : mitee_keymaster_call 231 12
09-16 17:02:47.322   572   572 E [MITEE] : Request: 484 Max size: 131072
09-16 17:02:47.428   969  1656 I android.hardware.graphics.composer@3.2-service: Sensor: notify citsensorservice to trigger cwb
09-16 17:02:47.428  1583  2176 I libsensor-frameBufferManager: request dump start
09-16 17:02:47.429  1583  2176 D libcomposer_ext: ClientImplAidl::getDispDump(), dpy 1, dst (160, 120), dump_point 1, release_fence -1
09-16 17:02:47.429   969   969 D libcomposer_ext: DeviceImplAidl::syncPerform(14), client_handle: 1
09-16 17:02:47.429   969   969 D libcomposer_ext: DeviceImplAidl::DeviceClientContextAidl::ParseGetDispDump()
09-16 17:02:47.429   969   969 D libcomposer_ext: DeviceImplAidl::ParseGetDispDump(), dpy 1, dst (160, 120), dump_point 1
09-16 17:02:47.429   969   969 I hwcomposer: [HWC] getDispDump(), dpy 1, (822,7,982,127), (160, 120), (1, 2), (-1), (-1), (0xb400006f50ca3030)  
09-16 17:02:47.429   969   969 I hwcomposer: [DRMDEV] isSupportWbParams(), id_crtc 103, id_connector 34, dump_point 1, src(160, 120), dst(160, 120), config 2  
09-16 17:02:47.429   969   969 E hwcomposer: [DRMDEV] isSupportWbParams(), disp(1220, 2712)  
09-16 17:02:47.429   969   969 I hwcomposer: [DISP_DUMP] setDumpBuf(), dpy(0), src(822, 7, 982, 127), dst(160, 120), (1, 2), -1, (-1), (0xb400006f50ca3030)  
09-16 17:02:47.429   969   969 I hwcomposer: [HWC] (0)fire a callback of refresh to SF[9]  
09-16 17:02:47.435   969   969 D libcomposer_ext: DeviceImplAidl::DeviceClientContextAidl::NotifyDispDumpReady()
09-16 17:02:47.435  1583  1583 D libcomposer_ext: ClientCallbackAidl::asyncPerform(15)
09-16 17:02:47.435  1583  1583 D libcomposer_ext: ClientImplAidl::ParseNotifyDispDumpReady()
09-16 17:02:47.457  1064  1064 I BufferQueueProducer: [com.android.chrome/ChromeChildSurface#8442](this:0xb400007b6437ee90,id:-1,api:0,p:-1,c:1064) queueBuffer: fps=120.48 dur=1004.28 max=8.75 min=7.93
09-16 17:02:47.460  1583  2177 D libsensor-parseRGB: the value of RGB [74.450814 76.034523 75.653567]
09-16 17:02:47.469  1583  2182 I libsensor-displayalgo: the value of channelCali C:5336.045606,R:2869.515314,G:2201.741051,B:1023.831838,scales C:1.053362,R:0.940208,G:1.080438,B:1.016771
09-16 17:02:47.469  1583  2182 D libsensor-displayalgo: brightness:8191.000000,flat_mode:0.000000,R1:13125.407461,G1:13747.502646,B1:13596.424148,R2:14254.020689,G2:14878.967315,B2:14760.729105,R3:10660.255219,G3:11229.331766,B3:11055.048842,R4:13062.343833,G4:13636.887652,B4:13521.946516,EVENT C:8431.000000,R:4501.000000,G:3845.000000,B:1979.000000, lux: 150.862411
09-16 17:02:47.544   969   969 I hwcomposer: [HWCDisplay] [Display_0 (type:1, mode:2)] fps:120.297989,dur:1005.84,max:10.46,min:6.68  
09-16 17:02:47.634   969  1656 I android.hardware.graphics.composer@3.2-service: Sensor: notify citsensorservice to trigger cwb
09-16 17:02:47.635  1583  2176 I libsensor-frameBufferManager: request dump start
09-16 17:02:47.635  1583  2176 D libcomposer_ext: ClientImplAidl::getDispDump(), dpy 1, dst (160, 120), dump_point 1, release_fence -1
09-16 17:02:47.635   969   969 D libcomposer_ext: DeviceImplAidl::syncPerform(14), client_handle: 1
09-16 17:02:47.636   969   969 D libcomposer_ext: DeviceImplAidl::DeviceClientContextAidl::ParseGetDispDump()
09-16 17:02:47.636   969   969 D libcomposer_ext: DeviceImplAidl::ParseGetDispDump(), dpy 1, dst (160, 120), dump_point 1
09-16 17:02:47.636   969   969 I hwcomposer: [HWC] getDispDump(), dpy 1, (822,7,982,127), (160, 120), (1, 2), (-1), (-1), (0xb400006f50ca61b0)  
09-16 17:02:47.636   969   969 I hwcomposer: [DRMDEV] isSupportWbParams(), id_crtc 103, id_connector 34, dump_point 1, src(160, 120), dst(160, 120), config 2  
09-16 17:02:47.636   969   969 E hwcomposer: [DRMDEV] isSupportWbParams(), disp(1220, 2712)  
09-16 17:02:47.636   969   969 I hwcomposer: [DISP_DUMP] setDumpBuf(), dpy(0), src(822, 7, 982, 127), dst(160, 120), (1, 2), -1, (-1), (0xb400006f50ca61b0)  
09-16 17:02:47.636   969   969 I hwcomposer: [HWC] (0)fire a callback of refresh to SF[9]  
09-16 17:02:47.642   969   969 D libcomposer_ext: DeviceImplAidl::DeviceClientContextAidl::NotifyDispDumpReady()
09-16 17:02:47.642  1583  1583 D libcomposer_ext: ClientCallbackAidl::asyncPerform(15)
09-16 17:02:47.642  1583  1583 D libcomposer_ext: ClientImplAidl::ParseNotifyDispDumpReady()
09-16 17:02:47.667  1583  2177 D libsensor-parseRGB: the value of RGB [74.450814 76.034523 75.653567]
09-16 17:02:47.684   979  1143 E HfLooper: sensor imu_hand_detect in hal data=1000,999,0,0,10074,64
09-16 17:02:47.767  1583  2182 I libsensor-displayalgo: the value of channelCali C:5336.045606,R:2869.515314,G:2201.741051,B:1023.831838,scales C:1.053362,R:0.940208,G:1.080438,B:1.016771
09-16 17:02:47.767  1583  2182 D libsensor-displayalgo: brightness:8191.000000,flat_mode:0.000000,R1:13125.407461,G1:13747.502646,B1:13596.424148,R2:14254.020689,G2:14878.967315,B2:14760.729105,R3:10660.255219,G3:11229.331766,B3:11055.048842,R4:13062.343833,G4:13636.887652,B4:13521.946516,EVENT C:8418.000000,R:4501.000000,G:3841.000000,B:1975.000000, lux: 149.633850
09-16 17:02:47.835   969  1656 I android.hardware.graphics.composer@3.2-service: Sensor: notify citsensorservice to trigger cwb
09-16 17:02:47.836  1583  2176 I libsensor-frameBufferManager: request dump start
09-16 17:02:47.836  1583  2176 D libcomposer_ext: ClientImplAidl::getDispDump(), dpy 1, dst (160, 120), dump_point 1, release_fence -1
09-16 17:02:47.836   969   969 D libcomposer_ext: DeviceImplAidl::syncPerform(14), client_handle: 1
09-16 17:02:47.836   969   969 D libcomposer_ext: DeviceImplAidl::DeviceClientContextAidl::ParseGetDispDump()
09-16 17:02:47.836   969   969 D libcomposer_ext: DeviceImplAidl::ParseGetDispDump(), dpy 1, dst (160, 120), dump_point 1
09-16 17:02:47.836   969   969 I hwcomposer: [HWC] getDispDump(), dpy 1, (822,7,982,127), (160, 120), (1, 2), (-1), (-1), (0xb400006f50ca62d0)  
09-16 17:02:47.836   969   969 I hwcomposer: [DRMDEV] isSupportWbParams(), id_crtc 103, id_connector 34, dump_point 1, src(160, 120), dst(160, 120), config 2  
09-16 17:02:47.836   969   969 E hwcomposer: [DRMDEV] isSupportWbParams(), disp(1220, 2712)  
09-16 17:02:47.836   969   969 I hwcomposer: [DISP_DUMP] setDumpBuf(), dpy(0), src(822, 7, 982, 127), dst(160, 120), (1, 2), -1, (-1), (0xb400006f50ca62d0)  
09-16 17:02:47.836   969   969 I hwcomposer: [HWC] (0)fire a callback of refresh to SF[9]  
09-16 17:02:47.844   969   969 D libcomposer_ext: DeviceImplAidl::DeviceClientContextAidl::NotifyDispDumpReady()
09-16 17:02:47.844  1583  1583 D libcomposer_ext: ClientCallbackAidl::asyncPerform(15)
09-16 17:02:47.844  1583  1583 D libcomposer_ext: ClientImplAidl::ParseNotifyDispDumpReady()
09-16 17:02:47.869  1583  2177 D libsensor-parseRGB: the value of RGB [74.450814 76.034523 75.653567]
09-16 17:02:47.938  1808  2032 D ConnectivityService: Returning UNBLOCKED NetworkInfo to uid=10183
09-16 17:02:47.949  7060  7060 W atvj    : Already started: atvj@abb3bd
09-16 17:02:47.969  1583  2182 I libsensor-displayalgo: the value of channelCali C:5336.045606,R:2869.515314,G:2201.741051,B:1023.831838,scales C:1.053362,R:0.940208,G:1.080438,B:1.016771
09-16 17:02:47.969  1583  2182 D libsensor-displayalgo: brightness:8191.000000,flat_mode:0.000000,R1:13125.407461,G1:13747.502646,B1:13596.424148,R2:14254.020689,G2:14878.967315,B2:14760.729105,R3:10660.255219,G3:11229.331766,B3:11055.048842,R4:13062.343833,G4:13636.887652,B4:13521.946516,EVENT C:8410.000000,R:4497.000000,G:3836.000000,B:1973.000000, lux: 149.271057
09-16 17:02:47.981  7060  6289 W aqad    : Job(ItemListsService:stopItemList#0.720) Attempting to unregister unknown list: itemlist-ViewType(96)-10
09-16 17:02:48.011  2350  2350 D WifiHAL : WifiRequest::create vendor command to iface 37, vendor_id=0x1a11, subcmd=0x1200, res=0
09-16 17:02:48.015  2350  2350 I WifiHAL : LLS RSP: data=0xb40000750e29d660, len=4292
09-16 17:02:48.015  2350  2350 I WifiHAL : LLS check_data_sanity: 1801: current_radio_stat->num_channels=28
09-16 17:02:48.015  2350  2350 I WifiHAL : LLS check_data_sanity: 1801: current_radio_stat->num_channels=0
09-16 17:02:48.015  2350  2350 I WifiHAL : LLS check_data_sanity: confirmed_size=4292, len=4292
09-16 17:02:48.026  1808  2722 I NetworkBoostStatusManager: handle: 102
09-16 17:02:48.027  7554  7636 W Settings: Setting device_provisioned has moved from android.provider.Settings.Secure to android.provider.Settings.Global.
09-16 17:02:48.027  7554  7636 I JoyoseCloudControlManager3: network metered changed, network metered: false, deviceProvisioned: true, scAllowConn: true, try to setNetworkAccessEnabled: true
09-16 17:02:48.028  1808  1808 W JobService: onNetworkChanged() not implemented in com.android.server.content.SyncJobService. Must override in a subclass.
09-16 17:02:48.029  6042  6042 I NetBusNetworkMonitor: onCapabilitiesChanged isPrimary = true
09-16 17:02:48.029  6042  6042 I NetBusNetworkMonitor: gateway=192.*.*.1
09-16 17:02:48.029 28462 28653 I BugleRcsEngine: handleMessage processing message:[NOTIFY_UPTIME_IGNORE_STATE_CHANGED] with [non-null]:RcsEngineImpl reference [CONTEXT log_prefix="RcsEngineImpl[DUAL_REG]:[f17113ab-596e]>Handler" thread_id=1574 ]
09-16 17:02:48.029  1808  2722 I NetworkBoostStatusManager: interfaceOnCapabilitiesChanged interface name:wlan0
09-16 17:02:48.030 28462 28616 I BugleRcsEngine: Connected state: [1], networkType: [WIFI] [CONTEXT thread_id=1571 ]
09-16 17:02:48.030 28462 28653 I BugleRcsEngine: Cannot use CS.apk as it's battery optimized [CONTEXT thread_id=1574 ]
09-16 17:02:48.031  6042  6042 I NetBusNetworkMonitor: addConnectNetworkInterface mediumType:256, detail:NetworkDetailInfo{mIsConnected=false, mIsSupportTdls=true, mNetworkType=0, mIpAddress=192.*.*.4, mIfName=wlan0, mGateway=192.*.*.1, mNetmask=255.*.*.0, mSsid=S**la}
09-16 17:02:48.031  6042  6042 I NetBusNetworkMonitor: onCapabilitiesChanged handle=441492361229, mediumType=256, ifName=wlan0
09-16 17:02:48.032  1808  2032 I ClipboardServiceI: checkProviderWakePathForClipboard: com.google.android.apps.messagingis not a activePermissionOwner
09-16 17:02:48.033  1808  2301 I SmartPower: com.google.android.apps.messaging/10167(28627): background->idle(3003ms) R(content provider start ContentProviderRecord{e68ca05 u0 com.google.android.apps.messaging/.shared.datamodel.provider.sharedstorage.SharedStorageProvider}) adj=200.
09-16 17:02:48.035  3285  3467 I NullBinder: NullBinder for android.net.action.RECOMMEND_NETWORKS triggering remote TransactionTooLargeException due to Service without Chimera impl, calling uid: 1000, calling pid: 0
09-16 17:02:48.035  3285  3467 W .gms.persistent: Large reply transaction of 1056768 bytes, interface descriptor , code 1
09-16 17:02:48.036 28462 28653 I BugleRcsEngine: Rcs is enabled from user settings: true [CONTEXT log_prefix="ProvisioningEngineDataRetriever" thread_id=1574 ]
09-16 17:02:48.036  3285  3467 I NullBinder: NullBinder for android.net.action.RECOMMEND_NETWORKS triggering remote TransactionTooLargeException due to Service without Chimera impl, calling uid: 1000, calling pid: 0
09-16 17:02:48.036  3285  3467 W .gms.persistent: Large reply transaction of 1056768 bytes, interface descriptor , code 1
09-16 17:02:48.041 28627 32246 D WM-NetworkStateTracker: Network capabilities changed: [ Transports: WIFI Capabilities: NOT_METERED&INTERNET&NOT_RESTRICTED&TRUSTED&NOT_VPN&VALIDATED&NOT_ROAMING&FOREGROUND&NOT_CONGESTED&NOT_SUSPENDED&NOT_VCN_MANAGED&NOT_BANDWIDTH_CONSTRAINED LinkUpBandwidth>=239061Kbps LinkDnBandwidth>=67626Kbps TransportInfo: <SSID: <unknown ssid>, BSSID: 02:00:00:00:00:00, MAC: 02:00:00:00:00:00, IP: /192.168.15.4, Security type: 2, Supplicant state: COMPLETED, Wi-Fi standard: 11ax, RSSI: -55, Link speed: 1201Mbps, Tx Link speed: 1201Mbps, Max Supported Tx Link speed: 1200Mbps, Rx Link speed: 1201Mbps, Max Supported Rx Link speed: 1200Mbps, Frequency: 5745MHz, Net ID: -1, Metered hint: false, score: 60, isUsable: true, CarrierMerged: false, SubscriptionId: -1, IsPrimary: -1, Trusted: true, Restricted: false, Ephemeral: false, OEM paid: false, OEM private: false, OSU AP: false, FQDN: <none>, Provider friendly name: <none>, Requesting package name: <none><none>MLO Information: , Is TID-To-Link negotiation supported by the AP: false, AP MLD Address: <none>, AP MLO Link Id: <none>, AP MLO Affiliated links: <none>, Vendor Data: <none>> SignalStrength: -55 UnderlyingNetworks: Null]
09-16 17:02:48.041 29430 29487 D WM-NetworkStateTracker: Network capabilities changed: [ Transports: WIFI Capabilities: NOT_METERED&INTERNET&NOT_RESTRICTED&TRUSTED&NOT_VPN&VALIDATED&NOT_ROAMING&FOREGROUND&NOT_CONGESTED&NOT_SUSPENDED&NOT_VCN_MANAGED&NOT_BANDWIDTH_CONSTRAINED LinkUpBandwidth>=239061Kbps LinkDnBandwidth>=67626Kbps TransportInfo: <SSID: <unknown ssid>, BSSID: 02:00:00:00:00:00, MAC: 02:00:00:00:00:00, IP: /192.168.15.4, Security type: 2, Supplicant state: COMPLETED, Wi-Fi standard: 11ax, RSSI: -55, Link speed: 1201Mbps, Tx Link speed: 1201Mbps, Max Supported Tx Link speed: 1200Mbps, Rx Link speed: 1201Mbps, Max Supported Rx Link speed: 1200Mbps, Frequency: 5745MHz, Net ID: -1, Metered hint: false, score: 60, isUsable: true, CarrierMerged: false, SubscriptionId: -1, IsPrimary: -1, Trusted: true, Restricted: false, Ephemeral: false, OEM paid: false, OEM private: false, OSU AP: false, FQDN: <none>, Provider friendly name: <none>, Requesting package name: <none><none>MLO Information: , Is TID-To-Link negotiation supported by the AP: false, AP MLD Address: <none>, AP MLO Link Id: <none>, AP MLO Affiliated links: <none>, Vendor Data: <none>> SignalStrength: -55 UnderlyingNetworks: Null]
09-16 17:02:48.048   969  1656 I android.hardware.graphics.composer@3.2-service: Sensor: notify citsensorservice to trigger cwb
09-16 17:02:48.048  1583  2176 I libsensor-frameBufferManager: request dump start
09-16 17:02:48.048  1583  2176 D libcomposer_ext: ClientImplAidl::getDispDump(), dpy 1, dst (160, 120), dump_point 1, release_fence -1
09-16 17:02:48.048   969   969 D libcomposer_ext: DeviceImplAidl::syncPerform(14), client_handle: 1
09-16 17:02:48.048   969   969 D libcomposer_ext: DeviceImplAidl::DeviceClientContextAidl::ParseGetDispDump()
09-16 17:02:48.048   969   969 D libcomposer_ext: DeviceImplAidl::ParseGetDispDump(), dpy 1, dst (160, 120), dump_point 1
09-16 17:02:48.048   969   969 I hwcomposer: [HWC] getDispDump(), dpy 1, (822,7,982,127), (160, 120), (1, 2), (-1), (-1), (0xb400006f50ca3030)  
09-16 17:02:48.048   969   969 I hwcomposer: [DRMDEV] isSupportWbParams(), id_crtc 103, id_connector 34, dump_point 1, src(160, 120), dst(160, 120), config 2  
09-16 17:02:48.048   969   969 E hwcomposer: [DRMDEV] isSupportWbParams(), disp(1220, 2712)  
09-16 17:02:48.048   969   969 I hwcomposer: [DISP_DUMP] setDumpBuf(), dpy(0), src(822, 7, 982, 127), dst(160, 120), (1, 2), -1, (-1), (0xb400006f50ca3030)  
09-16 17:02:48.048   969   969 I hwcomposer: [HWC] (0)fire a callback of refresh to SF[9]  
09-16 17:02:48.056   969   969 D libcomposer_ext: DeviceImplAidl::DeviceClientContextAidl::NotifyDispDumpReady()
09-16 17:02:48.056  1583  1583 D libcomposer_ext: ClientCallbackAidl::asyncPerform(15)
09-16 17:02:48.056  1583  1583 D libcomposer_ext: ClientImplAidl::ParseNotifyDispDumpReady()
09-16 17:02:48.065  1808  2957 I ClipboardServiceI: checkProviderWakePathForClipboard: com.google.android.gmis not a activePermissionOwner
09-16 17:02:48.070  3285  3285 D BoundBrokerSvc: onRebind: Intent { act=com.google.android.gms.clearcut.sampler.service.START dat=chimera-action:/... cmp=com.google.android.gms/.chimera.PersistentDirectBootAwareApiService }
09-16 17:02:48.077  1583  2177 D libsensor-parseRGB: the value of RGB [74.450814 76.034523 75.653567]
09-16 17:02:48.086   979  1143 E HfLooper: sensor imu_hand_detect in hal data=1000,999,0,0,10077,62
09-16 17:02:48.124  7060  7304 E kae     : [Gmail] NotificationSyncDebugger: onItemNotified: Failed to update latest notification proto data store.
09-16 17:02:48.124  7060  7304 E kae     : java.io.IOException: Inoperable file: canonical[/data/data/com.google.android.gm/files/email_notification_timestamp/shared/EmailNotificationTimestamp.pb] freeSpace[428565159936] protoName[EmailNotificationTimestamp] mode[33152]
09-16 17:02:48.124  7060  7304 E kae     : 	at albp.cP(PG:97)
09-16 17:02:48.124  7060  7304 E kae     : 	at albp.cQ(PG:36)
09-16 17:02:48.124  7060  7304 E kae     : 	at albp.I(PG:39)
09-16 17:02:48.124  7060  7304 E kae     : 	at alrf.b(PG:95)
09-16 17:02:48.124  7060  7304 E kae     : 	at uku.a(PG:922)
09-16 17:02:48.124  7060  7304 E kae     : 	at bgsq.a(PG:53)
09-16 17:02:48.124  7060  7304 E kae     : 	at bgsq.a(PG:29)
09-16 17:02:48.124  7060  7304 E kae     : 	at bkwz.a(PG:3)
09-16 17:02:48.124  7060  7304 E kae     : 	at bkwf.run(PG:19)
09-16 17:02:48.124  7060  7304 E kae     : 	at bkxb.run(PG:5)
09-16 17:02:48.124  7060  7304 E kae     : 	at bkvk.run(PG:17)
09-16 17:02:48.124  7060  7304 E kae     : 	at bkwr.run(PG:3)
09-16 17:02:48.124  7060  7304 E kae     : 	at bkws.run(PG:196)
09-16 17:02:48.124  7060  7304 E kae     : 	at aeip.run(PG:7)
09-16 17:02:48.124  7060  7304 E kae     : 	at java.util.concurrent.ThreadPoolExecutor.runWorker(ThreadPoolExecutor.java:1156)
09-16 17:02:48.124  7060  7304 E kae     : 	at java.util.concurrent.ThreadPoolExecutor$Worker.run(ThreadPoolExecutor.java:651)
09-16 17:02:48.124  7060  7304 E kae     : 	at androidx.compose.ui.platform.AndroidComposeView$$ExternalSyntheticLambda4.run(PG:206)
09-16 17:02:48.124  7060  7304 E kae     : 	at java.lang.Thread.run(Thread.java:1119)
09-16 17:02:48.124  7060  7304 E kae     : 	at aejh.run(PG:61)
09-16 17:02:48.124  7060  7304 E kae     : Caused by: bolm: Protocol message end-group tag did not match expected tag.
09-16 17:02:48.124  7060  7304 E kae     : 	at bond.a(PG:112)
09-16 17:02:48.124  7060  7304 E kae     : 	at bomg.l(PG:61)
09-16 17:02:48.124  7060  7304 E kae     : 	at boju.R(PG:20)
09-16 17:02:48.124  7060  7304 E kae     : 	at boju.s(PG:5)
09-16 17:02:48.124  7060  7304 E kae     : 	at bomg.l(PG:239)
09-16 17:02:48.124  7060  7304 E kae     : 	at boju.R(PG:20)
09-16 17:02:48.124  7060  7304 E kae     : 	at boju.s(PG:5)
09-16 17:02:48.124  7060  7304 E kae     : 	at bomg.l(PG:239)
09-16 17:02:48.124  7060  7304 E kae     : 	at boju.R(PG:20)
09-16 17:02:48.124  7060  7304 E kae     : 	at boju.x(PG:5)
09-16 17:02:48.124  7060  7304 E kae     : 	at bomg.l(PG:299)
09-16 17:02:48.124  7060  7304 E kae     : 	at boju.R(PG:20)
09-16 17:02:48.124  7060  7304 E kae     : 	at boju.s(PG:5)
09-16 17:02:48.124  7060  7304 E kae     : 	at bomg.l(PG:239)
09-16 17:02:48.124  7060  7304 E kae     : 	at boju.R(PG:20)
09-16 17:02:48.124  7060  7304 E kae     : 	at boju.s(PG:5)
09-16 17:02:48.124  7060  7304 E kae     : 	at boju.t(PG:11)
09-16 17:02:48.124  7060  7304 E kae     : 	at boju.q(PG:77)
09-16 17:02:48.124  7060  7304 E kae     : 	at bomg.l(PG:146)
09-16 17:02:48.124  7060  7304 E kae     : 	at bokn.k(PG:19)
09-16 17:02:48.124  7060  7304 E kae     : 	at boiy.a(PG:5)
09-16 17:02:48.124  7060  7304 E kae     : 	at boiy.h(PG:1)
09-16 17:02:48.124  7060  7304 E kae     : 	at alrn.a(PG:9)
09-16 17:02:48.124  7060  7304 E kae     : 	at alrf.b(PG:39)
09-16 17:02:48.124  7060  7304 E kae     : 	... 15 more
09-16 17:02:48.147  1808  2213 I MiuiNetworkPolicy: updateUidState uid = 10183, uidState = 10
09-16 17:02:48.149  7060  7060 W kae     : [Gmail] MailSyncAdapterService: MailSyncAdapterService is destroyed! [CONTEXT android_log_tag="MailSyncAdapterService" ]
09-16 17:02:48.150  1808  1808 I whetstone.activity: Power Event callback listener is empty for resId=256
09-16 17:02:48.150  1808  1808 D BatteryStatsManagerStub: notifyEvent for resId=256 used 0ms
09-16 17:02:48.161  1808  2213 I MiuiNetworkPolicy: updateUidState uid = 10183, uidState = 19
09-16 17:02:48.175  1583  2182 I libsensor-displayalgo: the value of channelCali C:5336.045606,R:2869.515314,G:2201.741051,B:1023.831838,scales C:1.053362,R:0.940208,G:1.080438,B:1.016771
09-16 17:02:48.175  1583  2182 D libsensor-displayalgo: brightness:8191.000000,flat_mode:0.000000,R1:13125.407461,G1:13747.502646,B1:13596.424148,R2:14254.020689,G2:14878.967315,B2:14760.729105,R3:10660.255219,G3:11229.331766,B3:11055.048842,R4:13062.343833,G4:13636.887652,B4:13521.946516,EVENT C:8422.000000,R:4503.000000,G:3843.000000,B:1977.000000, lux: 149.847382
09-16 17:02:48.247  1064  1064 I BufferQueueProducer: [FramebufferSurface](this:0xb400007aa4096710,id:-1,api:1,p:1064,c:1064) queueBuffer: fps=119.56 dur=1003.71 max=16.37 min=5.78
09-16 17:02:48.248   969  1656 I android.hardware.graphics.composer@3.2-service: Sensor: notify citsensorservice to trigger cwb
09-16 17:02:48.248  1583  2176 I libsensor-frameBufferManager: request dump start
09-16 17:02:48.248  1583  2176 D libcomposer_ext: ClientImplAidl::getDispDump(), dpy 1, dst (160, 120), dump_point 1, release_fence -1
09-16 17:02:48.249   969   969 D libcomposer_ext: DeviceImplAidl::syncPerform(14), client_handle: 1
09-16 17:02:48.249   969   969 D libcomposer_ext: DeviceImplAidl::DeviceClientContextAidl::ParseGetDispDump()
09-16 17:02:48.249   969   969 D libcomposer_ext: DeviceImplAidl::ParseGetDispDump(), dpy 1, dst (160, 120), dump_point 1
09-16 17:02:48.249   969   969 I hwcomposer: [HWC] getDispDump(), dpy 1, (822,7,982,127), (160, 120), (1, 2), (-1), (-1), (0xb400006f50ca61b0)  
09-16 17:02:48.249   969   969 I hwcomposer: [DRMDEV] isSupportWbParams(), id_crtc 103, id_connector 34, dump_point 1, src(160, 120), dst(160, 120), config 2  
09-16 17:02:48.249   969   969 E hwcomposer: [DRMDEV] isSupportWbParams(), disp(1220, 2712)  
09-16 17:02:48.249   969   969 I hwcomposer: [DISP_DUMP] setDumpBuf(), dpy(0), src(822, 7, 982, 127), dst(160, 120), (1, 2), -1, (-1), (0xb400006f50ca61b0)  
09-16 17:02:48.249   969   969 I hwcomposer: [HWC] (0)fire a callback of refresh to SF[9]  
09-16 17:02:48.256   969   969 D libcomposer_ext: DeviceImplAidl::DeviceClientContextAidl::NotifyDispDumpReady()
09-16 17:02:48.257  1583  1583 D libcomposer_ext: ClientCallbackAidl::asyncPerform(15)
09-16 17:02:48.257  1583  1583 D libcomposer_ext: ClientImplAidl::ParseNotifyDispDumpReady()
09-16 17:02:48.267  1808  1900 I ThermalObserver: Temperature control has been released.
09-16 17:02:48.275   993  1035 I libPerfCtl: xgfGetFPS pid:2628 fps:-1
09-16 17:02:48.275   993  1035 I libPerfCtl: xgfGetFPS pid:6607 fps:-1
09-16 17:02:48.276  1583  2177 D libsensor-parseRGB: the value of RGB [74.450814 76.034523 75.653567]
09-16 17:02:48.309  1808  1808 W Bundle  : Key android.text expected String but value was a android.text.SpannableString.  The default value <null> was returned.
09-16 17:02:48.310  1808  2272 D isUidValid: uid = 10087
09-16 17:02:48.310  1808  2213 I MiuiNetworkPolicy: updateUidState uid = 10087, uidState = 5
09-16 17:02:48.312  1808  1808 W Bundle  : Attempt to cast generated internal exception:
09-16 17:02:48.312  1808  1808 W Bundle  : java.lang.ClassCastException: android.text.SpannableString cannot be cast to java.lang.String
09-16 17:02:48.312  1808  1808 W Bundle  : 	at android.os.BaseBundle.getString(BaseBundle.java:1418)
09-16 17:02:48.312  1808  1808 W Bundle  : 	at com.android.server.notification.NotificationManagerServiceImpl.replaceNotification(NotificationManagerServiceImpl.java:1135)
09-16 17:02:48.312  1808  1808 W Bundle  : 	at com.android.server.notification.NotificationManagerService$NotificationListeners.prepareNotifyPostedLocked(NotificationManagerService.java:12211)
09-16 17:02:48.312  1808  1808 W Bundle  : 	at com.android.server.notification.NotificationManagerService.notifyListenersPostedAndLogLocked(NotificationManagerService.java:11664)
09-16 17:02:48.312  1808  1808 W Bundle  : 	at com.android.server.notification.NotificationManagerService.-$$Nest$mnotifyListenersPostedAndLogLocked(Unknown Source:0)
09-16 17:02:48.312  1808  1808 W Bundle  : 	at com.android.server.notification.NotificationManagerService$PostNotificationRunnable.postNotification(NotificationManagerService.java:9075)
09-16 17:02:48.312  1808  1808 W Bundle  : 	at com.android.server.notification.NotificationManagerService$PostNotificationRunnable.run(NotificationManagerService.java:8926)
09-16 17:02:48.312  1808  1808 W Bundle  : 	at android.os.Handler.handleCallback(Handler.java:959)
09-16 17:02:48.312  1808  1808 W Bundle  : 	at android.os.Handler.dispatchMessage(Handler.java:100)
09-16 17:02:48.312  1808  1808 W Bundle  : 	at android.os.Looper.loopOnce(Looper.java:249)
09-16 17:02:48.312  1808  1808 W Bundle  : 	at android.os.Looper.loop(Looper.java:337)
09-16 17:02:48.312  1808  1808 W Bundle  : 	at com.android.server.SystemServer.run(SystemServer.java:1088)
09-16 17:02:48.312  1808  1808 W Bundle  : 	at com.android.server.SystemServer.main(SystemServer.java:733)
09-16 17:02:48.312  1808  1808 W Bundle  : 	at java.lang.reflect.Method.invoke(Native Method)
09-16 17:02:48.312  1808  1808 W Bundle  : 	at com.android.internal.os.RuntimeInit$MethodAndArgsCaller.run(RuntimeInit.java:636)
09-16 17:02:48.312  1808  1808 W Bundle  : 	at com.android.internal.os.ZygoteInit.main(ZygoteInit.java:983)
09-16 17:02:48.315  1808  2238 I ClipboardServiceI: checkProviderWakePathForClipboard: androidis not a activePermissionOwner
09-16 17:02:48.315  1808  2238 I SmartPower: android.process.acore/10087(29951): idle->background(153697ms) R(content provider start ContentProviderRecord{b24c7ff u0 com.android.providers.contacts/.ContactsProvider2}) adj=0.
09-16 17:02:48.317  1808  2238 I ActivityThread: installProviderAuthoritiesLocked allowBlocking com.android.contacts
09-16 17:02:48.318 29951 12474 I ContactsProvider: Contacts query: CPID=1808, CallingPackage = android User=0
09-16 17:02:48.319 29951 12474 I ContactsProvider: Contacts query: access CPID=1808, CallingPackage = android User=0
09-16 17:02:48.320 29951 12474 I ContactsProvider: querylocal match: 3007
09-16 17:02:48.321  1808  1808 W Bundle  : Key android.text expected String but value was a android.text.SpannableString.  The default value <null> was returned.
09-16 17:02:48.321  1808  1808 W Bundle  : Attempt to cast generated internal exception:
09-16 17:02:48.321  1808  1808 W Bundle  : java.lang.ClassCastException: android.text.SpannableString cannot be cast to java.lang.String
09-16 17:02:48.321  1808  1808 W Bundle  : 	at android.os.BaseBundle.getString(BaseBundle.java:1418)
09-16 17:02:48.321  1808  1808 W Bundle  : 	at com.android.server.notification.NotificationManagerServiceImpl.replaceNotification(NotificationManagerServiceImpl.java:1135)
09-16 17:02:48.321  1808  1808 W Bundle  : 	at com.android.server.notification.NotificationManagerService$NotificationListeners.prepareNotifyPostedLocked(NotificationManagerService.java:12211)
09-16 17:02:48.321  1808  1808 W Bundle  : 	at com.android.server.notification.NotificationManagerService.notifyListenersPostedAndLogLocked(NotificationManagerService.java:11664)
09-16 17:02:48.321  1808  1808 W Bundle  : 	at com.android.server.notification.NotificationManagerService.-$$Nest$mnotifyListenersPostedAndLogLocked(Unknown Source:0)
09-16 17:02:48.321  1808  1808 W Bundle  : 	at com.android.server.notification.NotificationManagerService$PostNotificationRunnable.postNotification(NotificationManagerService.java:9075)
09-16 17:02:48.321  1808  1808 W Bundle  : 	at com.android.server.notification.NotificationManagerService$PostNotificationRunnable.run(NotificationManagerService.java:8926)
09-16 17:02:48.321  1808  1808 W Bundle  : 	at android.os.Handler.handleCallback(Handler.java:959)
09-16 17:02:48.321  1808  1808 W Bundle  : 	at android.os.Handler.dispatchMessage(Handler.java:100)
09-16 17:02:48.321  1808  1808 W Bundle  : 	at android.os.Looper.loopOnce(Looper.java:249)
09-16 17:02:48.321  1808  1808 W Bundle  : 	at android.os.Looper.loop(Looper.java:337)
09-16 17:02:48.321  1808  1808 W Bundle  : 	at com.android.server.SystemServer.run(SystemServer.java:1088)
09-16 17:02:48.321  1808  1808 W Bundle  : 	at com.android.server.SystemServer.main(SystemServer.java:733)
09-16 17:02:48.321  1808  1808 W Bundle  : 	at java.lang.reflect.Method.invoke(Native Method)
09-16 17:02:48.321  1808  1808 W Bundle  : 	at com.android.internal.os.RuntimeInit$MethodAndArgsCaller.run(RuntimeInit.java:636)
09-16 17:02:48.321  1808  1808 W Bundle  : 	at com.android.internal.os.ZygoteInit.main(ZygoteInit.java:983)
09-16 17:02:48.329  1808  1808 W NotificationHistory: Attempted to add notif for locked/gone/disabled user 0
09-16 17:02:48.337 29951 12474 I ContactsProvider: return querylocal
09-16 17:02:48.337 29951 12474 I ContactsProvider: query return 4 queryDirectoryIfNecessary 
09-16 17:02:48.337 29951 12474 I ContactsProvider: query return 5 finally 
09-16 17:02:48.344  2628  2628 D ArtChoreographerMonitor: invoke error.
09-16 17:02:48.351  3448  3461 W id.ext.services: ApkAssets: Deleting an ApkAssets object '<empty> and /data/app/~~M9dTasKot-Isc3BQWzjx_Q==/com.whatsapp-lXNKL8blkfat1fFCK1Cwyg==/base.apk' with 1 weak references
09-16 17:02:48.352  3448  3461 W id.ext.services: ApkAssets: Deleting an ApkAssets object '<empty> and /data/app/~~M9dTasKot-Isc3BQWzjx_Q==/com.whatsapp-lXNKL8blkfat1fFCK1Cwyg==/split_config.arm64_v8a.apk' with 1 weak references
09-16 17:02:48.352  3448  3461 W id.ext.services: ApkAssets: Deleting an ApkAssets object '<empty> and /data/app/~~M9dTasKot-Isc3BQWzjx_Q==/com.whatsapp-lXNKL8blkfat1fFCK1Cwyg==/split_config.xxhdpi.apk' with 1 weak references
09-16 17:02:48.352  3448  3461 W id.ext.services: ApkAssets: Deleting an ApkAssets object '<empty> and /data/app/~~XhMwO4SMLt8iy2xdAonO3Q==/com.mercadolibre-ZfhWNJ3QamS3tsdI3FwPyQ==/base.apk' with 1 weak references
09-16 17:02:48.352  3448  3461 W id.ext.services: ApkAssets: Deleting an ApkAssets object '<empty> and /data/app/~~XhMwO4SMLt8iy2xdAonO3Q==/com.mercadolibre-ZfhWNJ3QamS3tsdI3FwPyQ==/split_config.arm64_v8a.apk' with 1 weak references
09-16 17:02:48.352  3448  3461 W id.ext.services: ApkAssets: Deleting an ApkAssets object '<empty> and /data/app/~~XhMwO4SMLt8iy2xdAonO3Q==/com.mercadolibre-ZfhWNJ3QamS3tsdI3FwPyQ==/split_config.xhdpi.apk' with 1 weak references
09-16 17:02:48.352  3448  3461 W id.ext.services: ApkAssets: Deleting an ApkAssets object '<empty> and /data/app/~~XhMwO4SMLt8iy2xdAonO3Q==/com.mercadolibre-ZfhWNJ3QamS3tsdI3FwPyQ==/split_config.xxhdpi.apk' with 1 weak references
09-16 17:02:48.353  3448  3461 W id.ext.services: ApkAssets: Deleting an ApkAssets object '<empty> and /data/app/~~1UV4tc1MwoHjwPMMig6x4g==/com.miui.videoplayer-X5e4q6SxEdBoMDnUFCZx9w==/base.apk' with 1 weak references
09-16 17:02:48.353  3448  3461 W id.ext.services: ApkAssets: Deleting an ApkAssets object '<empty> and /data/app/~~-jOuBMgKXs_94KPysyq5Qg==/br.com.vivo-d5F91tjNKUOavHyH-GbjzQ==/base.apk' with 1 weak references
09-16 17:02:48.353  3448  3461 W id.ext.services: ApkAssets: Deleting an ApkAssets object '<empty> and /data/app/~~-jOuBMgKXs_94KPysyq5Qg==/br.com.vivo-d5F91tjNKUOavHyH-GbjzQ==/split_config.arm64_v8a.apk' with 1 weak references
09-16 17:02:48.353  3448  3461 W id.ext.services: ApkAssets: Deleting an ApkAssets object '<empty> and /data/app/~~-jOuBMgKXs_94KPysyq5Qg==/br.com.vivo-d5F91tjNKUOavHyH-GbjzQ==/split_config.xxhdpi.apk' with 1 weak references
09-16 17:02:48.356  3448  3461 W id.ext.services: ApkAssets: Deleting an ApkAssets object '<empty> and /data/app/~~qEN9olU0cqTe6xVbCvQebA==/com.google.android.googlequicksearchbox-lPM_N-YBmISH-eIIfeRgrw==/base.apk' with 1 weak references
09-16 17:02:48.357  3448  3461 W id.ext.services: ApkAssets: Deleting an ApkAssets object '<empty> and /data/app/~~qEN9olU0cqTe6xVbCvQebA==/com.google.android.googlequicksearchbox-lPM_N-YBmISH-eIIfeRgrw==/split_config.xxhdpi.apk' with 1 weak references
09-16 17:02:48.357  3448  3461 W id.ext.services: ApkAssets: Deleting an ApkAssets object '<empty> and /data/app/~~qEN9olU0cqTe6xVbCvQebA==/com.google.android.googlequicksearchbox-lPM_N-YBmISH-eIIfeRgrw==/split_lens_ondevice_engine_feature_module.apk' with 1 weak references
09-16 17:02:48.357  3448  3461 W id.ext.services: ApkAssets: Deleting an ApkAssets object '<empty> and /data/app/~~qEN9olU0cqTe6xVbCvQebA==/com.google.android.googlequicksearchbox-lPM_N-YBmISH-eIIfeRgrw==/split_lens_ondevice_engine_play_ml_module.apk' with 1 weak references
09-16 17:02:48.357  3448  3461 W id.ext.services: ApkAssets: Deleting an ApkAssets object '<empty> and /data/app/~~qEN9olU0cqTe6xVbCvQebA==/com.google.android.googlequicksearchbox-lPM_N-YBmISH-eIIfeRgrw==/split_tclib_native_feature_module.apk' with 1 weak references
09-16 17:02:48.358  3448  3461 W id.ext.services: ApkAssets: Deleting an ApkAssets object '<empty> and /system/priv-app/MtpService/MtpService.apk' with 1 weak references
09-16 17:02:48.358  3448  3461 W id.ext.services: ApkAssets: Deleting an ApkAssets object '<empty> and /data/app/~~aEN4DzUWk7HyVqio_FL1sw==/com.android.deskclock-QdYAZgZZ3n6KZU8qhsbjZQ==/MIUIDeskClockGlobal.apk' with 1 weak references
09-16 17:02:48.358  3448  3461 W id.ext.services: ApkAssets: Deleting an ApkAssets object '<empty> and /system_ext/app/miuisystem/miuisystem.apk' with 3 weak references
09-16 17:02:48.358  3448  3461 W id.ext.services: ApkAssets: Deleting an ApkAssets object '<empty> and /data/app/~~V3kLcuBaJrkcnZVqo26R_Q==/com.google.android.calendar-i7HCzJYiebu8jUSVQGCTuw==/base.apk' with 1 weak references
09-16 17:02:48.358  3448  3461 W id.ext.services: ApkAssets: Deleting an ApkAssets object '<empty> and /data/app/~~V3kLcuBaJrkcnZVqo26R_Q==/com.google.android.calendar-i7HCzJYiebu8jUSVQGCTuw==/split_config.arm64_v8a.apk' with 1 weak references
09-16 17:02:48.358  3448  3461 W id.ext.services: ApkAssets: Deleting an ApkAssets object '<empty> and /data/app/~~V3kLcuBaJrkcnZVqo26R_Q==/com.google.android.calendar-i7HCzJYiebu8jUSVQGCTuw==/split_config.pt.apk' with 1 weak references
09-16 17:02:48.358  3448  3461 W id.ext.services: ApkAssets: Deleting an ApkAssets object '<empty> and /data/app/~~V3kLcuBaJrkcnZVqo26R_Q==/com.google.android.calendar-i7HCzJYiebu8jUSVQGCTuw==/split_config.xxhdpi.apk' with 1 weak references
09-16 17:02:48.359  3448  3461 W id.ext.services: ApkAssets: Deleting an ApkAssets object '<empty> and /data/app/~~iU45nDej2oObWd2BCmKb5w==/com.xiaomi.calendar-Pg15oPqhPo7L1eGXwrLEPg==/base.apk' with 1 weak references
09-16 17:02:48.359  3448  3461 W id.ext.services: ApkAssets: Deleting an ApkAssets object '<empty> and /product/app/MIUIScreenshot/MIUIScreenshot.apk' with 1 weak references
09-16 17:02:48.359  3448  3461 W id.ext.services: ApkAssets: Deleting an ApkAssets object '<empty> and /system_ext/priv-app/RtMiCloudSDK/RtMiCloudSDK.apk' with 1 weak references
09-16 17:02:48.373  1583  2182 I libsensor-displayalgo: the value of channelCali C:5336.045606,R:2869.515314,G:2201.741051,B:1023.831838,scales C:1.053362,R:0.940208,G:1.080438,B:1.016771
09-16 17:02:48.373  1583  2182 D libsensor-displayalgo: brightness:8191.000000,flat_mode:0.000000,R1:13125.407461,G1:13747.502646,B1:13596.424148,R2:14254.020689,G2:14878.967315,B2:14760.729105,R3:10660.255219,G3:11229.331766,B3:11055.048842,R4:13062.343833,G4:13636.887652,B4:13521.946516,EVENT C:8427.000000,R:4509.000000,G:3846.000000,B:1977.000000, lux: 149.845566
09-16 17:02:48.454  1808  2737 D SLM-SRV-SLAService: checktemp temperature = 33992 temperature_average = 33846 isPerformanceMode = false thermal_enable_slm = true
09-16 17:02:48.456   969  1656 I android.hardware.graphics.composer@3.2-service: Sensor: notify citsensorservice to trigger cwb
09-16 17:02:48.456  1583  2176 I libsensor-frameBufferManager: request dump start
09-16 17:02:48.457  1583  2176 D libcomposer_ext: ClientImplAidl::getDispDump(), dpy 1, dst (160, 120), dump_point 1, release_fence -1
09-16 17:02:48.457   969   969 D libcomposer_ext: DeviceImplAidl::syncPerform(14), client_handle: 1
09-16 17:02:48.457   969   969 D libcomposer_ext: DeviceImplAidl::DeviceClientContextAidl::ParseGetDispDump()
09-16 17:02:48.457   969   969 D libcomposer_ext: DeviceImplAidl::ParseGetDispDump(), dpy 1, dst (160, 120), dump_point 1
09-16 17:02:48.457   969   969 I hwcomposer: [HWC] getDispDump(), dpy 1, (822,7,982,127), (160, 120), (1, 2), (-1), (-1), (0xb400006f50ca62d0)  
09-16 17:02:48.457   969   969 I hwcomposer: [DRMDEV] isSupportWbParams(), id_crtc 103, id_connector 34, dump_point 1, src(160, 120), dst(160, 120), config 2  
09-16 17:02:48.457   969   969 E hwcomposer: [DRMDEV] isSupportWbParams(), disp(1220, 2712)  
09-16 17:02:48.457   969   969 I hwcomposer: [DISP_DUMP] setDumpBuf(), dpy(0), src(822, 7, 982, 127), dst(160, 120), (1, 2), -1, (-1), (0xb400006f50ca62d0)  
09-16 17:02:48.458   969   969 I hwcomposer: [HWC] (0)fire a callback of refresh to SF[9]  
09-16 17:02:48.462  1064  1064 I BufferQueueProducer: [com.android.chrome/ChromeChildSurface#8442](this:0xb400007b6437ee90,id:-1,api:0,p:-1,c:1064) queueBuffer: fps=119.46 dur=1004.51 max=16.56 min=7.71
09-16 17:02:48.464   969   969 D libcomposer_ext: DeviceImplAidl::DeviceClientContextAidl::NotifyDispDumpReady()
09-16 17:02:48.464  1583  1583 D libcomposer_ext: ClientCallbackAidl::asyncPerform(15)
09-16 17:02:48.464  1583  1583 D libcomposer_ext: ClientImplAidl::ParseNotifyDispDumpReady()
09-16 17:02:48.482   979  1143 E HfLooper: sensor imu_hand_detect in hal data=1000,999,0,0,10040,21
09-16 17:02:48.484  1583  2177 D libsensor-parseRGB: the value of RGB [74.450814 76.034523 75.653567]
09-16 17:02:48.516  1808  2301 I SmartPower: com.zhiliaoapp.musically/10056(20875): background->idle(3012ms) R(broadcast start Intent { act=android.net.wifi.RSSI_CHANGED flg=0x4000010 (has extras) }) adj=905.
09-16 17:02:48.522  2628  2628 D ArtChoreographerMonitor: invoke error.
09-16 17:02:48.547   969   969 I hwcomposer: [HWCDisplay] [Display_0 (type:1, mode:2)] fps:119.602882,dur:1003.32,max:16.35,min:5.71  
09-16 17:02:48.549  2628  2628 D MiuiBubbleManager: onEntryAdded: com.android.systemui.statusbar.notification.collection.NotificationEntry@c42df5c
09-16 17:02:48.549  2628  2823 D NotificationProvider: call method=updateNotificationUsageInfo extras=Bundle[{packageName=com.google.android.gm}]
09-16 17:02:48.552  2628  2628 D MiuiBubbleManager: onEntryAdded: com.android.systemui.statusbar.notification.collection.NotificationEntry@5af5265
09-16 17:02:48.559  2628  2823 D NotificationProvider: call method=updateNotificationUsageInfo extras=Bundle[{packageName=com.google.android.gm}]
09-16 17:02:48.560  2628  2628 D ArtChoreographerMonitor: invoke error.
09-16 17:02:48.564  1808  3377 W ActivityManagerServiceImpl: Sending non-protected broadcast android.intent.action.APPLICATION_MESSAGE_UPDATE from system 2628:com.android.systemui/1000 pkg com.android.systemui. Callers=
09-16 17:02:48.569  1583  2182 I libsensor-displayalgo: the value of channelCali C:5336.045606,R:2869.515314,G:2201.741051,B:1023.831838,scales C:1.053362,R:0.940208,G:1.080438,B:1.016771
09-16 17:02:48.569  1583  2182 D libsensor-displayalgo: brightness:8191.000000,flat_mode:0.000000,R1:13125.407461,G1:13747.502646,B1:13596.424148,R2:14254.020689,G2:14878.967315,B2:14760.729105,R3:10660.255219,G3:11229.331766,B3:11055.048842,R4:13062.343833,G4:13636.887652,B4:13521.946516,EVENT C:8430.000000,R:4505.000000,G:3845.000000,B:1978.000000, lux: 150.488174
09-16 17:02:48.586  2628  3153 E backgroundBlur: setMiViewBlurMode disable com.android.systemui.statusbar.notification.row.NotificationBackgroundView
09-16 17:02:48.588  2628  3153 D HWUI    : setMiShadow closed
09-16 17:02:48.641  2628  2628 E backgroundBlur: setMiViewBlurMode disable com.android.systemui.statusbar.notification.row.NotificationBackgroundView
09-16 17:02:48.642  2628  2628 D HWUI    : setMiShadow closed
09-16 17:02:48.643  2628  2628 D AlertCoordinator: onViewBound, buzzBeep for 0|com.google.android.gm|1252038928|gig:1544562671:^sq_ig_i_personal|10183
09-16 17:02:48.656  2628  2628 E StackScroller: updateSidePadding: viewWidth is zero
09-16 17:02:48.663   969  1656 I android.hardware.graphics.composer@3.2-service: Sensor: notify citsensorservice to trigger cwb
09-16 17:02:48.664  2628  2628 D NotificationHeaderExpandController: onExpansionChanged: progress =  0.0
09-16 17:02:48.664  1583  2176 I libsensor-frameBufferManager: request dump start
09-16 17:02:48.664  1583  2176 D libcomposer_ext: ClientImplAidl::getDispDump(), dpy 1, dst (160, 120), dump_point 1, release_fence -1
09-16 17:02:48.664   969   969 D libcomposer_ext: DeviceImplAidl::syncPerform(14), client_handle: 1
09-16 17:02:48.664   969   969 D libcomposer_ext: DeviceImplAidl::DeviceClientContextAidl::ParseGetDispDump()
09-16 17:02:48.664   969   969 D libcomposer_ext: DeviceImplAidl::ParseGetDispDump(), dpy 1, dst (160, 120), dump_point 1
09-16 17:02:48.664   969   969 I hwcomposer: [HWC] getDispDump(), dpy 1, (822,7,982,127), (160, 120), (1, 2), (-1), (-1), (0xb400006f50ca3030)  
09-16 17:02:48.664   969   969 I hwcomposer: [DRMDEV] isSupportWbParams(), id_crtc 103, id_connector 34, dump_point 1, src(160, 120), dst(160, 120), config 2  
09-16 17:02:48.664   969   969 E hwcomposer: [DRMDEV] isSupportWbParams(), disp(1220, 2712)  
09-16 17:02:48.664   969   969 I hwcomposer: [DISP_DUMP] setDumpBuf(), dpy(0), src(822, 7, 982, 127), dst(160, 120), (1, 2), -1, (-1), (0xb400006f50ca3030)  
09-16 17:02:48.664   969   969 I hwcomposer: [HWC] (0)fire a callback of refresh to SF[9]  
09-16 17:02:48.669  1064  1064 I BufferQueueProducer: [StatusBar#106](this:0xb400007b642df2b0,id:-1,api:0,p:-1,c:1064) queueBuffer: fps=0.30 dur=3278.96 max=3278.96 min=3278.96
09-16 17:02:48.673   969   969 D libcomposer_ext: DeviceImplAidl::DeviceClientContextAidl::NotifyDispDumpReady()
09-16 17:02:48.674  1583  1583 D libcomposer_ext: ClientCallbackAidl::asyncPerform(15)
09-16 17:02:48.674  1583  1583 D libcomposer_ext: ClientImplAidl::ParseNotifyDispDumpReady()
09-16 17:02:48.692  1583  2177 D libsensor-parseRGB: the value of RGB [74.450814 76.034523 75.653567]
09-16 17:02:48.768  1583  2182 I libsensor-displayalgo: the value of channelCali C:5336.045606,R:2869.515314,G:2201.741051,B:1023.831838,scales C:1.053362,R:0.940208,G:1.080438,B:1.016771
09-16 17:02:48.768  1583  2182 D libsensor-displayalgo: brightness:8191.000000,flat_mode:0.000000,R1:13125.407461,G1:13747.502646,B1:13596.424148,R2:14254.020689,G2:14878.967315,B2:14760.729105,R3:10660.255219,G3:11229.331766,B3:11055.048842,R4:13062.343833,G4:13636.887652,B4:13521.946516,EVENT C:8429.000000,R:4508.000000,G:3846.000000,B:1979.000000, lux: 150.140015
09-16 17:02:48.834  2628  2628 D ArtChoreographerMonitor: invoke error.
09-16 17:02:48.863   969  1656 I android.hardware.graphics.composer@3.2-service: Sensor: notify citsensorservice to trigger cwb
09-16 17:02:48.864  1583  2176 I libsensor-frameBufferManager: request dump start
09-16 17:02:48.864  1583  2176 D libcomposer_ext: ClientImplAidl::getDispDump(), dpy 1, dst (160, 120), dump_point 1, release_fence -1
09-16 17:02:48.864   969   969 D libcomposer_ext: DeviceImplAidl::syncPerform(14), client_handle: 1
09-16 17:02:48.864   969   969 D libcomposer_ext: DeviceImplAidl::DeviceClientContextAidl::ParseGetDispDump()
09-16 17:02:48.864   969   969 D libcomposer_ext: DeviceImplAidl::ParseGetDispDump(), dpy 1, dst (160, 120), dump_point 1
09-16 17:02:48.864   969   969 I hwcomposer: [HWC] getDispDump(), dpy 1, (822,7,982,127), (160, 120), (1, 2), (-1), (-1), (0xb400006f50ca61b0)  
09-16 17:02:48.864   969   969 I hwcomposer: [DRMDEV] isSupportWbParams(), id_crtc 103, id_connector 34, dump_point 1, src(160, 120), dst(160, 120), config 2  
09-16 17:02:48.864   969   969 E hwcomposer: [DRMDEV] isSupportWbParams(), disp(1220, 2712)  
09-16 17:02:48.864   969   969 I hwcomposer: [DISP_DUMP] setDumpBuf(), dpy(0), src(822, 7, 982, 127), dst(160, 120), (1, 2), -1, (-1), (0xb400006f50ca61b0)  
09-16 17:02:48.864   969   969 I hwcomposer: [HWC] (0)fire a callback of refresh to SF[9]  
09-16 17:02:48.871   969   969 D libcomposer_ext: DeviceImplAidl::DeviceClientContextAidl::NotifyDispDumpReady()
09-16 17:02:48.872  1583  1583 D libcomposer_ext: ClientCallbackAidl::asyncPerform(15)
09-16 17:02:48.872  1583  1583 D libcomposer_ext: ClientImplAidl::ParseNotifyDispDumpReady()
09-16 17:02:48.882   979  1143 E HfLooper: sensor imu_hand_detect in hal data=1000,999,0,0,10033,18
09-16 17:02:48.891  1583  2177 D libsensor-parseRGB: the value of RGB [74.450814 76.034523 75.653567]
09-16 17:02:48.967  1583  2182 I libsensor-displayalgo: the value of channelCali C:5336.045606,R:2869.515314,G:2201.741051,B:1023.831838,scales C:1.053362,R:0.940208,G:1.080438,B:1.016771
09-16 17:02:48.967  1583  2182 D libsensor-displayalgo: brightness:8191.000000,flat_mode:0.000000,R1:13125.407461,G1:13747.502646,B1:13596.424148,R2:14254.020689,G2:14878.967315,B2:14760.729105,R3:10660.255219,G3:11229.331766,B3:11055.048842,R4:13062.343833,G4:13636.887652,B4:13521.946516,EVENT C:8456.000000,R:4525.000000,G:3864.000000,B:1986.000000, lux: 151.080963
09-16 17:02:48.988  1808  2301 I SmartPower: com.google.android.gm/10183(7060): background->idle(5054ms) R(adj below visible) adj=905.
09-16 17:02:49.051  1808  2722 I NetworkBoostStatusManager: handle: 108
09-16 17:02:49.051  1808  2722 E NetworkBoostStatusManager: other registerMovementSensorListener succeed!
09-16 17:02:49.066  1808  1904 I SmartPower: com.mi.android.globallauncher/10166(2387): idle->background(141798ms) R(broadcast start Intent { act=android.intent.action.APPLICATION_MESSAGE_UPDATE flg=0x10 pkg=com.mi.android.globallauncher (has extras) }) adj=100.
09-16 17:02:49.071   969  1656 I android.hardware.graphics.composer@3.2-service: Sensor: notify citsensorservice to trigger cwb
09-16 17:02:49.071  1583  2176 I libsensor-frameBufferManager: request dump start
09-16 17:02:49.071  1583  2176 D libcomposer_ext: ClientImplAidl::getDispDump(), dpy 1, dst (160, 120), dump_point 1, release_fence -1
09-16 17:02:49.072   969   969 D libcomposer_ext: DeviceImplAidl::syncPerform(14), client_handle: 1
09-16 17:02:49.072   969   969 D libcomposer_ext: DeviceImplAidl::DeviceClientContextAidl::ParseGetDispDump()
09-16 17:02:49.072   969   969 D libcomposer_ext: DeviceImplAidl::ParseGetDispDump(), dpy 1, dst (160, 120), dump_point 1
09-16 17:02:49.072   969   969 I hwcomposer: [HWC] getDispDump(), dpy 1, (822,7,982,127), (160, 120), (1, 2), (-1), (-1), (0xb400006f50ca62d0)  
09-16 17:02:49.072   969   969 I hwcomposer: [DRMDEV] isSupportWbParams(), id_crtc 103, id_connector 34, dump_point 1, src(160, 120), dst(160, 120), config 2  
09-16 17:02:49.072   969   969 E hwcomposer: [DRMDEV] isSupportWbParams(), disp(1220, 2712)  
09-16 17:02:49.072   969   969 I hwcomposer: [DISP_DUMP] setDumpBuf(), dpy(0), src(822, 7, 982, 127), dst(160, 120), (1, 2), -1, (-1), (0xb400006f50ca62d0)  
09-16 17:02:49.072   969   969 I hwcomposer: [HWC] (0)fire a callback of refresh to SF[9]  
09-16 17:02:49.072  2387  2713 I Launcher.ApplicationsMessage: onReceive true
09-16 17:02:49.073  2387  2713 I Launcher.ApplicationsMessage: update com.google.android.gm/ to 1
09-16 17:02:49.074  2387  2387 D ShortcutIcon: setMessage text1
09-16 17:02:49.077  2387  2387 D ShortcutsAdapter: buildSortingMap map size:21
09-16 17:02:49.077  2387  2387 D ItemIcon: setMessage text1
09-16 17:02:49.078  2387  2943 W PreviewDisappear: getIconDrawable src: com.miui.home.launcher.graphics.drawable.LayerAdaptiveIconDrawable@fd3ed9b
09-16 17:02:49.078  2387  2943 W PreviewDisappear: getIconDrawable app drawable: com.miui.home.launcher.graphics.drawable.LayerAdaptiveIconDrawable@84f14a6
09-16 17:02:49.078  2387  2387 D ItemIcon: setMessage text1
09-16 17:02:49.078  2387  2943 W PreviewDisappear: getIconDrawable finally drawable: com.miui.home.launcher.graphics.drawable.LayerAdaptiveIconDrawable@84f14a6
09-16 17:02:49.078   969   969 D libcomposer_ext: DeviceImplAidl::DeviceClientContextAidl::NotifyDispDumpReady()
09-16 17:02:49.079  1583  1583 D libcomposer_ext: ClientCallbackAidl::asyncPerform(15)
09-16 17:02:49.079  1583  1583 D libcomposer_ext: ClientImplAidl::ParseNotifyDispDumpReady()
09-16 17:02:49.080  2387  2943 W PreviewDisappear: got icon for: com.google.android.gm drawable: com.miui.home.launcher.graphics.drawable.LayerAdaptiveIconDrawable@84f14a6
09-16 17:02:49.080  2387  2943 W PreviewDisappear: getIconDrawable src: com.miui.home.launcher.graphics.drawable.LayerAdaptiveIconDrawable@95cb654
09-16 17:02:49.080  2387  2943 W PreviewDisappear: getIconDrawable app drawable: com.miui.home.launcher.graphics.drawable.LayerAdaptiveIconDrawable@b789745
09-16 17:02:49.080  2387  2943 W PreviewDisappear: getIconDrawable finally drawable: com.miui.home.launcher.graphics.drawable.LayerAdaptiveIconDrawable@b789745
09-16 17:02:49.080  2387  2943 W PreviewDisappear: got icon for: com.google.android.apps.dynamite drawable: com.miui.home.launcher.graphics.drawable.LayerAdaptiveIconDrawable@b789745
09-16 17:02:49.080  2387  2387 D ItemIcon: setMessage text1
09-16 17:02:49.080  2387  2943 W PreviewDisappear: getIconDrawable src: com.miui.home.launcher.graphics.drawable.LayerAdaptiveIconDrawable@3127ff5
09-16 17:02:49.080  2387  2943 W PreviewDisappear: getIconDrawable app drawable: com.miui.home.launcher.graphics.drawable.LayerAdaptiveIconDrawable@5cc83e1
09-16 17:02:49.080  2387  2943 W PreviewDisappear: getIconDrawable finally drawable: com.miui.home.launcher.graphics.drawable.LayerAdaptiveIconDrawable@5cc83e1
09-16 17:02:49.080  2387  2387 D ItemIcon: setMessage text2
09-16 17:02:49.081  2387  2943 W PreviewDisappear: got icon for: com.google.android.calendar drawable: com.miui.home.launcher.graphics.drawable.LayerAdaptiveIconDrawable@5cc83e1
09-16 17:02:49.082  2387  2387 D ItemIcon: setMessage text2
09-16 17:02:49.083  2387  2943 W PreviewDisappear: getIconDrawable src: com.miui.home.launcher.graphics.drawable.LayerAdaptiveIconDrawable@e5b518a
09-16 17:02:49.083  2387  2943 W PreviewDisappear: getIconDrawable app drawable: com.miui.home.launcher.graphics.drawable.LayerAdaptiveIconDrawable@e0b73ee
09-16 17:02:49.083  2387  2387 W PreviewDisappear: set icon for: com.google.android.gm preview drawable: com.miui.home.launcher.graphics.drawable.LayerAdaptiveIconDrawable@84f14a6
09-16 17:02:49.083  2387  2387 W PreviewDisappear: drawable alpha: 255
09-16 17:02:49.083  2387  2943 W PreviewDisappear: getIconDrawable finally drawable: com.miui.home.launcher.graphics.drawable.LayerAdaptiveIconDrawable@e0b73ee
09-16 17:02:49.083  2387  2943 W PreviewDisappear: got icon for: com.google.android.apps.maps drawable: com.miui.home.launcher.graphics.drawable.LayerAdaptiveIconDrawable@e0b73ee
09-16 17:02:49.083  2387  2387 W PreviewDisappear: image view alpha: 1.0
09-16 17:02:49.083  2387  2943 W PreviewDisappear: getIconDrawable src: com.miui.home.launcher.graphics.drawable.LayerAdaptiveIconDrawable@a75f3fb
09-16 17:02:49.083  2387  2387 W PreviewDisappear: set icon for: com.google.android.apps.dynamite preview drawable: com.miui.home.launcher.graphics.drawable.LayerAdaptiveIconDrawable@b789745
09-16 17:02:49.083  2387  2943 W PreviewDisappear: getIconDrawable app drawable: com.miui.home.launcher.graphics.drawable.LayerAdaptiveIconDrawable@66d3f6
09-16 17:02:49.083  2387  2943 W PreviewDisappear: getIconDrawable finally drawable: com.miui.home.launcher.graphics.drawable.LayerAdaptiveIconDrawable@66d3f6
09-16 17:02:49.083  2387  2387 W PreviewDisappear: drawable alpha: 255
09-16 17:02:49.083  2387  2943 W PreviewDisappear: got icon for: com.google.android.googlequicksearchbox drawable: com.miui.home.launcher.graphics.drawable.LayerAdaptiveIconDrawable@66d3f6
09-16 17:02:49.084  2387  2387 W PreviewDisappear: image view alpha: 1.0
09-16 17:02:49.084  2387  2387 D ItemIcon: setMessage text2
09-16 17:02:49.084  2387  2943 W PreviewDisappear: getIconDrawable src: com.miui.home.launcher.graphics.drawable.LayerAdaptiveIconDrawable@500a56
09-16 17:02:49.084  2387  2943 W PreviewDisappear: getIconDrawable app drawable: com.miui.home.launcher.graphics.drawable.LayerAdaptiveIconDrawable@5c81c0
09-16 17:02:49.084  2387  2943 W PreviewDisappear: getIconDrawable finally drawable: com.miui.home.launcher.graphics.drawable.LayerAdaptiveIconDrawable@5c81c0
09-16 17:02:49.084  2387  2943 W PreviewDisappear: got icon for: com.google.android.apps.docs drawable: com.miui.home.launcher.graphics.drawable.LayerAdaptiveIconDrawable@5c81c0
09-16 17:02:49.084  2387  2943 W PreviewDisappear: getIconDrawable src: com.miui.home.launcher.graphics.drawable.LayerAdaptiveIconDrawable@177b8ad
09-16 17:02:49.084  2387  2943 W PreviewDisappear: getIconDrawable app drawable: com.miui.home.launcher.graphics.drawable.LayerAdaptiveIconDrawable@a90b7ff
09-16 17:02:49.084  2387  2943 W PreviewDisappear: getIconDrawable finally drawable: com.miui.home.launcher.graphics.drawable.LayerAdaptiveIconDrawable@a90b7ff
09-16 17:02:49.084  2387  2943 W PreviewDisappear: got icon for: com.google.android.videos drawable: com.miui.home.launcher.graphics.drawable.LayerAdaptiveIconDrawable@a90b7ff
09-16 17:02:49.084  2387  2943 W PreviewDisappear: getIconDrawable src: com.miui.home.launcher.graphics.drawable.LayerAdaptiveIconDrawable@d0c87e2
09-16 17:02:49.084  2387  2943 W PreviewDisappear: getIconDrawable app drawable: com.miui.home.launcher.graphics.drawable.LayerAdaptiveIconDrawable@9fd2f5e
09-16 17:02:49.084  2387  2943 W PreviewDisappear: getIconDrawable finally drawable: com.miui.home.launcher.graphics.drawable.LayerAdaptiveIconDrawable@9fd2f5e
09-16 17:02:49.084  2387  2943 W PreviewDisappear: got icon for: com.google.android.apps.tachyon drawable: com.miui.home.launcher.graphics.drawable.LayerAdaptiveIconDrawable@9fd2f5e
09-16 17:02:49.084  2387  2943 W PreviewDisappear: getIconDrawable src: com.miui.home.launcher.graphics.drawable.LayerAdaptiveIconDrawable@a88e773
09-16 17:02:49.085  2387  2943 W PreviewDisappear: getIconDrawable app drawable: com.miui.home.launcher.graphics.drawable.LayerAdaptiveIconDrawable@d6c94d3
09-16 17:02:49.085  2387  2943 W PreviewDisappear: getIconDrawable finally drawable: com.miui.home.launcher.graphics.drawable.LayerAdaptiveIconDrawable@d6c94d3
09-16 17:02:49.085  2387  2943 W PreviewDisappear: got icon for: com.google.android.apps.photos drawable: com.miui.home.launcher.graphics.drawable.LayerAdaptiveIconDrawable@d6c94d3
09-16 17:02:49.088  2387  2387 W PreviewDisappear: set icon for: com.google.android.calendar preview drawable: com.miui.home.launcher.graphics.drawable.LayerAdaptiveIconDrawable@5cc83e1
09-16 17:02:49.089  2387  2387 W PreviewDisappear: drawable alpha: 255
09-16 17:02:49.089  2387  2387 W PreviewDisappear: image view alpha: 1.0
09-16 17:02:49.089  2387  2387 W PreviewDisappear: set icon for: com.google.android.apps.maps preview drawable: com.miui.home.launcher.graphics.drawable.LayerAdaptiveIconDrawable@e0b73ee
09-16 17:02:49.089  2387  2387 W PreviewDisappear: drawable alpha: 255
09-16 17:02:49.089  2387  2387 W PreviewDisappear: image view alpha: 1.0
09-16 17:02:49.089  2387  2387 W PreviewDisappear: set icon for: com.google.android.googlequicksearchbox preview drawable: com.miui.home.launcher.graphics.drawable.LayerAdaptiveIconDrawable@66d3f6
09-16 17:02:49.089  2387  2387 W PreviewDisappear: drawable alpha: 255
09-16 17:02:49.089  2387  2387 W PreviewDisappear: image view alpha: 1.0
09-16 17:02:49.089  2387  2387 W PreviewDisappear: set icon for: com.google.android.apps.docs preview drawable: com.miui.home.launcher.graphics.drawable.LayerAdaptiveIconDrawable@5c81c0
09-16 17:02:49.089  2387  2387 W PreviewDisappear: drawable alpha: 255
09-16 17:02:49.089  2387  2387 W PreviewDisappear: image view alpha: 1.0
09-16 17:02:49.089  2387  2387 W PreviewDisappear: set icon for: com.google.android.videos preview drawable: com.miui.home.launcher.graphics.drawable.LayerAdaptiveIconDrawable@a90b7ff
09-16 17:02:49.089  2387  2387 W PreviewDisappear: drawable alpha: 255
09-16 17:02:49.089  2387  2387 W PreviewDisappear: image view alpha: 1.0
09-16 17:02:49.089  2387  2387 W PreviewDisappear: set icon for: com.google.android.apps.tachyon preview drawable: com.miui.home.launcher.graphics.drawable.LayerAdaptiveIconDrawable@9fd2f5e
09-16 17:02:49.089  2387  2387 W PreviewDisappear: drawable alpha: 255
09-16 17:02:49.089  2387  2387 W PreviewDisappear: image view alpha: 1.0
09-16 17:02:49.089  2387  2387 W PreviewDisappear: set icon for: com.google.android.apps.photos preview drawable: com.miui.home.launcher.graphics.drawable.LayerAdaptiveIconDrawable@d6c94d3
09-16 17:02:49.089  2387  2387 W PreviewDisappear: drawable alpha: 255
09-16 17:02:49.089  2387  2387 W PreviewDisappear: image view alpha: 1.0
09-16 17:02:49.098  1583  2177 D libsensor-parseRGB: the value of RGB [74.450814 76.034523 75.653567]
09-16 17:02:49.168  1583  2182 I libsensor-displayalgo: the value of channelCali C:5336.045606,R:2869.515314,G:2201.741051,B:1023.831838,scales C:1.053362,R:0.940208,G:1.080438,B:1.016771
09-16 17:02:49.168  1583  2182 D libsensor-displayalgo: brightness:8191.000000,flat_mode:0.000000,R1:13125.407461,G1:13747.502646,B1:13596.424148,R2:14254.020689,G2:14878.967315,B2:14760.729105,R3:10660.255219,G3:11229.331766,B3:11055.048842,R4:13062.343833,G4:13636.887652,B4:13521.946516,EVENT C:8498.000000,R:4542.000000,G:3880.000000,B:1995.000000, lux: 153.763855
09-16 17:02:49.253  1064  1064 I BufferQueueProducer: [FramebufferSurface](this:0xb400007aa4096710,id:-1,api:1,p:1064,c:1064) queueBuffer: fps=120.38 dur=1005.12 max=10.36 min=6.66
09-16 17:02:49.275   993  1035 I libPerfCtl: xgfGetFPS pid:2628 fps:-1
09-16 17:02:49.276   993  1035 I libPerfCtl: xgfGetFPS pid:6607 fps:-1
09-16 17:02:49.278   969  1656 I android.hardware.graphics.composer@3.2-service: Sensor: notify citsensorservice to trigger cwb
09-16 17:02:49.279  1583  2176 I libsensor-frameBufferManager: request dump start
09-16 17:02:49.279  1583  2176 D libcomposer_ext: ClientImplAidl::getDispDump(), dpy 1, dst (160, 120), dump_point 1, release_fence -1
09-16 17:02:49.279   969   969 D libcomposer_ext: DeviceImplAidl::syncPerform(14), client_handle: 1
09-16 17:02:49.279   969   969 D libcomposer_ext: DeviceImplAidl::DeviceClientContextAidl::ParseGetDispDump()
09-16 17:02:49.279   969   969 D libcomposer_ext: DeviceImplAidl::ParseGetDispDump(), dpy 1, dst (160, 120), dump_point 1
09-16 17:02:49.279   969   969 I hwcomposer: [HWC] getDispDump(), dpy 1, (822,7,982,127), (160, 120), (1, 2), (-1), (-1), (0xb400006f50ca3030)  
09-16 17:02:49.279   969   969 I hwcomposer: [DRMDEV] isSupportWbParams(), id_crtc 103, id_connector 34, dump_point 1, src(160, 120), dst(160, 120), config 2  
09-16 17:02:49.279   969   969 E hwcomposer: [DRMDEV] isSupportWbParams(), disp(1220, 2712)  
09-16 17:02:49.279   969   969 I hwcomposer: [DISP_DUMP] setDumpBuf(), dpy(0), src(822, 7, 982, 127), dst(160, 120), (1, 2), -1, (-1), (0xb400006f50ca3030)  
09-16 17:02:49.279   969   969 I hwcomposer: [HWC] (0)fire a callback of refresh to SF[9]  
09-16 17:02:49.283   979  1143 E HfLooper: sensor imu_hand_detect in hal data=1000,999,0,0,10107,126
09-16 17:02:49.287   969   969 D libcomposer_ext: DeviceImplAidl::DeviceClientContextAidl::NotifyDispDumpReady()
09-16 17:02:49.287  1583  1583 D libcomposer_ext: ClientCallbackAidl::asyncPerform(15)
09-16 17:02:49.287  1583  1583 D libcomposer_ext: ClientImplAidl::ParseNotifyDispDumpReady()
09-16 17:02:49.306  1583  2177 D libsensor-parseRGB: the value of RGB [74.450814 76.034523 75.653567]
09-16 17:02:49.368  1001  1098 I mtkpower@impl: [powerd_req] TIMER_MSG_PERF_LOCK_TIMEOUT hdl:12145
09-16 17:02:49.368  1001  1098 I libPowerHal: [perfLockRel] hdl:12145, idx:0
09-16 17:02:49.369  1001  1098 I libPowerHal: [setClusterFreq]  set cpu_ctrl cpufreq: -1 -1 -1 -1 -1 -1 
09-16 17:02:49.371  1583  2182 I libsensor-displayalgo: the value of channelCali C:5336.045606,R:2869.515314,G:2201.741051,B:1023.831838,scales C:1.053362,R:0.940208,G:1.080438,B:1.016771
09-16 17:02:49.371  1583  2182 D libsensor-displayalgo: brightness:8191.000000,flat_mode:0.000000,R1:13125.407461,G1:13747.502646,B1:13596.424148,R2:14254.020689,G2:14878.967315,B2:14760.729105,R3:10660.255219,G3:11229.331766,B3:11055.048842,R4:13062.343833,G4:13636.887652,B4:13521.946516,EVENT C:8551.000000,R:4562.000000,G:3909.000000,B:2010.000000, lux: 156.812683
09-16 17:02:49.374  2628  2628 D ArtChoreographerMonitor: invoke error.
09-16 17:02:49.375  2628  2628 D ControlCenterHeaderExpandController: onExpansionChanged: progress =  0.0
09-16 17:02:49.378  2628  2628 D ControlCenterHeaderExpandController: onExpansionChanged: progress =  0.0
09-16 17:02:49.382  2628  2628 D ControlCenterHeaderExpandController: onExpansionChanged: progress =  0.0
09-16 17:02:49.466  1064  1064 I BufferQueueProducer: [com.android.chrome/ChromeChildSurface#8442](this:0xb400007b6437ee90,id:-1,api:0,p:-1,c:1064) queueBuffer: fps=120.45 dur=1004.60 max=8.79 min=7.86
09-16 17:02:49.486   969  1656 I android.hardware.graphics.composer@3.2-service: Sensor: notify citsensorservice to trigger cwb
09-16 17:02:49.488  1583  2176 I libsensor-frameBufferManager: request dump start
09-16 17:02:49.488  1583  2176 D libcomposer_ext: ClientImplAidl::getDispDump(), dpy 1, dst (160, 120), dump_point 1, release_fence -1
09-16 17:02:49.489   969   969 D libcomposer_ext: DeviceImplAidl::syncPerform(14), client_handle: 1
09-16 17:02:49.489   969   969 D libcomposer_ext: DeviceImplAidl::DeviceClientContextAidl::ParseGetDispDump()
09-16 17:02:49.489   969   969 D libcomposer_ext: DeviceImplAidl::ParseGetDispDump(), dpy 1, dst (160, 120), dump_point 1
09-16 17:02:49.489   969   969 I hwcomposer: [HWC] getDispDump(), dpy 1, (822,7,982,127), (160, 120), (1, 2), (-1), (-1), (0xb400006f50ca61b0)  
09-16 17:02:49.489   969   969 I hwcomposer: [DRMDEV] isSupportWbParams(), id_crtc 103, id_connector 34, dump_point 1, src(160, 120), dst(160, 120), config 2  
09-16 17:02:49.489   969   969 E hwcomposer: [DRMDEV] isSupportWbParams(), disp(1220, 2712)  
09-16 17:02:49.489   969   969 I hwcomposer: [DISP_DUMP] setDumpBuf(), dpy(0), src(822, 7, 982, 127), dst(160, 120), (1, 2), -1, (-1), (0xb400006f50ca61b0)  
09-16 17:02:49.489   969   969 I hwcomposer: [HWC] (0)fire a callback of refresh to SF[9]  
09-16 17:02:49.494   969   969 D libcomposer_ext: DeviceImplAidl::DeviceClientContextAidl::NotifyDispDumpReady()
09-16 17:02:49.494  1583  1583 D libcomposer_ext: ClientCallbackAidl::asyncPerform(15)
09-16 17:02:49.495  1583  1583 D libcomposer_ext: ClientImplAidl::ParseNotifyDispDumpReady()
09-16 17:02:49.513  1583  2177 D libsensor-parseRGB: the value of RGB [74.450814 76.034523 75.653567]
09-16 17:02:49.516  1001  1098 I mtkpower@impl: [powerd_req] TIMER_MSG_PERF_LOCK_TIMEOUT hdl:12146
09-16 17:02:49.516  1001  1098 I libPowerHal: [perfLockRel] hdl:12146, idx:10
09-16 17:02:49.549  2628  2628 D ArtChoreographerMonitor: invoke error.
09-16 17:02:49.552   969   969 I hwcomposer: [HWCDisplay] [Display_0 (type:1, mode:2)] fps:120.449890,dur:1004.57,max:10.47,min:6.46  
09-16 17:02:49.569  1583  2182 I libsensor-displayalgo: the value of channelCali C:5336.045606,R:2869.515314,G:2201.741051,B:1023.831838,scales C:1.053362,R:0.940208,G:1.080438,B:1.016771
09-16 17:02:49.569  1583  2182 D libsensor-displayalgo: brightness:8191.000000,flat_mode:0.000000,R1:13125.407461,G1:13747.502646,B1:13596.424148,R2:14254.020689,G2:14878.967315,B2:14760.729105,R3:10660.255219,G3:11229.331766,B3:11055.048842,R4:13062.343833,G4:13636.887652,B4:13521.946516,EVENT C:8552.000000,R:4560.000000,G:3911.000000,B:2010.000000, lux: 156.947708
09-16 17:02:49.617  2350  2350 D WifiHAL : WifiRequest::create vendor command to iface 37, vendor_id=0x1a11, subcmd=0x1200, res=0
09-16 17:02:49.619  1808  4994 W BatteryExternalStatsWorker: error reading Bluetooth stats: 11
09-16 17:02:49.634  2350  2350 I WifiHAL : LLS RSP: data=0xb40000750e29d660, len=4292
09-16 17:02:49.634  2350  2350 I WifiHAL : LLS check_data_sanity: 1801: current_radio_stat->num_channels=28
09-16 17:02:49.634  2350  2350 I WifiHAL : LLS check_data_sanity: 1801: current_radio_stat->num_channels=0
09-16 17:02:49.634  2350  2350 I WifiHAL : LLS check_data_sanity: confirmed_size=4292, len=4292
09-16 17:02:49.685   979  1143 E HfLooper: sensor imu_hand_detect in hal data=1000,999,0,0,10124,120
09-16 17:02:49.693   969  1656 I android.hardware.graphics.composer@3.2-service: Sensor: notify citsensorservice to trigger cwb
09-16 17:02:49.694  1583  2176 I libsensor-frameBufferManager: request dump start
09-16 17:02:49.694  1583  2176 D libcomposer_ext: ClientImplAidl::getDispDump(), dpy 1, dst (160, 120), dump_point 1, release_fence -1
09-16 17:02:49.694   969   969 D libcomposer_ext: DeviceImplAidl::syncPerform(14), client_handle: 1
09-16 17:02:49.694   969   969 D libcomposer_ext: DeviceImplAidl::DeviceClientContextAidl::ParseGetDispDump()
09-16 17:02:49.694   969   969 D libcomposer_ext: DeviceImplAidl::ParseGetDispDump(), dpy 1, dst (160, 120), dump_point 1
09-16 17:02:49.694   969   969 I hwcomposer: [HWC] getDispDump(), dpy 1, (822,7,982,127), (160, 120), (1, 2), (-1), (-1), (0xb400006f50ca62d0)  
09-16 17:02:49.694   969   969 I hwcomposer: [DRMDEV] isSupportWbParams(), id_crtc 103, id_connector 34, dump_point 1, src(160, 120), dst(160, 120), config 2  
09-16 17:02:49.694   969   969 E hwcomposer: [DRMDEV] isSupportWbParams(), disp(1220, 2712)  
09-16 17:02:49.694   969   969 I hwcomposer: [DISP_DUMP] setDumpBuf(), dpy(0), src(822, 7, 982, 127), dst(160, 120), (1, 2), -1, (-1), (0xb400006f50ca62d0)  
09-16 17:02:49.694   969   969 I hwcomposer: [HWC] (0)fire a callback of refresh to SF[9]  
09-16 17:02:49.701   969   969 D libcomposer_ext: DeviceImplAidl::DeviceClientContextAidl::NotifyDispDumpReady()
09-16 17:02:49.701  1583  1583 D libcomposer_ext: ClientCallbackAidl::asyncPerform(15)
09-16 17:02:49.701  1583  1583 D libcomposer_ext: ClientImplAidl::ParseNotifyDispDumpReady()
09-16 17:02:49.721  1583  2177 D libsensor-parseRGB: the value of RGB [74.450814 76.034523 75.653567]
09-16 17:02:49.768  1583  2182 I libsensor-displayalgo: the value of channelCali C:5336.045606,R:2869.515314,G:2201.741051,B:1023.831838,scales C:1.053362,R:0.940208,G:1.080438,B:1.016771
09-16 17:02:49.768  1583  2182 D libsensor-displayalgo: brightness:8191.000000,flat_mode:0.000000,R1:13125.407461,G1:13747.502646,B1:13596.424148,R2:14254.020689,G2:14878.967315,B2:14760.729105,R3:10660.255219,G3:11229.331766,B3:11055.048842,R4:13062.343833,G4:13636.887652,B4:13521.946516,EVENT C:8535.000000,R:4554.000000,G:3901.000000,B:2007.000000, lux: 155.990402
09-16 17:02:49.812  1808  1808 E AmlWifiScoreReportInjector: current network is in roaming environment
09-16 17:02:49.812  1808  1808 I AmlMiuiThirdPartScorer: same score, no send
09-16 17:02:49.900   969  1656 I android.hardware.graphics.composer@3.2-service: Sensor: notify citsensorservice to trigger cwb
09-16 17:02:49.901  1583  2176 I libsensor-frameBufferManager: request dump start
09-16 17:02:49.901  1583  2176 D libcomposer_ext: ClientImplAidl::getDispDump(), dpy 1, dst (160, 120), dump_point 1, release_fence -1
09-16 17:02:49.901   969   969 D libcomposer_ext: DeviceImplAidl::syncPerform(14), client_handle: 1
09-16 17:02:49.901   969   969 D libcomposer_ext: DeviceImplAidl::DeviceClientContextAidl::ParseGetDispDump()
09-16 17:02:49.901   969   969 D libcomposer_ext: DeviceImplAidl::ParseGetDispDump(), dpy 1, dst (160, 120), dump_point 1
09-16 17:02:49.901   969   969 I hwcomposer: [HWC] getDispDump(), dpy 1, (822,7,982,127), (160, 120), (1, 2), (-1), (-1), (0xb400006f50ca3030)  
09-16 17:02:49.901   969   969 I hwcomposer: [DRMDEV] isSupportWbParams(), id_crtc 103, id_connector 34, dump_point 1, src(160, 120), dst(160, 120), config 2  
09-16 17:02:49.901   969   969 E hwcomposer: [DRMDEV] isSupportWbParams(), disp(1220, 2712)  
09-16 17:02:49.901   969   969 I hwcomposer: [DISP_DUMP] setDumpBuf(), dpy(0), src(822, 7, 982, 127), dst(160, 120), (1, 2), -1, (-1), (0xb400006f50ca3030)  
09-16 17:02:49.902   969   969 I hwcomposer: [HWC] (0)fire a callback of refresh to SF[9]  
09-16 17:02:49.910   969   969 D libcomposer_ext: DeviceImplAidl::DeviceClientContextAidl::NotifyDispDumpReady()
09-16 17:02:49.911  1583  1583 D libcomposer_ext: ClientCallbackAidl::asyncPerform(15)
09-16 17:02:49.913  1583  1583 D libcomposer_ext: ClientImplAidl::ParseNotifyDispDumpReady()
09-16 17:02:49.928  1583  2177 D libsensor-parseRGB: the value of RGB [74.450814 76.034523 75.653567]
09-16 17:02:49.969  1583  2182 I libsensor-displayalgo: the value of channelCali C:5336.045606,R:2869.515314,G:2201.741051,B:1023.831838,scales C:1.053362,R:0.940208,G:1.080438,B:1.016771
09-16 17:02:49.969  1583  2182 D libsensor-displayalgo: brightness:8191.000000,flat_mode:0.000000,R1:13125.407461,G1:13747.502646,B1:13596.424148,R2:14254.020689,G2:14878.967315,B2:14760.729105,R3:10660.255219,G3:11229.331766,B3:11055.048842,R4:13062.343833,G4:13636.887652,B4:13521.946516,EVENT C:8458.000000,R:4504.000000,G:3862.000000,B:1985.000000, lux: 152.756622
09-16 17:02:50.028  1064  1702 D MI-SF   : isTpIdleScene mSetTpIdleFlag 1, mSetLtpoTpIdleFlag 0
09-16 17:02:50.028  1064  1702 D DisplayModeController: setDesiredMode 4627039422300187648 {mode={fps=60.00 Hz, modePtr={id=0, vsyncRate=60.00 Hz, peakRefreshRate=60.00 Hz}}, emitEvent=true, force=false}
09-16 17:02:50.029  1064  1702 D Scheduler: MtkOverrideDuration: update vsync 60
09-16 17:02:50.029  1064  1702 E SurfaceFlinger: MtkDuration override mode is disabled
09-16 17:02:50.029  1064  1702 D Scheduler: MtkOverrideDuration: reset override duration
09-16 17:02:50.030  1064  1702 I PowerHalWrapper: updateFps(): 60
09-16 17:02:50.032   969   969 I hwcomposer: [HWCDisplay] (0) setActiveConfigWithConstraints config:0  
09-16 17:02:50.032   969   969 I hwcomposer: [HWCDisplay] setActiveConfigWithConstraints(), now 19093299467137, diff 364384, estimated_applied_time 8333333 queued_size:0  
09-16 17:02:50.037  1064  1064 I PowerHalWrapper: updateFps(): 60
09-16 17:02:50.038  1064  1064 I PowerHalWrapper: updateFps(): 60
09-16 17:02:50.039  1808  1887 I DisplayDeviceRepository: Display device changed render timings: "Tela integrada", renderFrameRate=60.0, presentationDeadlineNanos=16600000, appVsyncOffsetNanos=1133334
09-16 17:02:50.041  1808  1887 D DisplayManagerService: Ignore redundant display event 0/2 to 10221/726
09-16 17:02:50.041  1808  1887 D DisplayManagerService: Ignore redundant display event 0/2 to 10304/1297
09-16 17:02:50.041  1808  1933 D BrightnessThermalClamper: Thermal status observer already started
09-16 17:02:50.042  1808  1887 D DisplayManagerService: Ignore redundant display event 0/2 to 10096/3478
09-16 17:02:50.042  1808  1887 D DisplayManagerService: Ignore redundant display event 0/2 to 10284/3527
09-16 17:02:50.043  1808  1887 D DisplayManagerService: Ignore redundant display event 0/2 to 10277/5951
09-16 17:02:50.043  1808  1887 D DisplayManagerService: Ignore redundant display event 0/2 to 10203/7336
09-16 17:02:50.043  1808  1887 D DisplayManagerService: Ignore redundant display event 0/2 to 10375/7385
09-16 17:02:50.043  1808  1887 D DisplayManagerService: Ignore redundant display event 0/2 to 10272/9325
09-16 17:02:50.043  1808  1887 D DisplayManagerService: Ignore redundant display event 0/2 to 10162/10003
09-16 17:02:50.043  1808  1887 D DisplayManagerService: Ignore redundant display event 0/2 to 10199/10540
09-16 17:02:50.043  1808  1887 D DisplayManagerService: Ignore redundant display event 0/2 to 10122/10576
09-16 17:02:50.043  1808  1887 D DisplayManagerService: Ignore redundant display event 0/2 to 10286/11965
09-16 17:02:50.043  1808  1887 D DisplayManagerService: Ignore redundant display event 0/2 to 10171/13068
09-16 17:02:50.043  1808  1887 D DisplayManagerService: Ignore redundant display event 0/2 to 10299/14950
09-16 17:02:50.043  1808  1887 D DisplayManagerService: Ignore redundant display event 0/2 to 10333/15249
09-16 17:02:50.043  1808  1887 D DisplayManagerService: Ignore redundant display event 0/2 to 10468/18493
09-16 17:02:50.043  1808  1887 D DisplayManagerService: Ignore redundant display event 0/2 to 10308/18570
09-16 17:02:50.043  1808  1887 D DisplayManagerService: Ignore redundant display event 0/2 to 99910122/18711
09-16 17:02:50.043  1808  1887 D DisplayManagerService: Ignore redundant display event 0/2 to 10298/19155
09-16 17:02:50.043  1808  1887 D DisplayManagerService: Ignore redundant display event 0/2 to 10356/19602
09-16 17:02:50.043  1808  1887 D DisplayManagerService: Ignore redundant display event 0/2 to 10096/19852
09-16 17:02:50.043  1808  1887 D DisplayManagerService: Ignore redundant display event 0/2 to 10342/20542
09-16 17:02:50.043  1808  1887 D DisplayManagerService: Ignore redundant display event 0/2 to 10056/20875
09-16 17:02:50.043  1808  1887 D DisplayManagerService: Ignore redundant display event 0/2 to 10146/21035
09-16 17:02:50.043  1808  1887 D DisplayManagerService: Ignore redundant display event 0/2 to 10220/22015
09-16 17:02:50.043  1808  1887 D DisplayManagerService: Ignore redundant display event 0/2 to 10446/22832
09-16 17:02:50.044  1808  1887 D DisplayManagerService: Ignore redundant display event 0/2 to 10184/24065
09-16 17:02:50.044  1808  1887 D DisplayManagerService: Ignore redundant display event 0/2 to 10275/24853
09-16 17:02:50.044  1808  1887 D DisplayManagerService: Ignore redundant display event 0/2 to 10150/28862
09-16 17:02:50.044  1808  1887 D DisplayManagerService: Ignore redundant display event 0/2 to 10294/29937
09-16 17:02:50.044  1808  1887 D DisplayManagerService: Ignore redundant display event 0/2 to 10302/30392
09-16 17:02:50.044  1808  1887 D DisplayManagerService: Ignore redundant display event 0/2 to 10212/30413
09-16 17:02:50.044  1808  1887 D DisplayManagerService: Ignore redundant display event 0/2 to 10448/31216
09-16 17:02:50.044  1808  1887 D DisplayManagerService: Ignore redundant display event 0/2 to 10282/31370
09-16 17:02:50.044  1808  1887 D DisplayManagerService: Ignore redundant display event 0/2 to 10159/32610
09-16 17:02:50.044  1808  1887 D DisplayManagerService: Ignore redundant display event 0/2 to 10287/32746
09-16 17:02:50.044   969  1721 I hwcomposer: [HWCDisplay] updateAppliedConfigState: applied config complete[idx:19093307800470, config:0]  
09-16 17:02:50.045  1808  1888 D MiuiRefreshRatePolicy: reset
09-16 17:02:50.049  1808  1882 W WindowManager:  displayMetricsChanged=false physicalDisplayChanged=false displayId=0 newUniqueId=local:4627039422300187648 currentUnique=local:4627039422300187648
09-16 17:02:50.049  1808  1882 D DisplayContentStubImpl: Display{#0 state=ON size=1220x2712 ROTATION_0} isActivityEmbeddingSplitEnable false
09-16 17:02:50.049  2628  2628 V AutoDensityController: on display changed 0 context dpi:497 origin dpi:480 target dpi:497
09-16 17:02:50.049  2628  2628 D ControlCenterWindowViewController: on display changed 0
09-16 17:02:50.049  2628  2628 V AODAutoDensityController: on display changed 0 context dpi:497 origin dpi:480 target dpi:497
09-16 17:02:50.050  1808  1882 D MiuiRefreshRatePolicy: reset
09-16 17:02:50.050  2628  3075 D MiuiGxzwAnimView: onDisplayChanged: oldState = 2, newState = 2
09-16 17:02:50.050  1808  2248 D AudioSystem: +setParameters(): screen_state=on 
09-16 17:02:50.051  1808  2248 D AudioSystem: start get log level!
09-16 17:02:50.052   960  1031 W libc    : Access denied finding property "AUDIO_FEATURE_REVERSE_MIC_DIRECTION_SUPPORT"
09-16 17:02:50.053   960  1031 D AudioALSAHardware: +setParameters(): screen_state=on
09-16 17:02:50.053  2614  3099 D FiveGPowerController: onDisplayChanged to STATE ON
09-16 17:02:50.053  2614  3099 D FiveGPowerController: onDisplayChanged isLastScreenOn is still on,ignore current displayChanged!!!
09-16 17:02:50.053   960  1031 D AudioALSAStreamOut: +setScreenState(), flag 2, mode 1
09-16 17:02:50.053   960  1031 D AudioALSAStreamOut: +setScreenState(), flag 8, mode 1
09-16 17:02:50.053   960  1031 D AudioALSAStreamOut: +setScreenState(), flag 4, mode 1
09-16 17:02:50.053   960  1031 D AudioALSAStreamOut: +setScreenState(), flag 32768, mode 1
09-16 17:02:50.053   960  1031 D AudioALSAStreamOut: +setScreenState(), flag 65536, mode 1
09-16 17:02:50.053   960  1031 D AudioALSAHardware: -setParameters(): screen_state=on
09-16 17:02:50.054  1808  1888 I ActivityTaskManager: visible for Task{c8b13a0 #153 type=standard A=10307:br.com.melhorafotoai.twa} visible = true isAnimating = false TRANSITION = false PARENTS = false CHILDREN = false
09-16 17:02:50.054  2387  2387 W Launcher: onDisplayChanged: newRotation=0, mCurrentRotation=0
09-16 17:02:50.054   960  1031 D r_submix: adev_set_parameters() kvpairs='screen_state=on'
09-16 17:02:50.055  3419  3757 I BtGatt.ScanManager: msg.what = MSG_SCREEN_ON, msg.arg1 = None
09-16 17:02:50.056  2614 19671 D NetworkSpeedTracker: onDisplayChanged mIsScreenOn=true
09-16 17:02:50.056  2614 19671 D NetworkSpeedTracker: onUpdateDeviceState eventType=4,mIsScreenOn=true,mIsMobileDataOn=false
09-16 17:02:50.056  2614 19671 D NetworkSpeedTracker: stopDataPoll
09-16 17:02:50.088   979  1143 E HfLooper: sensor imu_hand_detect in hal data=1000,999,0,0,10189,118
09-16 17:02:50.108   969  1656 I android.hardware.graphics.composer@3.2-service: Sensor: notify citsensorservice to trigger cwb
09-16 17:02:50.112  1583  2176 I libsensor-frameBufferManager: request dump start
09-16 17:02:50.112  1583  2176 D libcomposer_ext: ClientImplAidl::getDispDump(), dpy 1, dst (160, 120), dump_point 1, release_fence -1
09-16 17:02:50.114   969   969 D libcomposer_ext: DeviceImplAidl::syncPerform(14), client_handle: 1
09-16 17:02:50.114   969   969 D libcomposer_ext: DeviceImplAidl::DeviceClientContextAidl::ParseGetDispDump()
09-16 17:02:50.114   969   969 D libcomposer_ext: DeviceImplAidl::ParseGetDispDump(), dpy 1, dst (160, 120), dump_point 1
09-16 17:02:50.114   969   969 I hwcomposer: [HWC] getDispDump(), dpy 1, (822,7,982,127), (160, 120), (1, 2), (-1), (-1), (0xb400006f50ca61b0)  
09-16 17:02:50.114   969   969 I hwcomposer: [DRMDEV] isSupportWbParams(), id_crtc 103, id_connector 34, dump_point 1, src(160, 120), dst(160, 120), config 0  
09-16 17:02:50.114   969   969 E hwcomposer: [DRMDEV] isSupportWbParams(), disp(1220, 2712)  
09-16 17:02:50.115   969   969 I hwcomposer: [DISP_DUMP] setDumpBuf(), dpy(0), src(822, 7, 982, 127), dst(160, 120), (1, 2), -1, (-1), (0xb400006f50ca61b0)  
09-16 17:02:50.115   969   969 I hwcomposer: [HWC] (0)fire a callback of refresh to SF[9]  
09-16 17:02:50.124   969   969 D libcomposer_ext: DeviceImplAidl::DeviceClientContextAidl::NotifyDispDumpReady()
09-16 17:02:50.125  1583  1583 D libcomposer_ext: ClientCallbackAidl::asyncPerform(15)
09-16 17:02:50.125  1583  1583 D libcomposer_ext: ClientImplAidl::ParseNotifyDispDumpReady()
09-16 17:02:50.147  1001  1098 I mtkpower@impl: [powerd_req] TIMER_MSG_PERF_LOCK_TIMEOUT hdl:12144
09-16 17:02:50.147  1001  1098 I libPowerHal: [perfLockRel] hdl:12144, idx:8
09-16 17:02:50.147  1001  1098 I libPowerHal: [PD] MTKPOWER_HINT_UX_SCROLLING_COMMON update cmd:1404300 param:0
09-16 17:02:50.148  1001  1098 I libPowerHal: [PD] MTKPOWER_HINT_UX_SCROLLING_COMMON update cmd:1438400, param:1000
09-16 17:02:50.149  1001  1098 I libPowerHal: [PD] MTKPOWER_HINT_UX_SCROLLING_COMMON update cmd:1438500, param:1000
09-16 17:02:50.149  1001  1098 I libPowerHal: [PD] MTKPOWER_HINT_UX_SCROLLING_COMMON update cmd:1438700 param:1000
09-16 17:02:50.150  1001  1098 I libPowerHal: [PD] MTKPOWER_HINT_UX_SCROLLING_COMMON update cmd:1438800 param:1000
09-16 17:02:50.153  1001  1098 I libPowerHal: [set_sched_ta_mask] 255 (0xff)
09-16 17:02:50.153  1001  1098 I libPowerHal: [PD] MTKPOWER_HINT_UX_SCROLLING_COMMON update ONESHOT(unset) cmd:1448000 param:240
09-16 17:02:50.154  1001  1098 I libPowerHal: [perfLockRel] hdl:12144, idx:-1
09-16 17:02:50.155  1583  2177 D libsensor-parseRGB: the value of RGB [74.450814 76.034523 75.653567]
09-16 17:02:50.170  1583  2182 I libsensor-displayalgo: the value of channelCali C:5336.045606,R:2869.515314,G:2201.741051,B:1023.831838,scales C:1.053362,R:0.940208,G:1.080438,B:1.016771
09-16 17:02:50.170  1583  2182 D libsensor-displayalgo: brightness:8191.000000,flat_mode:0.000000,R1:13125.407461,G1:13747.502646,B1:13596.424148,R2:14254.020689,G2:14878.967315,B2:14760.729105,R3:10660.255219,G3:11229.331766,B3:11055.048842,R4:13062.343833,G4:13636.887652,B4:13521.946516,EVENT C:8395.000000,R:4474.000000,G:3832.000000,B:1966.000000, lux: 149.298401
09-16 17:02:50.257  1064  1064 I BufferQueueProducer: [FramebufferSurface](this:0xb400007aa4096710,id:-1,api:1,p:1064,c:1064) queueBuffer: fps=107.51 dur=1004.55 max=25.60 min=4.64
09-16 17:02:50.276   993  1035 I libPerfCtl: xgfGetFPS pid:2628 fps:-1
09-16 17:02:50.276   993  1035 I libPerfCtl: xgfGetFPS pid:6607 fps:-1
09-16 17:02:50.324   969  1656 I android.hardware.graphics.composer@3.2-service: Sensor: notify citsensorservice to trigger cwb
09-16 17:02:50.325  1583  2176 I libsensor-frameBufferManager: request dump start
09-16 17:02:50.325  1583  2176 D libcomposer_ext: ClientImplAidl::getDispDump(), dpy 1, dst (160, 120), dump_point 1, release_fence -1
09-16 17:02:50.326   969   969 D libcomposer_ext: DeviceImplAidl::syncPerform(14), client_handle: 1
09-16 17:02:50.326   969   969 D libcomposer_ext: DeviceImplAidl::DeviceClientContextAidl::ParseGetDispDump()
09-16 17:02:50.326   969   969 D libcomposer_ext: DeviceImplAidl::ParseGetDispDump(), dpy 1, dst (160, 120), dump_point 1
09-16 17:02:50.327   969   969 I hwcomposer: [HWC] getDispDump(), dpy 1, (822,7,982,127), (160, 120), (1, 2), (-1), (-1), (0xb400006f50ca62d0)  
09-16 17:02:50.327   969   969 I hwcomposer: [DRMDEV] isSupportWbParams(), id_crtc 103, id_connector 34, dump_point 1, src(160, 120), dst(160, 120), config 0  
09-16 17:02:50.327   969   969 E hwcomposer: [DRMDEV] isSupportWbParams(), disp(1220, 2712)  
09-16 17:02:50.327   969   969 I hwcomposer: [DISP_DUMP] setDumpBuf(), dpy(0), src(822, 7, 982, 127), dst(160, 120), (1, 2), -1, (-1), (0xb400006f50ca62d0)  
09-16 17:02:50.327   969   969 I hwcomposer: [HWC] (0)fire a callback of refresh to SF[9]  
09-16 17:02:50.341   969   969 D libcomposer_ext: DeviceImplAidl::DeviceClientContextAidl::NotifyDispDumpReady()
09-16 17:02:50.341  1583  1583 D libcomposer_ext: ClientCallbackAidl::asyncPerform(15)
09-16 17:02:50.342  1583  1583 D libcomposer_ext: ClientImplAidl::ParseNotifyDispDumpReady()
09-16 17:02:50.370  1583  2177 D libsensor-parseRGB: the value of RGB [74.450814 76.034523 75.653567]
09-16 17:02:50.469  1583  2182 I libsensor-displayalgo: the value of channelCali C:5336.045606,R:2869.515314,G:2201.741051,B:1023.831838,scales C:1.053362,R:0.940208,G:1.080438,B:1.016771
09-16 17:02:50.469  1583  2182 D libsensor-displayalgo: brightness:8191.000000,flat_mode:0.000000,R1:13125.407461,G1:13747.502646,B1:13596.424148,R2:14254.020689,G2:14878.967315,B2:14760.729105,R3:10660.255219,G3:11229.331766,B3:11055.048842,R4:13062.343833,G4:13636.887652,B4:13521.946516,EVENT C:8323.000000,R:4440.000000,G:3788.000000,B:1946.000000, lux: 145.839371
09-16 17:02:50.470  1064  1064 I BufferQueueProducer: [com.android.chrome/ChromeChildSurface#8442](this:0xb400007b6437ee90,id:-1,api:0,p:-1,c:1064) queueBuffer: fps=94.67 dur=1003.44 max=25.18 min=6.55
09-16 17:02:50.478   979  1143 E HfLooper: sensor imu_hand_detect in hal data=1000,999,0,0,10148,88
09-16 17:02:50.537   969  1656 I android.hardware.graphics.composer@3.2-service: Sensor: notify citsensorservice to trigger cwb
09-16 17:02:50.538  1583  2176 I libsensor-frameBufferManager: request dump start
09-16 17:02:50.538  1583  2176 D libcomposer_ext: ClientImplAidl::getDispDump(), dpy 1, dst (160, 120), dump_point 1, release_fence -1
09-16 17:02:50.539   969   969 D libcomposer_ext: DeviceImplAidl::syncPerform(14), client_handle: 1
09-16 17:02:50.539   969   969 D libcomposer_ext: DeviceImplAidl::DeviceClientContextAidl::ParseGetDispDump()
09-16 17:02:50.539   969   969 D libcomposer_ext: DeviceImplAidl::ParseGetDispDump(), dpy 1, dst (160, 120), dump_point 1
09-16 17:02:50.539   969   969 I hwcomposer: [HWC] getDispDump(), dpy 1, (822,7,982,127), (160, 120), (1, 2), (-1), (-1), (0xb400006f50ca3030)  
09-16 17:02:50.539   969   969 I hwcomposer: [DRMDEV] isSupportWbParams(), id_crtc 103, id_connector 34, dump_point 1, src(160, 120), dst(160, 120), config 0  
09-16 17:02:50.539   969   969 E hwcomposer: [DRMDEV] isSupportWbParams(), disp(1220, 2712)  
09-16 17:02:50.539   969   969 I hwcomposer: [DISP_DUMP] setDumpBuf(), dpy(0), src(822, 7, 982, 127), dst(160, 120), (1, 2), -1, (-1), (0xb400006f50ca3030)  
09-16 17:02:50.539   969   969 I hwcomposer: [HWC] (0)fire a callback of refresh to SF[9]  
09-16 17:02:50.556   969   969 I hwcomposer: [HWCDisplay] [Display_0 (type:1, mode:2)] fps:89.616615,dur:1004.28,max:25.62,min:4.48  
09-16 17:02:50.557   969   969 D libcomposer_ext: DeviceImplAidl::DeviceClientContextAidl::NotifyDispDumpReady()
09-16 17:02:50.557  1583  1583 D libcomposer_ext: ClientCallbackAidl::asyncPerform(15)
09-16 17:02:50.557  1583  1583 D libcomposer_ext: ClientImplAidl::ParseNotifyDispDumpReady()
09-16 17:02:50.585  1583  2177 D libsensor-parseRGB: the value of RGB [74.450814 76.034523 75.653567]
09-16 17:02:50.620  1808  1897 D HeapUsage Monitor: HeapAllocSize : 141MB; monitorSize : 500MB
09-16 17:02:50.621  1808  1897 D AES     : AEEIOCTL_GET/SET_SF_STATE IOCTL,cmd= 1074294797, lParam=0. 
09-16 17:02:50.622  1808  1897 D AES     : AEEIOCTL_RT_MON_Kick IOCTL,cmd= 2147774474, lParam=300. 
09-16 17:02:50.669  1583  2182 I libsensor-displayalgo: the value of channelCali C:5336.045606,R:2869.515314,G:2201.741051,B:1023.831838,scales C:1.053362,R:0.940208,G:1.080438,B:1.016771
09-16 17:02:50.669  1583  2182 D libsensor-displayalgo: brightness:8191.000000,flat_mode:0.000000,R1:13125.407461,G1:13747.502646,B1:13596.424148,R2:14254.020689,G2:14878.967315,B2:14760.729105,R3:10660.255219,G3:11229.331766,B3:11055.048842,R4:13062.343833,G4:13636.887652,B4:13521.946516,EVENT C:8318.000000,R:4440.000000,G:3788.000000,B:1946.000000, lux: 145.297318
09-16 17:02:50.739   969  1656 I android.hardware.graphics.composer@3.2-service: Sensor: notify citsensorservice to trigger cwb
09-16 17:02:50.741  1583  2176 I libsensor-frameBufferManager: request dump start
09-16 17:02:50.741  1583  2176 D libcomposer_ext: ClientImplAidl::getDispDump(), dpy 1, dst (160, 120), dump_point 1, release_fence -1
09-16 17:02:50.741   969   969 D libcomposer_ext: DeviceImplAidl::syncPerform(14), client_handle: 1
09-16 17:02:50.742   969   969 D libcomposer_ext: DeviceImplAidl::DeviceClientContextAidl::ParseGetDispDump()
09-16 17:02:50.742   969   969 D libcomposer_ext: DeviceImplAidl::ParseGetDispDump(), dpy 1, dst (160, 120), dump_point 1
09-16 17:02:50.742   969   969 I hwcomposer: [HWC] getDispDump(), dpy 1, (822,7,982,127), (160, 120), (1, 2), (-1), (-1), (0xb400006f50ca61b0)  
09-16 17:02:50.742   969   969 I hwcomposer: [DRMDEV] isSupportWbParams(), id_crtc 103, id_connector 34, dump_point 1, src(160, 120), dst(160, 120), config 0  
09-16 17:02:50.742   969   969 E hwcomposer: [DRMDEV] isSupportWbParams(), disp(1220, 2712)  
09-16 17:02:50.742   969   969 I hwcomposer: [DISP_DUMP] setDumpBuf(), dpy(0), src(822, 7, 982, 127), dst(160, 120), (1, 2), -1, (-1), (0xb400006f50ca61b0)  
09-16 17:02:50.742   969   969 I hwcomposer: [HWC] (0)fire a callback of refresh to SF[9]  
09-16 17:02:50.755   969   969 D libcomposer_ext: DeviceImplAidl::DeviceClientContextAidl::NotifyDispDumpReady()
09-16 17:02:50.756  1583  1583 D libcomposer_ext: ClientCallbackAidl::asyncPerform(15)
09-16 17:02:50.756  1583  1583 D libcomposer_ext: ClientImplAidl::ParseNotifyDispDumpReady()
09-16 17:02:50.785  1583  2177 D libsensor-parseRGB: the value of RGB [74.450814 76.034523 75.653567]
09-16 17:02:50.869  1583  2182 I libsensor-displayalgo: the value of channelCali C:5336.045606,R:2869.515314,G:2201.741051,B:1023.831838,scales C:1.053362,R:0.940208,G:1.080438,B:1.016771
09-16 17:02:50.869  1583  2182 D libsensor-displayalgo: brightness:8191.000000,flat_mode:0.000000,R1:13125.407461,G1:13747.502646,B1:13596.424148,R2:14254.020689,G2:14878.967315,B2:14760.729105,R3:10660.255219,G3:11229.331766,B3:11055.048842,R4:13062.343833,G4:13636.887652,B4:13521.946516,EVENT C:8407.000000,R:4491.000000,G:3833.000000,B:1970.000000, lux: 149.470581
09-16 17:02:50.880   979  1143 E HfLooper: sensor imu_hand_detect in hal data=1000,999,0,0,10148,88
09-16 17:02:50.955   969  1656 I android.hardware.graphics.composer@3.2-service: Sensor: notify citsensorservice to trigger cwb
09-16 17:02:50.957  1583  2176 I libsensor-frameBufferManager: request dump start
09-16 17:02:50.957  1583  2176 D libcomposer_ext: ClientImplAidl::getDispDump(), dpy 1, dst (160, 120), dump_point 1, release_fence -1
09-16 17:02:50.958   969   969 D libcomposer_ext: DeviceImplAidl::syncPerform(14), client_handle: 1
09-16 17:02:50.959   969   969 D libcomposer_ext: DeviceImplAidl::DeviceClientContextAidl::ParseGetDispDump()
09-16 17:02:50.959   969   969 D libcomposer_ext: DeviceImplAidl::ParseGetDispDump(), dpy 1, dst (160, 120), dump_point 1
09-16 17:02:50.959   969   969 I hwcomposer: [HWC] getDispDump(), dpy 1, (822,7,982,127), (160, 120), (1, 2), (-1), (-1), (0xb400006f50ca62d0)  
09-16 17:02:50.959   969   969 I hwcomposer: [DRMDEV] isSupportWbParams(), id_crtc 103, id_connector 34, dump_point 1, src(160, 120), dst(160, 120), config 0  
09-16 17:02:50.959   969   969 E hwcomposer: [DRMDEV] isSupportWbParams(), disp(1220, 2712)  
09-16 17:02:50.959   969   969 I hwcomposer: [DISP_DUMP] setDumpBuf(), dpy(0), src(822, 7, 982, 127), dst(160, 120), (1, 2), -1, (-1), (0xb400006f50ca62d0)  
09-16 17:02:50.959   969   969 I hwcomposer: [HWC] (0)fire a callback of refresh to SF[9]  
09-16 17:02:50.971   969   969 D libcomposer_ext: DeviceImplAidl::DeviceClientContextAidl::NotifyDispDumpReady()
09-16 17:02:50.973  1583  1583 D libcomposer_ext: ClientCallbackAidl::asyncPerform(15)
09-16 17:02:50.973  1583  1583 D libcomposer_ext: ClientImplAidl::ParseNotifyDispDumpReady()
09-16 17:02:51.002  1583  2177 D libsensor-parseRGB: the value of RGB [74.450814 76.034523 75.653567]
09-16 17:02:51.034  2350  2350 D WifiHAL : WifiRequest::create vendor command to iface 37, vendor_id=0x1a11, subcmd=0x1200, res=0
09-16 17:02:51.044  2350  2350 I WifiHAL : LLS RSP: data=0xb40000750e29d660, len=4292
09-16 17:02:51.044  2350  2350 I WifiHAL : LLS check_data_sanity: 1801: current_radio_stat->num_channels=28
09-16 17:02:51.044  2350  2350 I WifiHAL : LLS check_data_sanity: 1801: current_radio_stat->num_channels=0
09-16 17:02:51.044  2350  2350 I WifiHAL : LLS check_data_sanity: confirmed_size=4292, len=4292
09-16 17:02:51.070  1583  2182 I libsensor-displayalgo: the value of channelCali C:5336.045606,R:2869.515314,G:2201.741051,B:1023.831838,scales C:1.053362,R:0.940208,G:1.080438,B:1.016771
09-16 17:02:51.070  1583  2182 D libsensor-displayalgo: brightness:8191.000000,flat_mode:0.000000,R1:13125.407461,G1:13747.502646,B1:13596.424148,R2:14254.020689,G2:14878.967315,B2:14760.729105,R3:10660.255219,G3:11229.331766,B3:11055.048842,R4:13062.343833,G4:13636.887652,B4:13521.946516,EVENT C:8387.000000,R:4479.000000,G:3826.000000,B:1964.000000, lux: 148.403427
