09-16 17:02:28.019  6607  6174 I Finsky  : [3106] Triggered update for experiment package com.google.android.finsky.stable.
09-16 17:02:28.035  6607  6174 I Finsky  : [3106] Already at the latest configurations for experiment package com.google.android.finsky.stable.
09-16 17:02:28.035  6607  6174 I Finsky  : [3106] Triggered update for experiment package com.google.android.finsky.regular.
09-16 17:02:28.041  6607  6174 I Finsky  : [3106] Already at the latest configurations for experiment package com.google.android.finsky.regular.
09-16 17:02:28.041  6607  6174 I Finsky  : [3106] Triggered update for experiment package com.google.android.finsky.regular.
09-16 17:02:28.047  6607  6174 I Finsky  : [3106] Already at the latest configurations for experiment package com.google.android.finsky.regular.
09-16 17:02:28.047  6607  6174 I Finsky  : [3106] Triggered update for experiment package com.google.android.finsky.regular.
09-16 17:02:28.053  6607  6174 I Finsky  : [3106] Already at the latest configurations for experiment package com.google.android.finsky.regular.
09-16 17:02:28.053  6607  6174 I Finsky  : [3106] Triggered update for experiment package com.google.android.finsky.regular.
09-16 17:02:28.056  6607  6174 I Finsky  : [3106] Already at the latest configurations for experiment package com.google.android.finsky.regular.
09-16 17:02:32.076  7072  7072 I cr_PaymentAppFinder: Payment app "br.com.melhorafotoai.twa": "org.chromium.intent.action.IS_READY_TO_PAY" service in "com.google.androidbrowserhelper.playbilling.provider.PaymentService".
09-16 17:02:32.077  7072  7072 I cr_PaymentAppFinder: Activity "com.google.androidbrowserhelper.playbilling.provider.PaymentActivity" in package "br.com.melhorafotoai.twa" validated for "https://play.google.com/billing".
09-16 17:02:32.078  7072  7072 I cr_PaymentAppFinder: "com.google.androidbrowserhelper.playbilling.provider.PaymentActivity" meta-data "org.chromium.default_payment_method_name": "https://play.google.com/billing".
09-16 17:02:32.078  7072  7072 I cr_IsReadyToPayService: Connecting to "com.google.androidbrowserhelper.playbilling.provider.PaymentService".
09-16 17:02:32.080  1808  2133 I SmartPower: br.com.melhorafotoai.twa/10307(28261): idle->background(11004ms) R(service create br.com.melhorafotoai.twa/com.google.androidbrowserhelper.playbilling.provider.PaymentService) adj=250.
09-16 17:02:32.081  7072  7072 I cr_PaymentRequestServ: Check can make payment.
09-16 17:02:32.091  7072  7072 I cr_IsReadyToPayService: Querying "com.google.androidbrowserhelper.playbilling.provider.PaymentService".
09-16 17:02:32.093  7072 10080 I cr_IsReadyToPayService: "com.google.androidbrowserhelper.playbilling.provider.PaymentService": Ready to pay.
09-16 17:02:32.093  7072 10080 I cr_IsReadyToPayService: Terminating connection to "com.google.androidbrowserhelper.playbilling.provider.PaymentService".
09-16 17:02:32.094  7072  7072 I cr_PaymentRequestServ: Can make payment: "true".
09-16 17:02:32.135  1808  2133 D WindowManager: Collecting in transition 636: ActivityRecord{ae2821c u0 br.com.melhorafotoai.twa/com.google.androidbrowserhelper.playbilling.provider.PaymentActivity init visibleRequested:false
09-16 17:02:32.136  1064  1285 I BufferQueueDebug: [ActivityRecord{ae2821c u0 br.com.melhorafotoai.twa/com.google.androidbrowserhelper.playbilling.provider.PaymentActivity t153}#8489](this:0xb400007b6435fa80,id:-1,api:0,p:-1,c:-1) BufferQueue core=(1064:/system/bin/surfaceflinger)
09-16 17:02:32.138  1808  2133 D ActivityTaskManager: Not add starting window, the reason is: windowIsTranslucent = true  windowIsFloating = false  this = ActivityRecord{ae2821c u0 br.com.melhorafotoai.twa/com.google.androidbrowserhelper.playbilling.provider.PaymentActivity t153} activityName = br.com.melhorafotoai.twa/com.google.androidbrowserhelper.playbilling.provider.PaymentActivity
09-16 17:02:32.139  1808  2133 D WindowManager: All the checks have been done, return STARTING_WINDOW_TYPE_NONE. this = ActivityRecord{ae2821c u0 br.com.melhorafotoai.twa/com.google.androidbrowserhelper.playbilling.provider.PaymentActivity t153}
09-16 17:02:32.139  1808  2133 I WindowManager: Try to add startingWindow type = STARTING_WINDOW_TYPE_NONE this = ActivityRecord{ae2821c u0 br.com.melhorafotoai.twa/com.google.androidbrowserhelper.playbilling.provider.PaymentActivity t153} preAllowTaskSnapshot = true afterAllowTaskSnapshot = true newTask = false taskSwitch = false processRunning = true activityCreated = false activityAllDrawn = false isSnapshotCompatible = false resolvedTheme = 0 theme = 16973840
09-16 17:02:32.141  1808  2133 D WindowManager: Collecting in transition 636: ActivityRecord{ae2821c u0 br.com.melhorafotoai.twa/com.google.androidbrowserhelper.playbilling.provider.PaymentActivity t153} init visibleRequested:false
09-16 17:02:32.142  1808  2133 I ActivityTaskManager: START u0 {act=org.chromium.intent.action.PAY cmp=br.com.melhorafotoai.twa/com.google.androidbrowserhelper.playbilling.provider.PaymentActivity (has extras)} with LAUNCH_MULTIPLE from uid 10172 from pid 7072 callingPackage com.android.chrome (BAL_ALLOW_VISIBLE_WINDOW) result code=0
09-16 17:02:32.145  2628  2725 I SoScStageCoordinator: Transition requested:TransitionRequestInfo { type = OPEN, triggerTask = TaskInfo{userId=0 taskId=153 displayId=0 isRunning=true baseIntent=Intent { act=android.intent.action.MAIN cat=[android.intent.category.LAUNCHER] flg=0x10200000 cmp=br.com.melhorafotoai.twa/.LauncherActivity } baseActivity=ComponentInfo{br.com.melhorafotoai.twa/br.com.melhorafotoai.twa.LauncherActivity} topActivity=ComponentInfo{br.com.melhorafotoai.twa/com.google.androidbrowserhelper.playbilling.provider.PaymentActivity} origActivity=null realActivity=ComponentInfo{br.com.melhorafotoai.twa/br.com.melhorafotoai.twa.LauncherActivity} numActivities=3 lastActiveTime=23688820 supportsSplitScreenMultiWindow=true supportsMultiWindow=true resizeMode=1 isResizeable=true minWidth=-1 minHeight=-1 defaultMinSize=200 token=WCT{android.window.IWindowContainerToken$Stub$Proxy@d9d1da3} topActivityType=1 pictureInPictureParams=null shouldDockBigOverlays=false launchIntoPipHostTaskId=-1 lastParentTaskIdBeforePip=-1 displayCutoutSafeInsets=null topActivityInfo=ActivityInfo{9ff78a0 com.google.androidbrowserhelper.playbilling.provider.PaymentActivity} launchCookies=[] positionInParent=Point(0, 0) parentTaskId=-1 isFocused=true isVisible=true isVisibleRequested=true isSleeping=false locusId=null displayAreaFeatureId=1 isTopActivityTransparent=true appCompatTaskInfo=AppCompatTaskInfo { topActivityInSizeCompat=false topActivityEligibleForLetterboxEducation= falseisLetterboxEducationEnabled= false isLetterboxDoubleTapEnabled= false topActivityEligibleForUserAspectRatioButton= false topActivityBoundsLetterboxed= false isFromLetterboxDoubleTap= false topActivityLetterboxVerticalPosition= -1 topActivityLetterboxHorizontalPosition= -1 topActivityLetterboxWidth=1220 topActivityLetterboxHeight=2712 isUserFullscreenOverrideEnabled=false isSystemFullscreenOverrideEnabled=false cameraCompatTaskInfo=CameraCompatTaskInfo { cameraCompatControlState=hidden freeformCameraCompatMode=inactive}} isImmersive=false mTopActivityRequestOrientation=1 mBehindAppLockPkg=null mOriginatingUid=0 isEmbedded=false shouldBeVisible=true mIsCastMode=false mTopActivityMediaSize=null mTopActivityRecordName=ActivityRecord{ae2821c u0 br.com.melhorafotoai.twa/com.google.androidbrowserhelper.playbilling.provider.PaymentActivity t153} mTopActivityOrientation=-2}, pipTask = null, remoteTransition = null, displayChange = null, flags = 0, debugId = 636 } isSoScActive:false triggerTask:TaskInfo{userId=0 taskId=153 displayId=0 isRunning=true baseIntent=Intent { act=android.intent.action.MAIN cat=[android.intent.category.LAUNCHER] flg=0x10200000 cmp=br.com.melhorafotoai.twa/.LauncherActivity } baseActivity=ComponentInfo{br.com.melhorafotoai.twa/br.com.melhorafotoai.twa.LauncherActivity} topActivity=ComponentInfo{br.com.melhorafotoai.twa/com.google.androidbrowserhelper.playbilling.provider.PaymentActivity} origActivity=null realActivity=ComponentInfo{br.com.melhorafotoai.twa/br.com.melhorafotoai.twa.LauncherActivity} numActivities=3 lastActiveTime=23688820 supportsSplitScreenMultiWindow=true supportsMultiWindow=true resizeMode=1 isResizeable=true minWidth=-1 minHeight=-1 defaultMinSize=200 token=WCT{android.window.IWindowContainerToken$Stub$Proxy@d9d1da3} topActivityType=1 pictureInPictureParams=null shouldDockBigOverlays=false launchIntoPipHostTaskId=-1 lastParentTaskIdBeforePip=-1 displayCutoutSafeInsets=null topActivityInfo=ActivityInfo{9ff78a0 com.google.androidbrowserhelper.playbilling.provider.PaymentActivity} launchCookies=[] positionInParent=Point(0, 0) parentTaskId=-1 isFocused=true isVisible=true isVisibleRequested=true isSleeping=false locusId=null displayAreaFeatureId=1 isTopActivityTransparent=true appCompatTaskInfo=AppCompatTaskInfo { topActivityInSizeCompat=false topActivityEligibleForLetterboxEducation= falseisLetterboxEducationEnabled= false isLetterboxDoubleTapEnabled= false topActivityEligibleForUserAspectRatioButton= false topActivityBoundsLetterboxed= false isFromLetterboxDoubleTap= false topActivityLetterboxVerticalPosition= -1 topActivityLetterbo
09-16 17:02:32.163  1808  2133 D WindowManager: Collecting in transition 636: ActivityRecord{ae2821c u0 br.com.melhorafotoai.twa/com.google.androidbrowserhelper.playbilling.provider.PaymentActivity t153} init visibleRequested:false
09-16 17:02:32.163  1808  2133 D WindowManager: Collecting in transition 636: ActivityRecord{ae2821c u0 br.com.melhorafotoai.twa/com.google.androidbrowserhelper.playbilling.provider.PaymentActivity t153} init visibleRequested:true
09-16 17:02:32.164  1808  2133 I PowerHalWrapper: amsBoostNotify pid:28261,activity:com.google.androidbrowserhelper.playbilling.provider.PaymentActivity, package:br.com.melhorafotoai.twa, mProcessCreatePackbr.com.melhorafotoai.twa 
09-16 17:02:32.165  1808  2133 I mtkpower_client: [PowerHal_Wrap_notifyAppState] br.com.melhorafotoai.twa/com.google.androidbrowserhelper.playbilling.provider.PaymentActivity pid=28261 activityId:182616604 state:1
09-16 17:02:32.165   993  1010 I vendor.mediatek.hardware.mtkpower_applist-service.mediatek: packName: br.com.melhorafotoai.twa actName: com.google.androidbrowserhelper.playbilling.provider.PaymentActivity pid: 28261 uid: 10307 state: 1
09-16 17:02:32.165   993  1010 I MTK_APPList: [notifyAPPstate] br.com.melhorafotoai.twa/com.google.androidbrowserhelper.playbilling.provider.PaymentActivity, pid=28261, uid=10307, state:RESUMED, fps:-1, win:0
09-16 17:02:32.165   993  1010 I MTK_APPList: [notifyAPPstate] multi_resumed_app_info[0] br.com.melhorafotoai.twa/com.google.androidbrowserhelper.playbilling.provider.PaymentActivity, pid:28261, fps:-1, isMultiWindow:0
09-16 17:02:32.167  1808  2133 I BLASTSyncEngine: SyncGroup 636:  Unfinished container:ActivityRecord{ae2821c u0 br.com.melhorafotoai.twa/com.google.androidbrowserhelper.playbilling.provider.PaymentActivity t153}
09-16 17:02:32.167  1808  2133 I BLASTSyncEngine: isActivitySyncFinished isSyncFinished false ActivityRecord{ae2821c u0 br.com.melhorafotoai.twa/com.google.androidbrowserhelper.playbilling.provider.PaymentActivity t153}
09-16 17:02:32.182  1808  1888 I BLASTSyncEngine: SyncGroup 636:  Unfinished container:ActivityRecord{ae2821c u0 br.com.melhorafotoai.twa/com.google.androidbrowserhelper.playbilling.provider.PaymentActivity t153}
09-16 17:02:32.182  1808  1888 I BLASTSyncEngine: isActivitySyncFinished isSyncFinished false ActivityRecord{ae2821c u0 br.com.melhorafotoai.twa/com.google.androidbrowserhelper.playbilling.provider.PaymentActivity t153}
09-16 17:02:32.187  1064  1731 I BufferQueueDebug: [30dc74d br.com.melhorafotoai.twa/com.google.androidbrowserhelper.playbilling.provider.PaymentActivity#8492](this:0xb400007b642d8390,id:-1,api:0,p:-1,c:-1) BufferQueue core=(1064:/system/bin/surfaceflinger)
09-16 17:02:32.189 28261 28261 D DecorViewImmersiveImpl: onAttachedToWindow:br.com.melhorafotoai.twa/com.google.androidbrowserhelper.playbilling.provider.PaymentActivity
09-16 17:02:32.190  2387  2387 D RecentsImpl: mActivityStateObserver com.google.androidbrowserhelper.playbilling.provider.PaymentActivity
09-16 17:02:32.190  2387  2387 W RecentsImpl: updateStubViewVisibility, className=com.google.androidbrowserhelper.playbilling.provider.PaymentActivity
09-16 17:02:32.190  1064  1285 I BufferQueueDebug: [br.com.melhorafotoai.twa/com.google.androidbrowserhelper.playbilling.provider.PaymentActivity#8493](this:0xb400007b643249f0,id:-1,api:0,p:-1,c:-1) BufferQueue core=(1064:/system/bin/surfaceflinger)
09-16 17:02:32.191  1808  2030 I BLASTSyncEngine: SyncGroup 636:  Unfinished container:ActivityRecord{ae2821c u0 br.com.melhorafotoai.twa/com.google.androidbrowserhelper.playbilling.provider.PaymentActivity t153}
09-16 17:02:32.191  1808  2030 I BLASTSyncEngine: isActivitySyncFinished isSyncFinished false ActivityRecord{ae2821c u0 br.com.melhorafotoai.twa/com.google.androidbrowserhelper.playbilling.provider.PaymentActivity t153}
09-16 17:02:32.192  1808  2030 W WindowManager: Changing focus from null to Window{30dc74d u0 br.com.melhorafotoai.twa/com.google.androidbrowserhelper.playbilling.provider.PaymentActivity} displayId=0 Callers=com.android.server.wm.RootWindowContainer.updateFocusedWindowLocked:602 com.android.server.wm.WindowManagerService.updateFocusedWindowLocked:7168 com.android.server.wm.WindowManagerService.relayoutWindowInner:3076 com.android.server.wm.WindowManagerService.relayoutWindow:2724 
09-16 17:02:32.192  6607  6620 I Finsky  : [2942] br.com.melhorafotoai.twa: Account determined from installer data - [9D1QEleBtuuJ6goBGEaPSyZJc25CWGxq6RZEcxEYgjY]
09-16 17:02:32.192  6607  6620 I Finsky  : [2942] Billing preferred account via installer for br.com.melhorafotoai.twa: [9D1QEleBtuuJ6goBGEaPSyZJc25CWGxq6RZEcxEYgjY]
09-16 17:02:32.193  6607  6620 W Finsky  : [2942] Got api version 25 for account: [9D1QEleBtuuJ6goBGEaPSyZJc25CWGxq6RZEcxEYgjY]
09-16 17:02:32.193  1808  2030 D WindowManager: wms.Input focus has changed to Window{30dc74d u0 br.com.melhorafotoai.twa/com.google.androidbrowserhelper.playbilling.provider.PaymentActivity} display=0 updateInputWindows = true
09-16 17:02:32.194  1808  2030 I WindowManager: Relayout Window{30dc74d u0 br.com.melhorafotoai.twa/com.google.androidbrowserhelper.playbilling.provider.PaymentActivity}: oldVis=4 newVis=0 focusMayChange = true requestedWidth = 1220 requestedHeight = 2712 outFrames = ClientWindowFrames{frame=[0,0][1220,2712] display=[0,0][1220,2712] parentFrame=[0,0][0,0]} outSurfaceControl = Surface(name=br.com.melhorafotoai.twa/com.google.androidbrowserhelper.playbilling.provider.PaymentActivity#8493)/@0xe6dbc4e
09-16 17:02:32.195  1808  2133 D CoreBackPreview: Window{30dc74d u0 br.com.melhorafotoai.twa/com.google.androidbrowserhelper.playbilling.provider.PaymentActivity}: Setting back callback OnBackInvokedCallbackInfo{mCallback=android.window.IOnBackInvokedCallback$Stub$Proxy@1a10726, mPriority=0, mIsAnimationCallback=false}
09-16 17:02:32.195  6607  6620 I Finsky  : [2942] br.com.melhorafotoai.twa: Account determined from installer data - [9D1QEleBtuuJ6goBGEaPSyZJc25CWGxq6RZEcxEYgjY]
09-16 17:02:32.196  6607  6620 I Finsky  : [2942] Billing preferred account via installer for br.com.melhorafotoai.twa: [9D1QEleBtuuJ6goBGEaPSyZJc25CWGxq6RZEcxEYgjY]
09-16 17:02:32.196  6607  6620 W Finsky  : [2942] Got api version 25 for account: [9D1QEleBtuuJ6goBGEaPSyZJc25CWGxq6RZEcxEYgjY]
09-16 17:02:32.198  1808  2030 D WindowManager: wms.finishDrawingLocked: mDrawState=COMMIT_DRAW_PENDING Window{30dc74d u0 br.com.melhorafotoai.twa/com.google.androidbrowserhelper.playbilling.provider.PaymentActivity} in Surface(name=br.com.melhorafotoai.twa/com.google.androidbrowserhelper.playbilling.provider.PaymentActivity#8493)/@0x1fc8b49
09-16 17:02:32.200  1808  2301 I SmartPower: com.android.vending/10154(6607): idle->background(9151ms) R(add to whitelist) adj=250.
09-16 17:02:32.200  1808  1888 I WindowManager: wms.showSurfaceRobustly mWin:Window{30dc74d u0 br.com.melhorafotoai.twa/com.google.androidbrowserhelper.playbilling.provider.PaymentActivity}
09-16 17:02:32.200  1808  1888 D WindowManager: Final targets: [ActivityRecord{ae2821c u0 br.com.melhorafotoai.twa/com.google.androidbrowserhelper.playbilling.provider.PaymentActivity t153}]
09-16 17:02:32.200  1064  1285 I BufferQueueDebug: [Transition Root #636: ActivityRecord{ae2821c u0 br.com.melhorafotoai.twa/com.google.androidbrowserhelper.playbilling.provider.PaymentActivity t153}#8496](this:0xb400007b6433cee0,id:-1,api:0,p:-1,c:-1) BufferQueue core=(1064:/system/bin/surfaceflinger)
09-16 17:02:32.201  6607  6717 I Finsky  : [3005] br.com.melhorafotoai.twa: Account determined from installer data - [9D1QEleBtuuJ6goBGEaPSyZJc25CWGxq6RZEcxEYgjY]
09-16 17:02:32.201  6607  6717 I Finsky  : [3005] Billing preferred account via installer for br.com.melhorafotoai.twa: [9D1QEleBtuuJ6goBGEaPSyZJc25CWGxq6RZEcxEYgjY]
09-16 17:02:32.201  6607  6717 W Finsky  : [3005] Got api version 25 for account: [9D1QEleBtuuJ6goBGEaPSyZJc25CWGxq6RZEcxEYgjY]
09-16 17:02:32.202  6607  6620 I Finsky  : [2942] br.com.melhorafotoai.twa: Account determined from installer data - [9D1QEleBtuuJ6goBGEaPSyZJc25CWGxq6RZEcxEYgjY]
09-16 17:02:32.202  6607  6620 I Finsky  : [2942] Billing preferred account via installer for br.com.melhorafotoai.twa: [9D1QEleBtuuJ6goBGEaPSyZJc25CWGxq6RZEcxEYgjY]
09-16 17:02:32.203  6607  6620 W Finsky  : [2942] Got api version 25 for account: [9D1QEleBtuuJ6goBGEaPSyZJc25CWGxq6RZEcxEYgjY]
09-16 17:02:32.203  1064  1285 I BufferQueueDebug: [fbc2eee ActivityRecordInputSink br.com.melhorafotoai.twa/com.google.androidbrowserhelper.playbilling.provider.PaymentActivity#8497](this:0xb400007b64363210,id:-1,api:0,p:-1,c:-1) BufferQueue core=(1064:/system/bin/surfaceflinger)
09-16 17:02:32.204  1808  1888 D SurfaceComposerClient: Transaction::apply InputWindowCommands.focusRequests timestamp=19075462369521, windowName=30dc74d br.com.melhorafotoai.twa/com.google.androidbrowserhelper.playbilling.provider.PaymentActivity
09-16 17:02:32.204  2628  2725 D MiuiFreeformModeAnimation: startAnimation change: {null m=OPEN f=TRANSLUCENT|FILLS_TASK leash=Surface(name=ActivityRecord{ae2821c u0 br.com.melhorafotoai.twa/com.google.androidbrowserhelper.playbilling.provider.PaymentActivity t153}#8489)/@0x4474c59 sb=Rect(0, 0 - 0, 0) eb=Rect(0, 0 - 1220, 2712) d=-1->0 r=-1->0:-1 windowMode=0->1 bc=ff000000 component=br.com.melhorafotoai.twa/com.google.androidbrowserhelper.playbilling.provider.PaymentActivity} info.getType(): 1
09-16 17:02:32.205  1808  1864 I ActivityTaskManager: Displayed br.com.melhorafotoai.twa/com.google.androidbrowserhelper.playbilling.provider.PaymentActivity for user 0: +68ms
09-16 17:02:32.208  1064  1064 D SurfaceFlinger: Focus addInputWindowCommands timestamp=19075462369521, windowName=30dc74d br.com.melhorafotoai.twa/com.google.androidbrowserhelper.playbilling.provider.PaymentActivity
09-16 17:02:32.210  1064  1716 D SurfaceFlinger: updateWinowInfo=1, setFocusedWindow timestamp=19075462369521, windowName=30dc74d br.com.melhorafotoai.twa/com.google.androidbrowserhelper.playbilling.provider.PaymentActivity
09-16 17:02:32.213  6607  6620 I Finsky  : [2942] br.com.melhorafotoai.twa: Account determined from installer data - [9D1QEleBtuuJ6goBGEaPSyZJc25CWGxq6RZEcxEYgjY]
09-16 17:02:32.213  6607  6620 I Finsky  : [2942] Billing preferred account via installer for br.com.melhorafotoai.twa: [9D1QEleBtuuJ6goBGEaPSyZJc25CWGxq6RZEcxEYgjY]
09-16 17:02:32.214  6607  6620 W Finsky  : [2942] Got api version 25 for account: [9D1QEleBtuuJ6goBGEaPSyZJc25CWGxq6RZEcxEYgjY]
09-16 17:02:32.216  1064  1064 I SurfaceFlinger: onHandleDestroyed: name=Transition Root #636: ActivityRecord{ae2821c u0 br.com.melhorafotoai.twa/com.google.androidbrowserhelper.playbilling.provider.PaymentActivity t153}#8496, layerId=8496, parentId=0
09-16 17:02:32.223  1808  2133 D WindowManager: Collecting in transition 637: ActivityRecord{96d6229 u0 br.com.melhorafotoai.twa/com.android.billingclient.api.ProxyBillingActivity init visibleRequested:false
09-16 17:02:32.224  1808  2133 D MiuiFreeformServiceImpl: addLaunchFreeformActivityOptionIfNeed skip due to not find sourceTask: null sourceFfas: null sourceFreeFormActivity: ActivityRecord{ae2821c u0 br.com.melhorafotoai.twa/com.google.androidbrowserhelper.playbilling.provider.PaymentActivity t153}
09-16 17:02:32.224  1064  1064 I BufferQueueDebug: [Transition Root #636: ActivityRecord{ae2821c u0 br.com.melhorafotoai.twa/com.google.androidbrowserhelper.playbilling.provider.PaymentActivity t153}#8496](this:0xb400007b6433cee0,id:-1,api:0,p:-1,c:1064) onDestructor()
09-16 17:02:32.226  1064  1285 I BufferQueueDebug: [ActivityRecord{96d6229 u0 br.com.melhorafotoai.twa/com.android.billingclient.api.ProxyBillingActivity t153}#8499](this:0xb400007b6415db40,id:-1,api:0,p:-1,c:-1) BufferQueue core=(1064:/system/bin/surfaceflinger)
09-16 17:02:32.227  1808  2133 D ActivityTaskManager: Not add starting window, the reason is: windowIsTranslucent = true  windowIsFloating = false  this = ActivityRecord{96d6229 u0 br.com.melhorafotoai.twa/com.android.billingclient.api.ProxyBillingActivity t153} activityName = br.com.melhorafotoai.twa/com.android.billingclient.api.ProxyBillingActivity
09-16 17:02:32.227  1808  2133 D WindowManager: All the checks have been done, return STARTING_WINDOW_TYPE_NONE. this = ActivityRecord{96d6229 u0 br.com.melhorafotoai.twa/com.android.billingclient.api.ProxyBillingActivity t153}
09-16 17:02:32.227  1808  2133 I WindowManager: Try to add startingWindow type = STARTING_WINDOW_TYPE_NONE this = ActivityRecord{96d6229 u0 br.com.melhorafotoai.twa/com.android.billingclient.api.ProxyBillingActivity t153} preAllowTaskSnapshot = true afterAllowTaskSnapshot = true newTask = false taskSwitch = false processRunning = true activityCreated = false activityAllDrawn = false isSnapshotCompatible = false resolvedTheme = 0 theme = 16973840
09-16 17:02:32.227  1808  2133 I PowerHalWrapper: amsBoostNotify pid:28261,activity:com.google.androidbrowserhelper.playbilling.provider.PaymentActivity, package:br.com.melhorafotoai.twa, mProcessCreatePackbr.com.melhorafotoai.twa 
09-16 17:02:32.228  1808  2133 I mtkpower_client: [PowerHal_Wrap_notifyAppState] br.com.melhorafotoai.twa/com.google.androidbrowserhelper.playbilling.provider.PaymentActivity pid=28261 activityId:182616604 state:0
09-16 17:02:32.228   993  1010 I MTK_APPList: [getForegroundAPPInfo]  br.com.melhorafotoai.twa/com.google.androidbrowserhelper.playbilling.provider.PaymentActivity (pid=28261)
09-16 17:02:32.228   993  1010 I vendor.mediatek.hardware.mtkpower_applist-service.mediatek: MIUI ADDpackName: br.com.melhorafotoai.twa actName: com.google.androidbrowserhelper.playbilling.provider.PaymentActivity
09-16 17:02:32.228   993  1010 I vendor.mediatek.hardware.mtkpower_applist-service.mediatek: packName: br.com.melhorafotoai.twa actName: com.google.androidbrowserhelper.playbilling.provider.PaymentActivity pid: 28261 uid: 10307 state: 0
09-16 17:02:32.228   993  1010 I MTK_APPList: [notifyAPPstate] br.com.melhorafotoai.twa/com.google.androidbrowserhelper.playbilling.provider.PaymentActivity, pid=28261, uid=10307, state:PAUSED, fps:-1, win:0
09-16 17:02:32.229  1808  2133 D WindowManager: Collecting in transition 637: ActivityRecord{96d6229 u0 br.com.melhorafotoai.twa/com.android.billingclient.api.ProxyBillingActivity t153} init visibleRequested:false
09-16 17:02:32.229  1808  2133 I ActivityTaskManager: START u0 {cmp=br.com.melhorafotoai.twa/com.android.billingclient.api.ProxyBillingActivity (has extras)} with LAUNCH_MULTIPLE from uid 10307 from pid 28261 callingPackage br.com.melhorafotoai.twa (BAL_ALLOW_VISIBLE_WINDOW) result code=0
09-16 17:02:32.229 28261  6208 D TwaBilling.P: Payment flow launch: 0
09-16 17:02:32.229  2628  2725 I SoScStageCoordinator: Transition requested:TransitionRequestInfo { type = OPEN, triggerTask = TaskInfo{userId=0 taskId=153 displayId=0 isRunning=true baseIntent=Intent { act=android.intent.action.MAIN cat=[android.intent.category.LAUNCHER] flg=0x10200000 cmp=br.com.melhorafotoai.twa/.LauncherActivity } baseActivity=ComponentInfo{br.com.melhorafotoai.twa/br.com.melhorafotoai.twa.LauncherActivity} topActivity=ComponentInfo{br.com.melhorafotoai.twa/com.android.billingclient.api.ProxyBillingActivity} origActivity=null realActivity=ComponentInfo{br.com.melhorafotoai.twa/br.com.melhorafotoai.twa.LauncherActivity} numActivities=4 lastActiveTime=23688908 supportsSplitScreenMultiWindow=true supportsMultiWindow=true resizeMode=1 isResizeable=true minWidth=-1 minHeight=-1 defaultMinSize=200 token=WCT{android.window.IWindowContainerToken$Stub$Proxy@5a52d91} topActivityType=1 pictureInPictureParams=null shouldDockBigOverlays=false launchIntoPipHostTaskId=-1 lastParentTaskIdBeforePip=-1 displayCutoutSafeInsets=null topActivityInfo=ActivityInfo{a5cc4f6 com.android.billingclient.api.ProxyBillingActivity} launchCookies=[] positionInParent=Point(0, 0) parentTaskId=-1 isFocused=true isVisible=true isVisibleRequested=true isSleeping=false locusId=null displayAreaFeatureId=1 isTopActivityTransparent=true appCompatTaskInfo=AppCompatTaskInfo { topActivityInSizeCompat=false topActivityEligibleForLetterboxEducation= falseisLetterboxEducationEnabled= false isLetterboxDoubleTapEnabled= false topActivityEligibleForUserAspectRatioButton= false topActivityBoundsLetterboxed= false isFromLetterboxDoubleTap= false topActivityLetterboxVerticalPosition= -1 topActivityLetterboxHorizontalPosition= -1 topActivityLetterboxWidth=1220 topActivityLetterboxHeight=2712 isUserFullscreenOverrideEnabled=false isSystemFullscreenOverrideEnabled=false cameraCompatTaskInfo=CameraCompatTaskInfo { cameraCompatControlState=hidden freeformCameraCompatMode=inactive}} isImmersive=false mTopActivityRequestOrientation=1 mBehindAppLockPkg=null mOriginatingUid=0 isEmbedded=false shouldBeVisible=true mIsCastMode=false mTopActivityMediaSize=null mTopActivityRecordName=ActivityRecord{96d6229 u0 br.com.melhorafotoai.twa/com.android.billingclient.api.ProxyBillingActivity t153} mTopActivityOrientation=-2}, pipTask = null, remoteTransition = null, displayChange = null, flags = 0, debugId = 637 } isSoScActive:false triggerTask:TaskInfo{userId=0 taskId=153 displayId=0 isRunning=true baseIntent=Intent { act=android.intent.action.MAIN cat=[android.intent.category.LAUNCHER] flg=0x10200000 cmp=br.com.melhorafotoai.twa/.LauncherActivity } baseActivity=ComponentInfo{br.com.melhorafotoai.twa/br.com.melhorafotoai.twa.LauncherActivity} topActivity=ComponentInfo{br.com.melhorafotoai.twa/com.android.billingclient.api.ProxyBillingActivity} origActivity=null realActivity=ComponentInfo{br.com.melhorafotoai.twa/br.com.melhorafotoai.twa.LauncherActivity} numActivities=4 lastActiveTime=23688908 supportsSplitScreenMultiWindow=true supportsMultiWindow=true resizeMode=1 isResizeable=true minWidth=-1 minHeight=-1 defaultMinSize=200 token=WCT{android.window.IWindowContainerToken$Stub$Proxy@5a52d91} topActivityType=1 pictureInPictureParams=null shouldDockBigOverlays=false launchIntoPipHostTaskId=-1 lastParentTaskIdBeforePip=-1 displayCutoutSafeInsets=null topActivityInfo=ActivityInfo{a5cc4f6 com.android.billingclient.api.ProxyBillingActivity} launchCookies=[] positionInParent=Point(0, 0) parentTaskId=-1 isFocused=true isVisible=true isVisibleRequested=true isSleeping=false locusId=null displayAreaFeatureId=1 isTopActivityTransparent=true appCompatTaskInfo=AppCompatTaskInfo { topActivityInSizeCompat=false topActivityEligibleForLetterboxEducation= falseisLetterboxEducationEnabled= false isLetterboxDoubleTapEnabled= false topActivityEligibleForUserAspectRatioButton= false topActivityBoundsLetterboxed= false isFromLetterboxDoubleTap= false topActivityLetterboxVerticalPosition= -1 topActivityLetterboxHorizontalPosition= -1 topActivityLetterboxWidth=1220 topActivityLetterboxHeight=2712 isU
09-16 17:02:32.232  1808  2133 D WindowManager: Collecting in transition 637: ActivityRecord{96d6229 u0 br.com.melhorafotoai.twa/com.android.billingclient.api.ProxyBillingActivity t153} init visibleRequested:false
09-16 17:02:32.232  1808  2133 D WindowManager: Collecting in transition 637: ActivityRecord{96d6229 u0 br.com.melhorafotoai.twa/com.android.billingclient.api.ProxyBillingActivity t153} init visibleRequested:true
09-16 17:02:32.233  1808  2133 W WindowManager: Changing focus from Window{30dc74d u0 br.com.melhorafotoai.twa/com.google.androidbrowserhelper.playbilling.provider.PaymentActivity} to null displayId=0 Callers=com.android.server.wm.RootWindowContainer.updateFocusedWindowLocked:602 com.android.server.wm.WindowManagerService.updateFocusedWindowLocked:7168 com.android.server.wm.ActivityTaskManagerService.setLastResumedActivityUncheckLocked:5842 com.android.server.wm.ActivityTaskSupervisor.updateTopResumedActivityIfNeeded:2452 
09-16 17:02:32.234  1808  2133 I PowerHalWrapper: amsBoostNotify pid:28261,activity:com.android.billingclient.api.ProxyBillingActivity, package:br.com.melhorafotoai.twa, mProcessCreatePackbr.com.melhorafotoai.twa 
09-16 17:02:32.234  1808  2133 I mtkpower_client: [PowerHal_Wrap_notifyAppState] br.com.melhorafotoai.twa/com.android.billingclient.api.ProxyBillingActivity pid=28261 activityId:158163497 state:1
09-16 17:02:32.234   993  1010 I MTK_APPList: [getForegroundAPPInfo]  br.com.melhorafotoai.twa/com.google.androidbrowserhelper.playbilling.provider.PaymentActivity (pid=28261)
09-16 17:02:32.234   993  1010 I vendor.mediatek.hardware.mtkpower_applist-service.mediatek: MIUI ADDpackName: br.com.melhorafotoai.twa actName: com.google.androidbrowserhelper.playbilling.provider.PaymentActivity
09-16 17:02:32.234   993  1010 I vendor.mediatek.hardware.mtkpower_applist-service.mediatek: packName: br.com.melhorafotoai.twa actName: com.android.billingclient.api.ProxyBillingActivity pid: 28261 uid: 10307 state: 1
09-16 17:02:32.234   993  1010 I MTK_APPList: [notifyAPPstate] br.com.melhorafotoai.twa/com.android.billingclient.api.ProxyBillingActivity, pid=28261, uid=10307, state:RESUMED, fps:-1, win:0
09-16 17:02:32.234   993  1010 I MTK_APPList: [notifyAPPstate] multi_resumed_app_info[0] br.com.melhorafotoai.twa/com.android.billingclient.api.ProxyBillingActivity, pid:28261, fps:-1, isMultiWindow:0
09-16 17:02:32.235  1808  2133 I BLASTSyncEngine: SyncGroup 637:  Unfinished container:ActivityRecord{96d6229 u0 br.com.melhorafotoai.twa/com.android.billingclient.api.ProxyBillingActivity t153}
09-16 17:02:32.235  1808  2133 I BLASTSyncEngine: isActivitySyncFinished isSyncFinished false ActivityRecord{96d6229 u0 br.com.melhorafotoai.twa/com.android.billingclient.api.ProxyBillingActivity t153}
09-16 17:02:32.243  1808  5285 I SmartPower: com.android.vending:instant_app_installer/10154(10348): idle->invisible(11196ms) R(become foreground) adj=975.
09-16 17:02:32.243  1808  5285 I SmartPower: com.android.vending/10154(6607): background->invisible(43ms) R(become foreground) adj=250.
09-16 17:02:32.243  1808  5285 I SmartPower: com.android.vending:background/10154(6721): idle->invisible(11195ms) R(become foreground) adj=975.
09-16 17:02:32.243  1808  5285 D WindowManager: Collecting in transition 637: ActivityRecord{1b856b u0 com.android.vending/com.google.android.finsky.billing.acquire.LockToPortraitUiBuilderHostActivity init visibleRequested:false
09-16 17:02:32.243  1808  5285 D MiuiFreeformServiceImpl: addLaunchFreeformActivityOptionIfNeed skip due to not find sourceTask: null sourceFfas: null sourceFreeFormActivity: ActivityRecord{96d6229 u0 br.com.melhorafotoai.twa/com.android.billingclient.api.ProxyBillingActivity t153}
09-16 17:02:32.246  1064  1731 I BufferQueueDebug: [ActivityRecord{1b856b u0 com.android.vending/com.google.android.finsky.billing.acquire.LockToPortraitUiBuilderHostActivity t153}#8500](this:0xb400007b64328180,id:-1,api:0,p:-1,c:-1) BufferQueue core=(1064:/system/bin/surfaceflinger)
09-16 17:02:32.247  1808  5285 D ActivityTaskManager: Not add starting window, the reason is: windowIsTranslucent = true  windowIsFloating = false  this = ActivityRecord{1b856b u0 com.android.vending/com.google.android.finsky.billing.acquire.LockToPortraitUiBuilderHostActivity t153} activityName = com.android.vending/com.google.android.finsky.billing.acquire.LockToPortraitUiBuilderHostActivity
09-16 17:02:32.247  1808  5285 D WindowManager: All the checks have been done, return STARTING_WINDOW_TYPE_NONE. this = ActivityRecord{1b856b u0 com.android.vending/com.google.android.finsky.billing.acquire.LockToPortraitUiBuilderHostActivity t153}
09-16 17:02:32.247  1808  5285 I WindowManager: Try to add startingWindow type = STARTING_WINDOW_TYPE_NONE this = ActivityRecord{1b856b u0 com.android.vending/com.google.android.finsky.billing.acquire.LockToPortraitUiBuilderHostActivity t153} preAllowTaskSnapshot = true afterAllowTaskSnapshot = true newTask = false taskSwitch = false processRunning = true activityCreated = false activityAllDrawn = false isSnapshotCompatible = false resolvedTheme = 0 theme = 2132083198
09-16 17:02:32.248  1808  5285 I PowerHalWrapper: amsBoostNotify pid:28261,activity:com.android.billingclient.api.ProxyBillingActivity, package:br.com.melhorafotoai.twa, mProcessCreatePackbr.com.melhorafotoai.twa 
09-16 17:02:32.248  1808  5285 I mtkpower_client: [PowerHal_Wrap_notifyAppState] br.com.melhorafotoai.twa/com.android.billingclient.api.ProxyBillingActivity pid=28261 activityId:158163497 state:0
09-16 17:02:32.248   993  1010 I MTK_APPList: [getForegroundAPPInfo]  br.com.melhorafotoai.twa/com.android.billingclient.api.ProxyBillingActivity (pid=28261)
09-16 17:02:32.249   993  1010 I vendor.mediatek.hardware.mtkpower_applist-service.mediatek: MIUI ADDpackName: br.com.melhorafotoai.twa actName: com.android.billingclient.api.ProxyBillingActivity
09-16 17:02:32.249   993  1010 I vendor.mediatek.hardware.mtkpower_applist-service.mediatek: packName: br.com.melhorafotoai.twa actName: com.android.billingclient.api.ProxyBillingActivity pid: 28261 uid: 10307 state: 0
09-16 17:02:32.249   993  1010 I MTK_APPList: [notifyAPPstate] br.com.melhorafotoai.twa/com.android.billingclient.api.ProxyBillingActivity, pid=28261, uid=10307, state:PAUSED, fps:-1, win:0
09-16 17:02:32.249  1808  5285 I PowerHalWrapper: <amsBoostResume> last:br.com.melhorafotoai.twa, next:com.android.vendinghasATProcess:false 
09-16 17:02:32.249  1808  5285 D WindowManager: Collecting in transition 637: ActivityRecord{1b856b u0 com.android.vending/com.google.android.finsky.billing.acquire.LockToPortraitUiBuilderHostActivity t153} init visibleRequested:false
09-16 17:02:32.250  1808  5285 I ActivityTaskManager: START u0 {act=com.google.android.finsky.portrait.UI_BUILDER dat=iabData: pkg=com.android.vending cmp=com.android.vending/com.google.android.finsky.billing.acquire.LockToPortraitUiBuilderHostActivity (has extras)} with LAUNCH_MULTIPLE from uid 10154 from pid -1 callingPackage com.android.vending (realCallingUid=10307) (BAL_ALLOW_VISIBLE_WINDOW) result code=0
09-16 17:02:32.255 28261 28261 D VRI[ProxyBillingActivity]: hardware acceleration = true, forceHwAccelerated = false
09-16 17:02:32.256  1064  1285 I BufferQueueDebug: [30a7974 br.com.melhorafotoai.twa/com.android.billingclient.api.ProxyBillingActivity#8501](this:0xb400007b64343e00,id:-1,api:0,p:-1,c:-1) BufferQueue core=(1064:/system/bin/surfaceflinger)
09-16 17:02:32.257  2387  2387 D RecentsImpl: mActivityStateObserver com.android.billingclient.api.ProxyBillingActivity
09-16 17:02:32.258  2387  2387 W RecentsImpl: updateStubViewVisibility, className=com.android.billingclient.api.ProxyBillingActivity
09-16 17:02:32.258  1808  5285 D WindowManager: Collecting in transition 637: ActivityRecord{1b856b u0 com.android.vending/com.google.android.finsky.billing.acquire.LockToPortraitUiBuilderHostActivity t153} init visibleRequested:false
09-16 17:02:32.259  1808  5285 D WindowManager: Collecting in transition 637: ActivityRecord{1b856b u0 com.android.vending/com.google.android.finsky.billing.acquire.LockToPortraitUiBuilderHostActivity t153} init visibleRequested:true
09-16 17:02:32.261  1808  5285 I PowerHalWrapper: amsBoostNotify pid:6607,activity:com.google.android.finsky.billing.acquire.LockToPortraitUiBuilderHostActivity, package:com.android.vending, mProcessCreatePackbr.com.melhorafotoai.twa 
09-16 17:02:32.261  1808  5285 I mtkpower_client: [PowerHal_Wrap_notifyAppState] com.android.vending/com.google.android.finsky.billing.acquire.LockToPortraitUiBuilderHostActivity pid=6607 activityId:1803627 state:1
09-16 17:02:32.261   993  1010 I MTK_APPList: [getForegroundAPPInfo]  br.com.melhorafotoai.twa/com.android.billingclient.api.ProxyBillingActivity (pid=28261)
09-16 17:02:32.261   993  1010 I vendor.mediatek.hardware.mtkpower_applist-service.mediatek: MIUI ADDpackName: br.com.melhorafotoai.twa actName: com.android.billingclient.api.ProxyBillingActivity
09-16 17:02:32.261   993  1010 I vendor.mediatek.hardware.mtkpower_applist-service.mediatek: packName: com.android.vending actName: com.google.android.finsky.billing.acquire.LockToPortraitUiBuilderHostActivity pid: 6607 uid: 10154 state: 1
09-16 17:02:32.262   993  1010 I MTK_APPList: [notifyAPPstate] com.android.vending/com.google.android.finsky.billing.acquire.LockToPortraitUiBuilderHostActivity, pid=6607, uid=10154, state:RESUMED, fps:-1, win:0
09-16 17:02:32.262   993  1010 I MTK_APPList: [notifyAPPstate] multi_resumed_app_info[0] com.android.vending/com.google.android.finsky.billing.acquire.LockToPortraitUiBuilderHostActivity, pid:6607, fps:-1, isMultiWindow:0
09-16 17:02:32.262   993  1010 I MTK_APPList: [notifyAPPstate] foreground:com.android.vending, pid:6607, uid:10154
09-16 17:02:32.262   993  1010 I MTK_APPList: [notifyAPPstate] pc:0, br.com.melhorafotoai.twa => com.android.vending
09-16 17:02:32.264  1808  5285 I BLASTSyncEngine: SyncGroup 637:  Unfinished container:ActivityRecord{96d6229 u0 br.com.melhorafotoai.twa/com.android.billingclient.api.ProxyBillingActivity t153}
09-16 17:02:32.264  1808  5285 I BLASTSyncEngine: isActivitySyncFinished isSyncFinished false ActivityRecord{96d6229 u0 br.com.melhorafotoai.twa/com.android.billingclient.api.ProxyBillingActivity t153}
09-16 17:02:32.265 28261 28261 D DecorViewImmersiveImpl: onAttachedToWindow:br.com.melhorafotoai.twa/com.android.billingclient.api.ProxyBillingActivity
09-16 17:02:32.266  1808  5285 D CoreBackPreview: Window{30a7974 u0 br.com.melhorafotoai.twa/com.android.billingclient.api.ProxyBillingActivity}: Setting back callback OnBackInvokedCallbackInfo{mCallback=android.window.IOnBackInvokedCallback$Stub$Proxy@d0fb8e0, mPriority=0, mIsAnimationCallback=false}
09-16 17:02:32.269  1064  1285 I BufferQueueDebug: [br.com.melhorafotoai.twa/com.android.billingclient.api.ProxyBillingActivity#8502](this:0xb400007b642e2a40,id:-1,api:0,p:-1,c:-1) BufferQueue core=(1064:/system/bin/surfaceflinger)
09-16 17:02:32.272  1808  2133 I BLASTSyncEngine: SyncGroup 637:  Unfinished container:ActivityRecord{96d6229 u0 br.com.melhorafotoai.twa/com.android.billingclient.api.ProxyBillingActivity t153}
09-16 17:02:32.272  1808  2133 I BLASTSyncEngine: isActivitySyncFinished isSyncFinished false ActivityRecord{96d6229 u0 br.com.melhorafotoai.twa/com.android.billingclient.api.ProxyBillingActivity t153}
09-16 17:02:32.274  1808  2133 I WindowManager: Relayout Window{30a7974 u0 br.com.melhorafotoai.twa/com.android.billingclient.api.ProxyBillingActivity}: oldVis=4 newVis=0 focusMayChange = true requestedWidth = 1220 requestedHeight = 2712 outFrames = ClientWindowFrames{frame=[0,0][1220,2712] display=[0,0][1220,2712] parentFrame=[0,0][0,0]} outSurfaceControl = Surface(name=br.com.melhorafotoai.twa/com.android.billingclient.api.ProxyBillingActivity#8502)/@0xb48a455
09-16 17:02:32.276  5936 15369 D PerfEngineController: ForegroundInfo{mForegroundPackageName='com.android.vending', mForegroundUid=10154, mForegroundPid=6607, mLastForegroundPackageName='br.com.melhorafotoai.twa', mLastForegroundUid=10307, mLastForegroundPid=28261, mMultiWindowForegroundPackageName='com.android.vending', mMultiWindowForegroundUid=10154, mFlags=0}
09-16 17:02:32.276  7554  7598 I GST     : forePkg: com.android.vending, preForePkg: br.com.melhorafotoai.twa
09-16 17:02:32.276  1449  2882 D ResourceManagerServiceNew: update package name: com.android.vending
09-16 17:02:32.276  5737 13839 I ProcessMonitor: onForegroundInfoChanged: ForegroundInfo{mForegroundPackageName='com.android.vending', mForegroundUid=10154, mForegroundPid=6607, mLastForegroundPackageName='br.com.melhorafotoai.twa', mLastForegroundUid=10307, mLastForegroundPid=28261, mMultiWindowForegroundPackageName='com.android.vending', mMultiWindowForegroundUid=10154, mFlags=0}
09-16 17:02:32.277  5737 13839 I GameBoosterService: onForegroundInfoChanged: Cur=com.android.vending	 last=br.com.melhorafotoai.twa
09-16 17:02:32.277 28261 28261 D BLASTBufferQueue: [VRI[ProxyBillingActivity]#4](f:0,a:0) constructor()
09-16 17:02:32.277 28261 28261 D BLASTBufferQueue: [VRI[ProxyBillingActivity]#4](f:0,a:0) update width=1220 height=2712 format=-2 mTransformHint=0
09-16 17:02:32.277  5737 13839 D GameBoosterService: onGameStatusChange foreground:ForegroundInfo{mForegroundPackageName='com.android.vending', mForegroundUid=10154, mForegroundPid=6607, mLastForegroundPackageName='br.com.melhorafotoai.twa', mLastForegroundUid=10307, mLastForegroundPid=28261, mMultiWindowForegroundPackageName='com.android.vending', mMultiWindowForegroundUid=10154, mFlags=0}
09-16 17:02:32.277  5737 13839 I BeautyService: onForegroundInfoChanged: Cur=com.android.vending	 last=br.com.melhorafotoai.twa
09-16 17:02:32.278 28261 28261 D VRI[ProxyBillingActivity]: vri.reportNextDraw android.view.ViewRootImpl.performTraversals:4984 android.view.ViewRootImpl.doTraversal:3564 android.view.ViewRootImpl$TraversalRunnable.run:11781 android.view.Choreographer$CallbackRecord.run:1809 android.view.Choreographer$CallbackRecord.run:1818 
09-16 17:02:32.278  1449  2882 D ResourceManagerServiceNew: packageName: com.android.vending, uid : 10154, hashCode : 169908424
09-16 17:02:32.278 28261 28261 D VRI[ProxyBillingActivity]: Setup new sync=wmsSync-VRI[ProxyBillingActivity]#8
09-16 17:02:32.281  1064  1731 D MI-SF   : updateScene: module = 258 (TpIdle), value = 1, pkg = com.android.vending
09-16 17:02:32.282 28261  5099 D BLASTBufferQueue: [VRI[ProxyBillingActivity]#4](f:0,a:1) acquireNextBufferLocked size=1220x2712 mFrameNumber=1 applyTransaction=true mTimestamp=19075549175444(auto) mPendingTransactions.size=0 graphicBufferId=121380070752272 transform=0
09-16 17:02:32.284 28261 28261 D VRI[ProxyBillingActivity]: vri.reportDrawFinished
09-16 17:02:32.284  1808  2030 D WindowManager: wms.finishDrawingLocked: mDrawState=COMMIT_DRAW_PENDING Window{30a7974 u0 br.com.melhorafotoai.twa/com.android.billingclient.api.ProxyBillingActivity} in Surface(name=br.com.melhorafotoai.twa/com.android.billingclient.api.ProxyBillingActivity#8502)/@0x667830c
09-16 17:02:32.285  1808  2285 I AudioGameEffect: foreground change to com.android.vending, last foreground is br.com.melhorafotoai.twa
09-16 17:02:32.286  1808  1888 I BLASTSyncEngine: SyncGroup 637:  Unfinished container:ActivityRecord{1b856b u0 com.android.vending/com.google.android.finsky.billing.acquire.LockToPortraitUiBuilderHostActivity t153}
09-16 17:02:32.286  1808  1888 I BLASTSyncEngine: isActivitySyncFinished isSyncFinished false ActivityRecord{1b856b u0 com.android.vending/com.google.android.finsky.billing.acquire.LockToPortraitUiBuilderHostActivity t153}
09-16 17:02:32.286  1808  1888 I BLASTSyncEngine: SyncGroup 637:  Unfinished container:ActivityRecord{1b856b u0 com.android.vending/com.google.android.finsky.billing.acquire.LockToPortraitUiBuilderHostActivity t153}
09-16 17:02:32.286  1808  1888 I BLASTSyncEngine: isActivitySyncFinished isSyncFinished false ActivityRecord{1b856b u0 com.android.vending/com.google.android.finsky.billing.acquire.LockToPortraitUiBuilderHostActivity t153}
09-16 17:02:32.288  1808  2133 I ClipboardServiceI: checkProviderWakePathForClipboard: com.android.vendingis not a activePermissionOwner
09-16 17:02:32.303  1808  2030 D BiometricService/PreAuthInfo: Package: com.android.vending Sensor ID: 8 Modality: 8 Status: 4
09-16 17:02:32.304  1808  2030 D BiometricService/PreAuthInfo: Package: com.android.vending Sensor ID: 5 Modality: 2 Status: 1
09-16 17:02:32.306  1808  2030 D BiometricService/PreAuthInfo: Package: com.android.vending Sensor ID: 8 Modality: 8 Status: 4
09-16 17:02:32.306  1808  2030 D BiometricService/PreAuthInfo: Package: com.android.vending Sensor ID: 5 Modality: 2 Status: 1
09-16 17:02:32.307  1808  2030 D BiometricService/PreAuthInfo: Package: com.android.vending Sensor ID: 8 Modality: 8 Status: 4
09-16 17:02:32.307  1808  2030 D BiometricService/PreAuthInfo: Package: com.android.vending Sensor ID: 5 Modality: 2 Status: 1
09-16 17:02:32.313  1808  2133 D BiometricService/PreAuthInfo: Package: com.android.vending Sensor ID: 8 Modality: 8 Status: 4
09-16 17:02:32.313  1808  2133 D BiometricService/PreAuthInfo: Package: com.android.vending Sensor ID: 5 Modality: 2 Status: 1
09-16 17:02:32.320  1064  1285 D SurfaceFlinger: [SF client] NEW(0xb4000079f40e6d50) for (6607:com.android.vending)
09-16 17:02:32.323  1064  1285 I BufferQueueDebug: [ddf670e com.android.vending/com.google.android.finsky.billing.acquire.LockToPortraitUiBuilderHostActivity#8503](this:0xb400007b642d1470,id:-1,api:0,p:-1,c:-1) BufferQueue core=(1064:/system/bin/surfaceflinger)
09-16 17:02:32.326  6607  6607 D DecorViewImmersiveImpl: onAttachedToWindow:com.android.vending/com.google.android.finsky.billing.acquire.LockToPortraitUiBuilderHostActivity
09-16 17:02:32.327  1808  2030 D CoreBackPreview: Window{ddf670e u0 com.android.vending/com.google.android.finsky.billing.acquire.LockToPortraitUiBuilderHostActivity}: Setting back callback OnBackInvokedCallbackInfo{mCallback=android.window.IOnBackInvokedCallback$Stub$Proxy@77c4cc5, mPriority=-1, mIsAnimationCallback=false}
09-16 17:02:32.327  1808  2030 D CoreBackPreview: Window{ddf670e u0 com.android.vending/com.google.android.finsky.billing.acquire.LockToPortraitUiBuilderHostActivity}: Setting back callback OnBackInvokedCallbackInfo{mCallback=android.window.IOnBackInvokedCallback$Stub$Proxy@4aee61a, mPriority=0, mIsAnimationCallback=true}
09-16 17:02:32.328  1064  1285 I BufferQueueDebug: [com.android.vending/com.google.android.finsky.billing.acquire.LockToPortraitUiBuilderHostActivity#8504](this:0xb400007b6431dad0,id:-1,api:0,p:-1,c:-1) BufferQueue core=(1064:/system/bin/surfaceflinger)
09-16 17:02:32.329  1808  2133 I BLASTSyncEngine: SyncGroup 637:  Unfinished container:ActivityRecord{1b856b u0 com.android.vending/com.google.android.finsky.billing.acquire.LockToPortraitUiBuilderHostActivity t153}
09-16 17:02:32.329  1808  2133 I BLASTSyncEngine: isActivitySyncFinished isSyncFinished false ActivityRecord{1b856b u0 com.android.vending/com.google.android.finsky.billing.acquire.LockToPortraitUiBuilderHostActivity t153}
09-16 17:02:32.330  1808  2133 W WindowManager: Changing focus from null to Window{ddf670e u0 com.android.vending/com.google.android.finsky.billing.acquire.LockToPortraitUiBuilderHostActivity} displayId=0 Callers=com.android.server.wm.RootWindowContainer.updateFocusedWindowLocked:602 com.android.server.wm.WindowManagerService.updateFocusedWindowLocked:7168 com.android.server.wm.WindowManagerService.relayoutWindowInner:3076 com.android.server.wm.WindowManagerService.relayoutWindow:2724 
09-16 17:02:32.331  1808  2133 D WindowManager: wms.Input focus has changed to Window{ddf670e u0 com.android.vending/com.google.android.finsky.billing.acquire.LockToPortraitUiBuilderHostActivity} display=0 updateInputWindows = true
09-16 17:02:32.332  1808  2133 I WindowManager: Relayout Window{ddf670e u0 com.android.vending/com.google.android.finsky.billing.acquire.LockToPortraitUiBuilderHostActivity}: oldVis=4 newVis=0 focusMayChange = true requestedWidth = 1220 requestedHeight = 2712 outFrames = ClientWindowFrames{frame=[0,0][1220,2712] display=[0,0][1220,2712] parentFrame=[0,0][0,0]} outSurfaceControl = Surface(name=com.android.vending/com.google.android.finsky.billing.acquire.LockToPortraitUiBuilderHostActivity#8504)/@0x259f041
09-16 17:02:32.335  1808  1888 D SurfaceComposerClient: Transaction::apply InputWindowCommands.focusRequests timestamp=19075600121290, windowName=ddf670e com.android.vending/com.google.android.finsky.billing.acquire.LockToPortraitUiBuilderHostActivity
09-16 17:02:32.338  1808  2133 D WindowManager: wms.finishDrawingLocked: mDrawState=COMMIT_DRAW_PENDING Window{ddf670e u0 com.android.vending/com.google.android.finsky.billing.acquire.LockToPortraitUiBuilderHostActivity} in Surface(name=com.android.vending/com.google.android.finsky.billing.acquire.LockToPortraitUiBuilderHostActivity#8504)/@0xab0154b
09-16 17:02:32.339  6607  6607 I Finsky  : [2] Unable to report via RADS flow because the ScionPayloadData is null.
09-16 17:02:32.340  6607  6607 I Finsky  : [2] id: c
09-16 17:02:32.340  1808  1888 I WindowManager: wms.showSurfaceRobustly mWin:Window{30a7974 u0 br.com.melhorafotoai.twa/com.android.billingclient.api.ProxyBillingActivity}
09-16 17:02:32.340  1808  1888 I SmartPower: com.android.vending/10154(6607): invisible->visible(97ms) R(become visible) adj=0.
09-16 17:02:32.340  1808  1888 I WindowManager: wms.showSurfaceRobustly mWin:Window{ddf670e u0 com.android.vending/com.google.android.finsky.billing.acquire.LockToPortraitUiBuilderHostActivity}
09-16 17:02:32.340  1808  1888 D WindowManager: Final targets: [ActivityRecord{1b856b u0 com.android.vending/com.google.android.finsky.billing.acquire.LockToPortraitUiBuilderHostActivity t153}, ActivityRecord{96d6229 u0 br.com.melhorafotoai.twa/com.android.billingclient.api.ProxyBillingActivity t153}]
09-16 17:02:32.340  1064  1064 D SurfaceFlinger: Focus addInputWindowCommands timestamp=19075600121290, windowName=ddf670e com.android.vending/com.google.android.finsky.billing.acquire.LockToPortraitUiBuilderHostActivity
09-16 17:02:32.340  1064  1731 I BufferQueueDebug: [Transition Root #637: ActivityRecord{1b856b u0 com.android.vending/com.google.android.finsky.billing.acquire.LockToPortraitUiBuilderHostActivity t153}#8507](this:0xb400007b64377f70,id:-1,api:0,p:-1,c:-1) BufferQueue core=(1064:/system/bin/surfaceflinger)
09-16 17:02:32.342  1064  1716 D SurfaceFlinger: updateWinowInfo=1, setFocusedWindow timestamp=19075600121290, windowName=ddf670e com.android.vending/com.google.android.finsky.billing.acquire.LockToPortraitUiBuilderHostActivity
09-16 17:02:32.345  1808  1864 I ActivityTaskManager: Displayed com.android.vending/com.google.android.finsky.billing.acquire.LockToPortraitUiBuilderHostActivity for user 0: +121ms
09-16 17:02:32.346  2628  2725 D MiuiFreeformModeAnimation: startAnimation change: {null m=OPEN f=TRANSLUCENT|FILLS_TASK leash=Surface(name=ActivityRecord{1b856b u0 com.android.vending/com.google.android.finsky.billing.acquire.LockToPortraitUiBuilderHostActivity t153}#8500)/@0x9c700f7 sb=Rect(0, 0 - 0, 0) eb=Rect(0, 0 - 1220, 2712) d=-1->0 r=-1->0:-1 windowMode=0->1 bc=fffafafa component=com.android.vending/com.google.android.finsky.billing.acquire.LockToPortraitUiBuilderHostActivity} info.getType(): 1
09-16 17:02:32.346  1064  1861 I BufferQueueDebug: [957aaf3 ActivityRecordInputSink br.com.melhorafotoai.twa/com.android.billingclient.api.ProxyBillingActivity#8508](this:0xb400007b6436a130,id:-1,api:0,p:-1,c:-1) BufferQueue core=(1064:/system/bin/surfaceflinger)
09-16 17:02:32.346  2628  2725 D MiuiFreeformModeAnimation: startAnimation change: {null m=OPEN f=TRANSLUCENT|FILLS_TASK leash=Surface(name=ActivityRecord{96d6229 u0 br.com.melhorafotoai.twa/com.android.billingclient.api.ProxyBillingActivity t153}#8499)/@0x210db64 sb=Rect(0, 0 - 0, 0) eb=Rect(0, 0 - 1220, 2712) d=-1->0 r=-1->0:-1 windowMode=0->1 bc=fffafafa component=br.com.melhorafotoai.twa/com.android.billingclient.api.ProxyBillingActivity} info.getType(): 1
09-16 17:02:32.346  1064  1731 I BufferQueueDebug: [f1f82ba ActivityRecordInputSink com.android.vending/com.google.android.finsky.billing.acquire.LockToPortraitUiBuilderHostActivity#8509](this:0xb400007b64335fc0,id:-1,api:0,p:-1,c:-1) BufferQueue core=(1064:/system/bin/surfaceflinger)
09-16 17:02:32.357  1064  1064 I SurfaceFlinger: onHandleDestroyed: name=Transition Root #637: ActivityRecord{1b856b u0 com.android.vending/com.google.android.finsky.billing.acquire.LockToPortraitUiBuilderHostActivity t153}#8507, layerId=8507, parentId=0
09-16 17:02:32.365  1064  1064 I BufferQueueDebug: [Transition Root #637: ActivityRecord{1b856b u0 com.android.vending/com.google.android.finsky.billing.acquire.LockToPortraitUiBuilderHostActivity t153}#8507](this:0xb400007b64377f70,id:-1,api:0,p:-1,c:1064) onDestructor()
09-16 17:02:32.367  2387  2942 W RecentsModel: getRunningTask   taskInfo=TaskInfo{userId=0 taskId=153 displayId=0 isRunning=true baseIntent=Intent { act=android.intent.action.MAIN cat=[android.intent.category.LAUNCHER] flg=0x10200000 cmp=br.com.melhorafotoai.twa/.LauncherActivity } baseActivity=ComponentInfo{br.com.melhorafotoai.twa/br.com.melhorafotoai.twa.LauncherActivity} topActivity=ComponentInfo{com.android.vending/com.google.android.finsky.billing.acquire.LockToPortraitUiBuilderHostActivity} origActivity=null realActivity=ComponentInfo{br.com.melhorafotoai.twa/br.com.melhorafotoai.twa.LauncherActivity} numActivities=5 lastActiveTime=23689046 supportsSplitScreenMultiWindow=true supportsMultiWindow=true resizeMode=1 isResizeable=true minWidth=-1 minHeight=-1 defaultMinSize=200 token=WCT{android.window.IWindowContainerToken$Stub$Proxy@9478159} topActivityType=1 pictureInPictureParams=null shouldDockBigOverlays=false launchIntoPipHostTaskId=-1 lastParentTaskIdBeforePip=-1 displayCutoutSafeInsets=null topActivityInfo=ActivityInfo{b1611e com.google.android.finsky.billing.acquire.LockToPortraitUiBuilderHostActivity} launchCookies=[] positionInParent=Point(0, 0) parentTaskId=-1 isFocused=true isVisible=true isVisibleRequested=true isSleeping=false locusId=null displayAreaFeatureId=1 isTopActivityTransparent=true appCompatTaskInfo=AppCompatTaskInfo { topActivityInSizeCompat=false topActivityEligibleForLetterboxEducation= falseisLetterboxEducationEnabled= false isLetterboxDoubleTapEnabled= false topActivityEligibleForUserAspectRatioButton= false topActivityBoundsLetterboxed= false isFromLetterboxDoubleTap= false topActivityLetterboxVerticalPosition= -1 topActivityLetterboxHorizontalPosition= -1 topActivityLetterboxWidth=1220 topActivityLetterboxHeight=2712 isUserFullscreenOverrideEnabled=false isSystemFullscreenOverrideEnabled=false cameraCompatTaskInfo=CameraCompatTaskInfo { cameraCompatControlState=hidden freeformCameraCompatMode=inactive}} isImmersive=false mTopActivityRequestOrientation=1 mBehindAppLockPkg=null mOriginatingUid=0 isEmbedded=false shouldBeVisible=true mIsCastMode=false mTopActivityMediaSize=null mTopActivityRecordName=ActivityRecord{1b856b u0 com.android.vending/com.google.android.finsky.billing.acquire.LockToPortraitUiBuilderHostActivity t153} mTopActivityOrientation=1}
09-16 17:02:32.379  2628  2628 D KeyguardEditorHelper: onTopActivityMayChanged, topActivity=ComponentInfo{com.android.vending/com.google.android.finsky.billing.acquire.LockToPortraitUiBuilderHostActivity}; mState=IDEL
09-16 17:02:32.399  2387  2942 W RecentsModel: getRunningTask   taskInfo=TaskInfo{userId=0 taskId=153 displayId=0 isRunning=true baseIntent=Intent { act=android.intent.action.MAIN cat=[android.intent.category.LAUNCHER] flg=0x10200000 cmp=br.com.melhorafotoai.twa/.LauncherActivity } baseActivity=ComponentInfo{br.com.melhorafotoai.twa/br.com.melhorafotoai.twa.LauncherActivity} topActivity=ComponentInfo{com.android.vending/com.google.android.finsky.billing.acquire.LockToPortraitUiBuilderHostActivity} origActivity=null realActivity=ComponentInfo{br.com.melhorafotoai.twa/br.com.melhorafotoai.twa.LauncherActivity} numActivities=5 lastActiveTime=23689079 supportsSplitScreenMultiWindow=true supportsMultiWindow=true resizeMode=1 isResizeable=true minWidth=-1 minHeight=-1 defaultMinSize=200 token=WCT{android.window.IWindowContainerToken$Stub$Proxy@66fc4b8} topActivityType=1 pictureInPictureParams=null shouldDockBigOverlays=false launchIntoPipHostTaskId=-1 lastParentTaskIdBeforePip=-1 displayCutoutSafeInsets=null topActivityInfo=ActivityInfo{9d70291 com.google.android.finsky.billing.acquire.LockToPortraitUiBuilderHostActivity} launchCookies=[] positionInParent=Point(0, 0) parentTaskId=-1 isFocused=true isVisible=true isVisibleRequested=true isSleeping=false locusId=null displayAreaFeatureId=1 isTopActivityTransparent=true appCompatTaskInfo=AppCompatTaskInfo { topActivityInSizeCompat=false topActivityEligibleForLetterboxEducation= falseisLetterboxEducationEnabled= false isLetterboxDoubleTapEnabled= false topActivityEligibleForUserAspectRatioButton= false topActivityBoundsLetterboxed= false isFromLetterboxDoubleTap= false topActivityLetterboxVerticalPosition= -1 topActivityLetterboxHorizontalPosition= -1 topActivityLetterboxWidth=1220 topActivityLetterboxHeight=2712 isUserFullscreenOverrideEnabled=false isSystemFullscreenOverrideEnabled=false cameraCompatTaskInfo=CameraCompatTaskInfo { cameraCompatControlState=hidden freeformCameraCompatMode=inactive}} isImmersive=false mTopActivityRequestOrientation=1 mBehindAppLockPkg=null mOriginatingUid=0 isEmbedded=false shouldBeVisible=true mIsCastMode=false mTopActivityMediaSize=null mTopActivityRecordName=ActivityRecord{1b856b u0 com.android.vending/com.google.android.finsky.billing.acquire.LockToPortraitUiBuilderHostActivity t153} mTopActivityOrientation=1}
09-16 17:02:32.426  6607  6607 I Finsky  : [2] Scion Payload refresh for Scion gets completed.
09-16 17:02:32.429  1808  2170 I ImeTracker: com.android.vending:8f16735e: onRequestHide at ORIGIN_SERVER reason HIDE_UNSPECIFIED_WINDOW fromUser false
09-16 17:02:32.430  1808  2170 I ImeTracker: com.android.vending:8f16735e: onCancelled at PHASE_SERVER_SHOULD_HIDE
09-16 17:02:32.433  4088  4088 I GoogleInputMethodService: GoogleInputMethodService.onStartInput():1318 onStartInput(EditorInfo{EditorInfo{packageName=com.android.vending, inputType=0, inputTypeString=NULL, enableLearning=false, autoCorrection=false, autoComplete=false, imeOptions=0, privateImeOptions=null, actionName=UNSPECIFIED, actionLabel=null, initialSelStart=-1, initialSelEnd=-1, initialCapsMode=0, label=null, fieldId=0, fieldName=null, extras=Bundle[mParcelledData.dataSize=72], hintText=null, hintLocales=[]}}, false)
09-16 17:02:32.435  1808  4994 W PackageConfigPersister: App-specific configuration not found for packageName: com.android.vending and userId: 0
09-16 17:02:32.464  1064  1861 D SurfaceFlinger: [SF client] REMOVE (0xb4000079f40fe870) for (6607:com.android.vending)
09-16 17:02:32.477  7554  7623 I HeavyPackageIdentify: splitMode: false, splitPackages: null, foregroundPkg: com.android.vending
09-16 17:02:32.533  6607  6175 I Finsky  : [3107] Successfully fetched DroidGuard token for DG flow name phonesky_acquire_flow.
09-16 17:02:32.724  1808  4889 D BiometricService/PreAuthInfo: Package: com.android.vending Sensor ID: 8 Modality: 8 Status: 4
09-16 17:02:32.726  1808  4889 D BiometricService/PreAuthInfo: Package: com.android.vending Sensor ID: 5 Modality: 2 Status: 1
09-16 17:02:32.727  1808  4889 D BiometricService/PreAuthInfo: Package: com.android.vending Sensor ID: 8 Modality: 8 Status: 4
09-16 17:02:32.728  1808  4889 D BiometricService/PreAuthInfo: Package: com.android.vending Sensor ID: 5 Modality: 2 Status: 1
09-16 17:02:32.731  1808  4889 D BiometricService/PreAuthInfo: Package: com.android.vending Sensor ID: 8 Modality: 8 Status: 4
09-16 17:02:32.732  1808  4889 D BiometricService/PreAuthInfo: Package: com.android.vending Sensor ID: 5 Modality: 2 Status: 1
09-16 17:02:32.737  1808  4889 D BiometricService/PreAuthInfo: Package: com.android.vending Sensor ID: 8 Modality: 8 Status: 4
09-16 17:02:32.738  1808  4889 D BiometricService/PreAuthInfo: Package: com.android.vending Sensor ID: 5 Modality: 2 Status: 1
09-16 17:02:32.740  6607  6730 I Finsky  : [3008] Skipping a request to /bulkAcquire since cache has all the records.
09-16 17:02:33.345  1064  1064 I BufferQueueProducer: [com.android.vending/com.google.android.finsky.billing.acquire.LockToPortraitUiBuilderHostActivity#8504](this:0xb400007b6431dad0,id:-1,api:0,p:-1,c:1064) queueBuffer: fps=64.73 dur=1004.23 max=315.74 min=7.83
09-16 17:02:34.349  1064  1064 I BufferQueueProducer: [com.android.vending/com.google.android.finsky.billing.acquire.LockToPortraitUiBuilderHostActivity#8504](this:0xb400007b6431dad0,id:-1,api:0,p:-1,c:1064) queueBuffer: fps=50.76 dur=1004.67 max=530.95 min=7.92
09-16 17:02:45.035  1808  2159 I MIUIInput: [MotionEvent] publisher action=0x0, deviceId=6, 19088301, channel 'ddf670e com.android.vending/com.google.android.finsky.billing.acquire.LockToPortraitUiBuilderHostActivity (server)'
09-16 17:02:45.037  6607  6607 I MIUIInput: [MotionEvent] ViewRootImpl windowName 'com.android.vending/com.google.android.finsky.billing.acquire.LockToPortraitUiBuilderHostActivity', { action=ACTION_DOWN, id[0]=0, pointerCount=1, eventTime=19088301, downTime=19088301, phoneEventTime=17:02:45.033 } moveCount:0
09-16 17:02:45.089  1808  2159 I MIUIInput: [MotionEvent] publisher action=0x1, deviceId=6, 19088355, channel 'ddf670e com.android.vending/com.google.android.finsky.billing.acquire.LockToPortraitUiBuilderHostActivity (server)'
09-16 17:02:45.090  6607  6607 I MIUIInput: [MotionEvent] ViewRootImpl windowName 'com.android.vending/com.google.android.finsky.billing.acquire.LockToPortraitUiBuilderHostActivity', { action=ACTION_UP, id[0]=0, pointerCount=1, eventTime=19088355, downTime=19088301, phoneEventTime=17:02:45.087 } moveCount:0
09-16 17:02:45.103  6607  6607 I Finsky  : [2] id: bp
09-16 17:02:45.108  1064  1064 I BufferQueueProducer: [com.android.vending/com.google.android.finsky.billing.acquire.LockToPortraitUiBuilderHostActivity#8504](this:0xb400007b6431dad0,id:-1,api:0,p:-1,c:1064) queueBuffer: fps=2.79 dur=10758.96 max=10111.35 min=7.91
09-16 17:02:46.102  1808  2159 I MIUIInput: [MotionEvent] publisher action=0x0, deviceId=6, 19089368, channel 'ddf670e com.android.vending/com.google.android.finsky.billing.acquire.LockToPortraitUiBuilderHostActivity (server)'
09-16 17:02:46.103  6607  6607 I MIUIInput: [MotionEvent] ViewRootImpl windowName 'com.android.vending/com.google.android.finsky.billing.acquire.LockToPortraitUiBuilderHostActivity', { action=ACTION_DOWN, id[0]=0, pointerCount=1, eventTime=19089368, downTime=19089368, phoneEventTime=17:02:46.100 } moveCount:0
09-16 17:02:46.162  1064  1064 I BufferQueueProducer: [com.android.vending/com.google.android.finsky.billing.acquire.LockToPortraitUiBuilderHostActivity#8504](this:0xb400007b6431dad0,id:-1,api:0,p:-1,c:1064) queueBuffer: fps=49.35 dur=1053.71 max=630.71 min=7.57
09-16 17:02:46.275  1808  2159 I MIUIInput: [MotionEvent] publisher action=0x1, deviceId=6, 19089542, channel 'ddf670e com.android.vending/com.google.android.finsky.billing.acquire.LockToPortraitUiBuilderHostActivity (server)'
09-16 17:02:46.276  6607  6607 I MIUIInput: [MotionEvent] ViewRootImpl windowName 'com.android.vending/com.google.android.finsky.billing.acquire.LockToPortraitUiBuilderHostActivity', { action=ACTION_UP, id[0]=0, pointerCount=1, eventTime=19089542, downTime=19089368, phoneEventTime=17:02:46.275 } moveCount:19
09-16 17:02:46.284   993  1010 I MTK_APPList: [getForegroundAPPInfo]  com.android.vending/com.google.android.finsky.billing.acquire.LockToPortraitUiBuilderHostActivity (pid=6607)
09-16 17:02:46.284   993  1010 I vendor.mediatek.hardware.mtkpower_applist-service.mediatek: MIUI ADDpackName: com.android.vending actName: com.google.android.finsky.billing.acquire.LockToPortraitUiBuilderHostActivity
09-16 17:02:47.028  1808  2159 I MIUIInput: [MotionEvent] publisher action=0x0, deviceId=6, 19090293, channel 'ddf670e com.android.vending/com.google.android.finsky.billing.acquire.LockToPortraitUiBuilderHostActivity (server)'
09-16 17:02:47.028  6607  6607 I MIUIInput: [MotionEvent] ViewRootImpl windowName 'com.android.vending/com.google.android.finsky.billing.acquire.LockToPortraitUiBuilderHostActivity', { action=ACTION_DOWN, id[0]=0, pointerCount=1, eventTime=19090293, downTime=19090293, phoneEventTime=17:02:47.026 } moveCount:0
09-16 17:02:47.142  1808  2159 I MIUIInput: [MotionEvent] publisher action=0x1, deviceId=6, 19090408, channel 'ddf670e com.android.vending/com.google.android.finsky.billing.acquire.LockToPortraitUiBuilderHostActivity (server)'
09-16 17:02:47.143  6607  6607 I MIUIInput: [MotionEvent] ViewRootImpl windowName 'com.android.vending/com.google.android.finsky.billing.acquire.LockToPortraitUiBuilderHostActivity', { action=ACTION_UP, id[0]=0, pointerCount=1, eventTime=19090408, downTime=19090293, phoneEventTime=17:02:47.141 } moveCount:12
09-16 17:02:47.151   993  1010 I MTK_APPList: [getForegroundAPPInfo]  com.android.vending/com.google.android.finsky.billing.acquire.LockToPortraitUiBuilderHostActivity (pid=6607)
09-16 17:02:47.151   993  1010 I vendor.mediatek.hardware.mtkpower_applist-service.mediatek: MIUI ADDpackName: com.android.vending actName: com.google.android.finsky.billing.acquire.LockToPortraitUiBuilderHostActivity
09-16 17:02:47.167  1064  1064 I BufferQueueProducer: [com.android.vending/com.google.android.finsky.billing.acquire.LockToPortraitUiBuilderHostActivity#8504](this:0xb400007b6431dad0,id:-1,api:0,p:-1,c:1064) queueBuffer: fps=104.52 dur=1004.56 max=124.43 min=7.94
09-16 17:02:52.326  1808  2159 I PowerHalWrapper: amsBoostNotify pid:6607,activity:com.google.android.finsky.billing.acquire.LockToPortraitUiBuilderHostActivity, package:com.android.vending, mProcessCreatePackbr.com.melhorafotoai.twa 
09-16 17:02:52.328  1808  2159 I mtkpower_client: [PowerHal_Wrap_notifyAppState] com.android.vending/com.google.android.finsky.billing.acquire.LockToPortraitUiBuilderHostActivity pid=6607 activityId:1803627 state:0
09-16 17:02:52.328   993  1010 I MTK_APPList: [getForegroundAPPInfo]  com.android.vending/com.google.android.finsky.billing.acquire.LockToPortraitUiBuilderHostActivity (pid=6607)
09-16 17:02:52.328   993  1010 I vendor.mediatek.hardware.mtkpower_applist-service.mediatek: MIUI ADDpackName: com.android.vending actName: com.google.android.finsky.billing.acquire.LockToPortraitUiBuilderHostActivity
09-16 17:02:52.328   993  1010 I vendor.mediatek.hardware.mtkpower_applist-service.mediatek: packName: com.android.vending actName: com.google.android.finsky.billing.acquire.LockToPortraitUiBuilderHostActivity pid: 6607 uid: 10154 state: 0
09-16 17:02:52.328   993  1010 I MTK_APPList: [notifyAPPstate] com.android.vending/com.google.android.finsky.billing.acquire.LockToPortraitUiBuilderHostActivity, pid=6607, uid=10154, state:PAUSED, fps:-1, win:0
09-16 17:02:52.330  1808  2159 D WindowManager: Collecting in transition 638: ActivityRecord{1b856b u0 com.android.vending/com.google.android.finsky.billing.acquire.LockToPortraitUiBuilderHostActivity t153} init visibleRequested:true
09-16 17:02:52.331  1808  2159 D WindowManager: Collecting in transition 638: ActivityRecord{96d6229 u0 br.com.melhorafotoai.twa/com.android.billingclient.api.ProxyBillingActivity t153} init visibleRequested:true
09-16 17:02:52.331  1808  2159 D WindowManager: Collecting in transition 638: ActivityRecord{ae2821c u0 br.com.melhorafotoai.twa/com.google.androidbrowserhelper.playbilling.provider.PaymentActivity t153} init visibleRequested:true
09-16 17:02:52.333  1808  2159 I PowerHalWrapper: <amsBoostResume> last:com.android.vending, next:com.mi.android.globallauncherhasATProcess:true 
09-16 17:02:52.335  1808  2159 W WindowManager: Changing focus from Window{ddf670e u0 com.android.vending/com.google.android.finsky.billing.acquire.LockToPortraitUiBuilderHostActivity} to null displayId=0 Callers=com.android.server.wm.RootWindowContainer.updateFocusedWindowLocked:602 com.android.server.wm.WindowManagerService.updateFocusedWindowLocked:7168 com.android.server.wm.ActivityTaskManagerService.setLastResumedActivityUncheckLocked:5842 com.android.server.wm.ActivityTaskSupervisor.updateTopResumedActivityIfNeeded:2452 
09-16 17:02:52.344   993  1010 I MTK_APPList: [getForegroundAPPInfo]  com.android.vending/com.google.android.finsky.billing.acquire.LockToPortraitUiBuilderHostActivity (pid=6607)
09-16 17:02:52.344   993  1010 I vendor.mediatek.hardware.mtkpower_applist-service.mediatek: MIUI ADDpackName: com.android.vending actName: com.google.android.finsky.billing.acquire.LockToPortraitUiBuilderHostActivity
09-16 17:02:52.345   993  1010 I MTK_APPList: [notifyAPPstate] pc:0, com.android.vending => com.mi.android.globallauncher
09-16 17:02:52.362  5936 15360 D PerfEngineController: ForegroundInfo{mForegroundPackageName='com.mi.android.globallauncher', mForegroundUid=10166, mForegroundPid=2387, mLastForegroundPackageName='com.android.vending', mLastForegroundUid=10154, mLastForegroundPid=6607, mMultiWindowForegroundPackageName='com.mi.android.globallauncher', mMultiWindowForegroundUid=10166, mFlags=0}
09-16 17:02:52.368  5737  5762 I ProcessMonitor: onForegroundInfoChanged: ForegroundInfo{mForegroundPackageName='com.mi.android.globallauncher', mForegroundUid=10166, mForegroundPid=2387, mLastForegroundPackageName='com.android.vending', mLastForegroundUid=10154, mLastForegroundPid=6607, mMultiWindowForegroundPackageName='com.mi.android.globallauncher', mMultiWindowForegroundUid=10166, mFlags=0}
09-16 17:02:52.372  7554  7598 I GST     : forePkg: com.mi.android.globallauncher, preForePkg: com.android.vending
09-16 17:02:52.376  5737  5762 I GameBoosterService: onForegroundInfoChanged: Cur=com.mi.android.globallauncher	 last=com.android.vending
09-16 17:02:52.376  5737  5762 D GameBoosterService: onGameStatusChange foreground:ForegroundInfo{mForegroundPackageName='com.mi.android.globallauncher', mForegroundUid=10166, mForegroundPid=2387, mLastForegroundPackageName='com.android.vending', mLastForegroundUid=10154, mLastForegroundPid=6607, mMultiWindowForegroundPackageName='com.mi.android.globallauncher', mMultiWindowForegroundUid=10166, mFlags=0}
09-16 17:02:52.376  5737  5762 I BeautyService: onForegroundInfoChanged: Cur=com.mi.android.globallauncher	 last=com.android.vending
09-16 17:02:52.378  2387  2942 W RecentsModel: getRunningTask   taskInfo=TaskInfo{userId=0 taskId=153 displayId=0 isRunning=true baseIntent=Intent { act=android.intent.action.MAIN cat=[android.intent.category.LAUNCHER] flg=0x10200000 cmp=br.com.melhorafotoai.twa/.LauncherActivity } baseActivity=ComponentInfo{br.com.melhorafotoai.twa/br.com.melhorafotoai.twa.LauncherActivity} topActivity=ComponentInfo{com.android.vending/com.google.android.finsky.billing.acquire.LockToPortraitUiBuilderHostActivity} origActivity=null realActivity=ComponentInfo{br.com.melhorafotoai.twa/br.com.melhorafotoai.twa.LauncherActivity} numActivities=5 lastActiveTime=23709057 supportsSplitScreenMultiWindow=true supportsMultiWindow=true resizeMode=1 isResizeable=true minWidth=-1 minHeight=-1 defaultMinSize=200 token=WCT{android.window.IWindowContainerToken$Stub$Proxy@67b2e7} topActivityType=1 pictureInPictureParams=null shouldDockBigOverlays=false launchIntoPipHostTaskId=-1 lastParentTaskIdBeforePip=-1 displayCutoutSafeInsets=Rect(0, 102 - 0, 0) topActivityInfo=ActivityInfo{a53be94 com.google.android.finsky.billing.acquire.LockToPortraitUiBuilderHostActivity} launchCookies=[] positionInParent=Point(0, 0) parentTaskId=-1 isFocused=false isVisible=true isVisibleRequested=false isSleeping=false locusId=null displayAreaFeatureId=1 isTopActivityTransparent=true appCompatTaskInfo=AppCompatTaskInfo { topActivityInSizeCompat=false topActivityEligibleForLetterboxEducation= falseisLetterboxEducationEnabled= false isLetterboxDoubleTapEnabled= false topActivityEligibleForUserAspectRatioButton= false topActivityBoundsLetterboxed= false isFromLetterboxDoubleTap= false topActivityLetterboxVerticalPosition= -1 topActivityLetterboxHorizontalPosition= -1 topActivityLetterboxWidth=1220 topActivityLetterboxHeight=2712 isUserFullscreenOverrideEnabled=false isSystemFullscreenOverrideEnabled=false cameraCompatTaskInfo=CameraCompatTaskInfo { cameraCompatControlState=hidden freeformCameraCompatMode=inactive}} isImmersive=false mTopActivityRequestOrientation=-2 mBehindAppLockPkg=null mOriginatingUid=0 isEmbedded=false shouldBeVisible=false mIsCastMode=false mTopActivityMediaSize=null mTopActivityRecordName=ActivityRecord{1b856b u0 com.android.vending/com.google.android.finsky.billing.acquire.LockToPortraitUiBuilderHostActivity t153} mTopActivityOrientation=-2}
09-16 17:02:52.390  1808  2285 I AudioGameEffect: foreground change to com.mi.android.globallauncher, last foreground is com.android.vending
09-16 17:02:52.393  1808  1887 D SchedBoost: com.android.vending boosting, skip reset priority
09-16 17:02:52.397  1064  1064 I BufferQueueProducer: [com.android.vending/com.google.android.finsky.billing.acquire.LockToPortraitUiBuilderHostActivity#8504](this:0xb400007b6431dad0,id:-1,api:0,p:-1,c:1064) queueBuffer: fps=14.34 dur=5229.85 max=4582.19 min=7.86
09-16 17:02:52.443  2387  2387 D WindowTransitionCompat:  printLeash::taskInfo = TaskInfo{userId=0 taskId=153 displayId=0 isRunning=true baseIntent=Intent { act=android.intent.action.MAIN cat=[android.intent.category.LAUNCHER] flg=0x10200000 cmp=br.com.melhorafotoai.twa/.LauncherActivity } baseActivity=ComponentInfo{br.com.melhorafotoai.twa/br.com.melhorafotoai.twa.LauncherActivity} topActivity=ComponentInfo{com.android.vending/com.google.android.finsky.billing.acquire.LockToPortraitUiBuilderHostActivity} origActivity=null realActivity=ComponentInfo{br.com.melhorafotoai.twa/br.com.melhorafotoai.twa.LauncherActivity} numActivities=5 lastActiveTime=23709006 supportsSplitScreenMultiWindow=true supportsMultiWindow=true resizeMode=1 isResizeable=true minWidth=-1 minHeight=-1 defaultMinSize=200 token=WCT{android.window.IWindowContainerToken$Stub$Proxy@d924e1d} topActivityType=1 pictureInPictureParams=null shouldDockBigOverlays=false launchIntoPipHostTaskId=-1 lastParentTaskIdBeforePip=-1 displayCutoutSafeInsets=Rect(0, 102 - 0, 0) topActivityInfo=ActivityInfo{2864892 com.google.android.finsky.billing.acquire.LockToPortraitUiBuilderHostActivity} launchCookies=[] positionInParent=Point(0, 0) parentTaskId=-1 isFocused=false isVisible=true isVisibleRequested=false isSleeping=false locusId=null displayAreaFeatureId=1 isTopActivityTransparent=true appCompatTaskInfo=AppCompatTaskInfo { topActivityInSizeCompat=false topActivityEligibleForLetterboxEducation= falseisLetterboxEducationEnabled= false isLetterboxDoubleTapEnabled= false topActivityEligibleForUserAspectRatioButton= false topActivityBoundsLetterboxed= false isFromLetterboxDoubleTap= false topActivityLetterboxVerticalPosition= -1 topActivityLetterboxHorizontalPosition= -1 topActivityLetterboxWidth=1220 topActivityLetterboxHeight=2712 isUserFullscreenOverrideEnabled=false isSystemFullscreenOverrideEnabled=false cameraCompatTaskInfo=CameraCompatTaskInfo { cameraCompatControlState=hidden freeformCameraCompatMode=inactive}} isImmersive=false mTopActivityRequestOrientation=-2 mBehindAppLockPkg=null mOriginatingUid=0 isEmbedded=false shouldBeVisible=false mIsCastMode=false mTopActivityMediaSize=null mTopActivityRecordName=ActivityRecord{1b856b u0 com.android.vending/com.google.android.finsky.billing.acquire.LockToPortraitUiBuilderHostActivity t153} mTopActivityOrientation=-2}
09-16 17:02:52.454  2387  2942 W RecentsModel: getRunningTask   taskInfo=TaskInfo{userId=0 taskId=153 displayId=0 isRunning=true baseIntent=Intent { act=android.intent.action.MAIN cat=[android.intent.category.LAUNCHER] flg=0x10200000 cmp=br.com.melhorafotoai.twa/.LauncherActivity } baseActivity=ComponentInfo{br.com.melhorafotoai.twa/br.com.melhorafotoai.twa.LauncherActivity} topActivity=ComponentInfo{com.android.vending/com.google.android.finsky.billing.acquire.LockToPortraitUiBuilderHostActivity} origActivity=null realActivity=ComponentInfo{br.com.melhorafotoai.twa/br.com.melhorafotoai.twa.LauncherActivity} numActivities=5 lastActiveTime=23709134 supportsSplitScreenMultiWindow=true supportsMultiWindow=true resizeMode=1 isResizeable=true minWidth=-1 minHeight=-1 defaultMinSize=200 token=WCT{android.window.IWindowContainerToken$Stub$Proxy@f889089} topActivityType=1 pictureInPictureParams=null shouldDockBigOverlays=false launchIntoPipHostTaskId=-1 lastParentTaskIdBeforePip=-1 displayCutoutSafeInsets=Rect(0, 102 - 0, 0) topActivityInfo=ActivityInfo{c25788e com.google.android.finsky.billing.acquire.LockToPortraitUiBuilderHostActivity} launchCookies=[] positionInParent=Point(0, 0) parentTaskId=-1 isFocused=false isVisible=true isVisibleRequested=false isSleeping=false locusId=null displayAreaFeatureId=1 isTopActivityTransparent=true appCompatTaskInfo=AppCompatTaskInfo { topActivityInSizeCompat=false topActivityEligibleForLetterboxEducation= falseisLetterboxEducationEnabled= false isLetterboxDoubleTapEnabled= false topActivityEligibleForUserAspectRatioButton= false topActivityBoundsLetterboxed= false isFromLetterboxDoubleTap= false topActivityLetterboxVerticalPosition= -1 topActivityLetterboxHorizontalPosition= -1 topActivityLetterboxWidth=1220 topActivityLetterboxHeight=2712 isUserFullscreenOverrideEnabled=false isSystemFullscreenOverrideEnabled=false cameraCompatTaskInfo=CameraCompatTaskInfo { cameraCompatControlState=hidden freeformCameraCompatMode=inactive}} isImmersive=false mTopActivityRequestOrientation=-2 mBehindAppLockPkg=null mOriginatingUid=0 isEmbedded=false shouldBeVisible=false mIsCastMode=false mTopActivityMediaSize=null mTopActivityRecordName=ActivityRecord{1b856b u0 com.android.vending/com.google.android.finsky.billing.acquire.LockToPortraitUiBuilderHostActivity t153} mTopActivityOrientation=-2}
09-16 17:02:52.462  2387  2387 I WindowAnimParamsProvider: getClosingWindowAnimParams getClosingShortcutIcon task before=  [TaskKey{id=153, stackId=0, baseIntent=Intent { act=android.intent.action.MAIN cat=[android.intent.category.LAUNCHER] flg=0x10200000 cmp=br.com.melhorafotoai.twa/.LauncherActivity }, userId=0, lastActiveTime=23709006, windowingMode=1, isThumbnailBlur=false, isScreening=false, topActivity=ComponentInfo{com.android.vending/com.google.android.finsky.billing.acquire.LockToPortraitUiBuilderHostActivity}, mHashCode=5481575}, title=MelhoraFoto, titleDescription=MelhoraFotoAI MelhoraFoto, bounds=null, isLaunchTarget=true, isStackTask=true, isSystemApp=false, isDockable=true, baseActivity=ComponentInfo{br.com.melhorafotoai.twa/br.com.melhorafotoai.twa.LauncherActivity}, isLocked=false, isAccessLocked=false, mNeedHide=false, hasMultipleTasks=false, cti1Key=, cti2Key=] 
09-16 17:02:52.462  2387  2387 I WindowAnimParamsProvider: getClosingWindowAnimParams getClosingShortcutIcon task after=  [TaskKey{id=153, stackId=0, baseIntent=Intent { act=android.intent.action.MAIN cat=[android.intent.category.LAUNCHER] flg=0x10200000 cmp=br.com.melhorafotoai.twa/.LauncherActivity }, userId=0, lastActiveTime=23709006, windowingMode=1, isThumbnailBlur=false, isScreening=false, topActivity=ComponentInfo{com.android.vending/com.google.android.finsky.billing.acquire.LockToPortraitUiBuilderHostActivity}, mHashCode=5481575}, title=MelhoraFoto, titleDescription=MelhoraFotoAI MelhoraFoto, bounds=null, isLaunchTarget=true, isStackTask=true, isSystemApp=false, isDockable=true, baseActivity=ComponentInfo{br.com.melhorafotoai.twa/br.com.melhorafotoai.twa.LauncherActivity}, isLocked=false, isAccessLocked=false, mNeedHide=false, hasMultipleTasks=false, cti1Key=, cti2Key=] 
09-16 17:02:52.463  2387  2942 W RecentsModel: getRunningTask   taskInfo=TaskInfo{userId=0 taskId=153 displayId=0 isRunning=true baseIntent=Intent { act=android.intent.action.MAIN cat=[android.intent.category.LAUNCHER] flg=0x10200000 cmp=br.com.melhorafotoai.twa/.LauncherActivity } baseActivity=ComponentInfo{br.com.melhorafotoai.twa/br.com.melhorafotoai.twa.LauncherActivity} topActivity=ComponentInfo{com.android.vending/com.google.android.finsky.billing.acquire.LockToPortraitUiBuilderHostActivity} origActivity=null realActivity=ComponentInfo{br.com.melhorafotoai.twa/br.com.melhorafotoai.twa.LauncherActivity} numActivities=5 lastActiveTime=23709144 supportsSplitScreenMultiWindow=true supportsMultiWindow=true resizeMode=1 isResizeable=true minWidth=-1 minHeight=-1 defaultMinSize=200 token=WCT{android.window.IWindowContainerToken$Stub$Proxy@4b41f54} topActivityType=1 pictureInPictureParams=null shouldDockBigOverlays=false launchIntoPipHostTaskId=-1 lastParentTaskIdBeforePip=-1 displayCutoutSafeInsets=Rect(0, 102 - 0, 0) topActivityInfo=ActivityInfo{1351efd com.google.android.finsky.billing.acquire.LockToPortraitUiBuilderHostActivity} launchCookies=[] positionInParent=Point(0, 0) parentTaskId=-1 isFocused=false isVisible=true isVisibleRequested=false isSleeping=false locusId=null displayAreaFeatureId=1 isTopActivityTransparent=true appCompatTaskInfo=AppCompatTaskInfo { topActivityInSizeCompat=false topActivityEligibleForLetterboxEducation= falseisLetterboxEducationEnabled= false isLetterboxDoubleTapEnabled= false topActivityEligibleForUserAspectRatioButton= false topActivityBoundsLetterboxed= false isFromLetterboxDoubleTap= false topActivityLetterboxVerticalPosition= -1 topActivityLetterboxHorizontalPosition= -1 topActivityLetterboxWidth=1220 topActivityLetterboxHeight=2712 isUserFullscreenOverrideEnabled=false isSystemFullscreenOverrideEnabled=false cameraCompatTaskInfo=CameraCompatTaskInfo { cameraCompatControlState=hidden freeformCameraCompatMode=inactive}} isImmersive=false mTopActivityRequestOrientation=-2 mBehindAppLockPkg=null mOriginatingUid=0 isEmbedded=false shouldBeVisible=false mIsCastMode=false mTopActivityMediaSize=null mTopActivityRecordName=ActivityRecord{1b856b u0 com.android.vending/com.google.android.finsky.billing.acquire.LockToPortraitUiBuilderHostActivity t153} mTopActivityOrientation=-2}
09-16 17:02:53.260 28261 28261 D VRI[ProxyBillingActivity]: visibilityChanged oldVisibility=true newVisibility=false
09-16 17:02:53.263  1808  1887 I PowerHalWrapper: amsBoostNotify pid:6607,activity:com.google.android.finsky.billing.acquire.LockToPortraitUiBuilderHostActivity, package:com.android.vending, mProcessCreatePackbr.com.melhorafotoai.twa 
09-16 17:02:53.263  1808  1887 I mtkpower_client: [PowerHal_Wrap_notifyAppState] com.android.vending/com.google.android.finsky.billing.acquire.LockToPortraitUiBuilderHostActivity pid=6607 activityId:1803627 state:0
09-16 17:02:53.264   993  1010 I vendor.mediatek.hardware.mtkpower_applist-service.mediatek: packName: com.android.vending actName: com.google.android.finsky.billing.acquire.LockToPortraitUiBuilderHostActivity pid: 6607 uid: 10154 state: 0
09-16 17:02:53.264   993  1010 I MTK_APPList: [notifyAPPstate] com.android.vending/com.google.android.finsky.billing.acquire.LockToPortraitUiBuilderHostActivity, pid=6607, uid=10154, state:PAUSED, fps:-1, win:0
09-16 17:02:53.265  1808  1887 I PowerHalWrapper: amsBoostNotify pid:28261,activity:com.android.billingclient.api.ProxyBillingActivity, package:br.com.melhorafotoai.twa, mProcessCreatePackbr.com.melhorafotoai.twa 
09-16 17:02:53.265  1808  1887 I mtkpower_client: [PowerHal_Wrap_notifyAppState] br.com.melhorafotoai.twa/com.android.billingclient.api.ProxyBillingActivity pid=28261 activityId:158163497 state:0
09-16 17:02:53.266  1808  1887 I PowerHalWrapper: amsBoostNotify pid:28261,activity:com.google.androidbrowserhelper.playbilling.provider.PaymentActivity, package:br.com.melhorafotoai.twa, mProcessCreatePackbr.com.melhorafotoai.twa 
09-16 17:02:53.266   993  1010 I vendor.mediatek.hardware.mtkpower_applist-service.mediatek: packName: br.com.melhorafotoai.twa actName: com.android.billingclient.api.ProxyBillingActivity pid: 28261 uid: 10307 state: 0
09-16 17:02:53.266   993  1010 I MTK_APPList: [notifyAPPstate] br.com.melhorafotoai.twa/com.android.billingclient.api.ProxyBillingActivity, pid=28261, uid=10307, state:PAUSED, fps:-1, win:0
09-16 17:02:53.266  1808  1887 I mtkpower_client: [PowerHal_Wrap_notifyAppState] br.com.melhorafotoai.twa/com.google.androidbrowserhelper.playbilling.provider.PaymentActivity pid=28261 activityId:182616604 state:0
09-16 17:02:53.267   993  1010 I vendor.mediatek.hardware.mtkpower_applist-service.mediatek: packName: br.com.melhorafotoai.twa actName: com.google.androidbrowserhelper.playbilling.provider.PaymentActivity pid: 28261 uid: 10307 state: 0
09-16 17:02:53.267   993  1010 I MTK_APPList: [notifyAPPstate] br.com.melhorafotoai.twa/com.google.androidbrowserhelper.playbilling.provider.PaymentActivity, pid=28261, uid=10307, state:PAUSED, fps:-1, win:0
09-16 17:02:53.277  1064  1064 I SurfaceFlinger: onHandleDestroyed: name=957aaf3 ActivityRecordInputSink br.com.melhorafotoai.twa/com.android.billingclient.api.ProxyBillingActivity#8508, layerId=8508, parentId=0
09-16 17:02:53.277  1064  1064 I SurfaceFlinger: onHandleDestroyed: name=fbc2eee ActivityRecordInputSink br.com.melhorafotoai.twa/com.google.androidbrowserhelper.playbilling.provider.PaymentActivity#8497, layerId=8497, parentId=0
09-16 17:02:53.277  1064  1064 I SurfaceFlinger: onHandleDestroyed: name=f1f82ba ActivityRecordInputSink com.android.vending/com.google.android.finsky.billing.acquire.LockToPortraitUiBuilderHostActivity#8509, layerId=8509, parentId=0
09-16 17:02:53.281  2387  2942 W RecentsModel: getRunningTask   taskInfo=TaskInfo{userId=0 taskId=153 displayId=0 isRunning=true baseIntent=Intent { act=android.intent.action.MAIN cat=[android.intent.category.LAUNCHER] flg=0x10200000 cmp=br.com.melhorafotoai.twa/.LauncherActivity } baseActivity=ComponentInfo{br.com.melhorafotoai.twa/br.com.melhorafotoai.twa.LauncherActivity} topActivity=ComponentInfo{com.android.vending/com.google.android.finsky.billing.acquire.LockToPortraitUiBuilderHostActivity} origActivity=null realActivity=ComponentInfo{br.com.melhorafotoai.twa/br.com.melhorafotoai.twa.LauncherActivity} numActivities=5 lastActiveTime=23709006 supportsSplitScreenMultiWindow=true supportsMultiWindow=true resizeMode=1 isResizeable=true minWidth=-1 minHeight=-1 defaultMinSize=200 token=WCT{android.window.IWindowContainerToken$Stub$Proxy@42037c2} topActivityType=1 pictureInPictureParams=null shouldDockBigOverlays=false launchIntoPipHostTaskId=-1 lastParentTaskIdBeforePip=-1 displayCutoutSafeInsets=Rect(0, 102 - 0, 0) topActivityInfo=ActivityInfo{4c109d3 com.google.android.finsky.billing.acquire.LockToPortraitUiBuilderHostActivity} launchCookies=[] positionInParent=Point(0, 0) parentTaskId=-1 isFocused=false isVisible=false isVisibleRequested=false isSleeping=false locusId=null displayAreaFeatureId=1 isTopActivityTransparent=true appCompatTaskInfo=AppCompatTaskInfo { topActivityInSizeCompat=false topActivityEligibleForLetterboxEducation= falseisLetterboxEducationEnabled= false isLetterboxDoubleTapEnabled= false topActivityEligibleForUserAspectRatioButton= false topActivityBoundsLetterboxed= false isFromLetterboxDoubleTap= false topActivityLetterboxVerticalPosition= -1 topActivityLetterboxHorizontalPosition= -1 topActivityLetterboxWidth=1220 topActivityLetterboxHeight=2712 isUserFullscreenOverrideEnabled=false isSystemFullscreenOverrideEnabled=false cameraCompatTaskInfo=CameraCompatTaskInfo { cameraCompatControlState=hidden freeformCameraCompatMode=inactive}} isImmersive=false mTopActivityRequestOrientation=-2 mBehindAppLockPkg=null mOriginatingUid=0 isEmbedded=false shouldBeVisible=false mIsCastMode=false mTopActivityMediaSize=null mTopActivityRecordName=ActivityRecord{1b856b u0 com.android.vending/com.google.android.finsky.billing.acquire.LockToPortraitUiBuilderHostActivity t153} mTopActivityOrientation=-2}
09-16 17:02:53.283 28261 28261 D BLASTBufferQueue: [VRI[ProxyBillingActivity]#4](f:0,a:1) destructor()
09-16 17:02:53.284 28261 28261 D BufferQueueConsumer: [VRI[ProxyBillingActivity]#4(BLAST Consumer)4](id:6e6500000004,api:0,p:-1,c:28261) disconnect
09-16 17:02:53.284  6607  6607 I Finsky  : [2] Memory trim requested to level 20
09-16 17:02:53.284  6607  6607 I Finsky  : [2] Flushing in-memory image cache
09-16 17:02:53.285  1064  1064 I BufferQueueDebug: [f1f82ba ActivityRecordInputSink com.android.vending/com.google.android.finsky.billing.acquire.LockToPortraitUiBuilderHostActivity#8509](this:0xb400007b64335fc0,id:-1,api:0,p:-1,c:1064) onDestructor()
09-16 17:02:53.285  1064  1064 I BufferQueueDebug: [fbc2eee ActivityRecordInputSink br.com.melhorafotoai.twa/com.google.androidbrowserhelper.playbilling.provider.PaymentActivity#8497](this:0xb400007b64363210,id:-1,api:0,p:-1,c:1064) onDestructor()
09-16 17:02:53.285  1064  1064 I BufferQueueDebug: [957aaf3 ActivityRecordInputSink br.com.melhorafotoai.twa/com.android.billingclient.api.ProxyBillingActivity#8508](this:0xb400007b6436a130,id:-1,api:0,p:-1,c:1064) onDestructor()
09-16 17:02:53.289  1808  4861 D CoreBackPreview: Window{ddf670e u0 com.android.vending/com.google.android.finsky.billing.acquire.LockToPortraitUiBuilderHostActivity}: Setting back callback OnBackInvokedCallbackInfo{mCallback=android.window.IOnBackInvokedCallback$Stub$Proxy@ae25972, mPriority=-1, mIsAnimationCallback=false}
09-16 17:02:53.310  1064  1861 I SurfaceFlinger: onHandleDestroyed: name=br.com.melhorafotoai.twa/com.android.billingclient.api.ProxyBillingActivity#8502, layerId=8502, parentId=0
09-16 17:02:53.319  1064  1064 I BufferQueueDebug: [br.com.melhorafotoai.twa/com.android.billingclient.api.ProxyBillingActivity#8502](this:0xb400007b642e2a40,id:-1,api:0,p:-1,c:1064) onDestructor()
09-16 17:02:53.319  1064  1064 I SurfaceFlinger: onHandleDestroyed: name=br.com.melhorafotoai.twa/com.google.androidbrowserhelper.playbilling.provider.PaymentActivity#8493, layerId=8493, parentId=0
09-16 17:02:53.326  1064  1064 I BufferQueueDebug: [br.com.melhorafotoai.twa/com.google.androidbrowserhelper.playbilling.provider.PaymentActivity#8493](this:0xb400007b643249f0,id:-1,api:0,p:-1,c:1064) onDestructor()
09-16 17:02:53.372  1808  2272 D Aurogon :  onForegroundActivitiesChanged packageName = com.android.vending
09-16 17:02:53.377  1064  1064 I SurfaceFlinger: onHandleDestroyed: name=com.android.vending/com.google.android.finsky.billing.acquire.LockToPortraitUiBuilderHostActivity#8504, layerId=8504, parentId=0
09-16 17:02:53.386  1064  1064 I BufferQueueDebug: [com.android.vending/com.google.android.finsky.billing.acquire.LockToPortraitUiBuilderHostActivity#8504](this:0xb400007b6431dad0,id:-1,api:0,p:-1,c:1064) onDestructor()
09-16 17:02:56.059  1808  4861 I SmartPower: com.android.vending/10154(6607): visible->invisible(23719ms) R(become invisible) adj=701.
09-16 17:02:56.059  1808  4861 I SmartPower: com.android.vending:instant_app_installer/10154(10348): invisible->background(23816ms) R(become background) adj=975.
09-16 17:02:56.059  1808  4861 I SmartPower: com.android.vending/10154(6607): invisible->background(0ms) R(become background) adj=701.
09-16 17:02:56.059  1808  4861 I SmartPower: com.android.vending:background/10154(6721): invisible->background(23816ms) R(become background) adj=975.
09-16 17:02:56.060   993  1010 I MTK_APPList: [notifyAPPstate] act com.android.billingclient.api.ProxyBillingActivity => com.miui.home.launcher.Launcher
09-16 17:02:59.085  1808  2301 I SmartPower: com.android.vending:instant_app_installer/10154(10348): background->idle(3026ms) R(become background) adj=975.
09-16 17:02:59.086  1808  2301 I SmartPower: com.android.vending:background/10154(6721): background->idle(3027ms) R(become background) adj=975.
09-16 17:03:02.087  1808  2301 I SmartPower: com.android.vending/10154(6607): background->idle(6028ms) R(become background) adj=701.
09-16 17:03:02.353  6607  6175 I Finsky  : [3107] Triggered update for experiment package com.google.android.finsky.stable.
09-16 17:03:02.380  6607  6175 I Finsky  : [3107] Already at the latest configurations for experiment package com.google.android.finsky.stable.
09-16 17:03:02.381  6607  6175 I Finsky  : [3107] Triggered update for experiment package com.google.android.finsky.regular.
09-16 17:03:02.402  6607  6175 I Finsky  : [3107] Already at the latest configurations for experiment package com.google.android.finsky.regular.
09-16 17:03:02.402  6607  6175 I Finsky  : [3107] Triggered update for experiment package com.google.android.finsky.regular.
09-16 17:03:02.419  6607  6175 I Finsky  : [3107] Already at the latest configurations for experiment package com.google.android.finsky.regular.
09-16 17:03:02.419  6607  6175 I Finsky  : [3107] Triggered update for experiment package com.google.android.finsky.regular.
09-16 17:03:02.435  6607  6175 I Finsky  : [3107] Already at the latest configurations for experiment package com.google.android.finsky.regular.
09-16 17:03:02.436  6607  6175 I Finsky  : [3107] Triggered update for experiment package com.google.android.finsky.regular.
09-16 17:03:02.440  6607  6175 I Finsky  : [3107] Already at the latest configurations for experiment package com.google.android.finsky.regular.
09-16 17:03:02.744  1064  1861 I SurfaceFlinger: onHandleDestroyed: name=ActivityRecord{4b0ee9e u0 com.android.vending/com.google.android.finsky.billing.acquire.LockToPortraitUiBuilderHostActivity t153}#8458, layerId=8458, parentId=0
09-16 17:03:02.744  1064  1285 I SurfaceFlinger: onHandleDestroyed: name=ActivityRecord{6286925 u0 br.com.melhorafotoai.twa/com.android.billingclient.api.ProxyBillingActivity t153}#8456, layerId=8456, parentId=0
09-16 17:03:02.745  1064  1285 I SurfaceFlinger: onHandleDestroyed: name=ActivityRecord{e24061d u0 br.com.melhorafotoai.twa/com.google.androidbrowserhelper.playbilling.provider.PaymentActivity t153}#8447, layerId=8447, parentId=0
09-16 17:03:02.749  1064  1064 I BufferQueueDebug: [ActivityRecord{e24061d u0 br.com.melhorafotoai.twa/com.google.androidbrowserhelper.playbilling.provider.PaymentActivity t153}#8447](this:0xb400007b642fe6c0,id:-1,api:0,p:-1,c:1064) onDestructor()
09-16 17:03:02.750  1064  1064 I BufferQueueDebug: [ActivityRecord{6286925 u0 br.com.melhorafotoai.twa/com.android.billingclient.api.ProxyBillingActivity t153}#8456](this:0xb400007b64301e50,id:-1,api:0,p:-1,c:1064) onDestructor()
09-16 17:03:02.750  1064  1064 I BufferQueueDebug: [ActivityRecord{4b0ee9e u0 com.android.vending/com.google.android.finsky.billing.acquire.LockToPortraitUiBuilderHostActivity t153}#8458](this:0xb400007b64371050,id:-1,api:0,p:-1,c:1064) onDestructor()
09-16 17:03:05.462  4146 19525 D MediaProvider: Open with FUSE. FilePath: /storage/emulated/0/DCIM/Screenshots/Screenshot_2025-09-16-17-02-15-846_com.android.vending.jpg. Uid: 10289. Media Capabilities Uid: 0. ShouldRedact: false. ShouldTranscode: false
09-16 17:03:05.470  4146 19525 D MediaProvider: Open with FUSE. FilePath: /storage/emulated/0/DCIM/Screenshots/Screenshot_2025-09-16-17-01-20-454_com.android.vending.jpg. Uid: 10289. Media Capabilities Uid: 0. ShouldRedact: false. ShouldTranscode: false
09-16 17:05:31.909  5737  7468 I PowerRankHelperHolder: mDesktopPkgSet =[com.milink.service, com.myfitnesspal.android, com.ubercab, com.google.android.apps.tasks, com.google.android.apps.youtube.creator, br.gov.datasus.cnsdigital, com.miui.player, br.com.fastsolucoes.agendatellme.hellopueridomus, com.betano.sportsbook, com.zoho.mail, com.semparar.semparar.minhaconta2018, com.xiaomi.mipicks, com.fiverr.fiverr, com.miui.compass, org.chromium.webapk.a132c4659058aff2e_v2, io.metamask, org.chromium.webapk.a96f7171e5d837ed4_v2, com.google.android.apps.walletnfcrel, com.miui.calculator, com.android.deskclock, com.mcdo.mcdonalds, com.google.android.apps.bard, com.xiaomi.finddevice, com.google.android.apps.photos, com.android.nfc, com.google.android.apps.safetyhub, br.bet.superbet.sport, com.duokan.phone.remotecontroller, br.e4sistemas.vendperto, br.org.sesc.credencialvirtual, br.novibet.sports.betting, com.hdi.segurado, com.mercadolibre, com.google.android.apps.maps, com.google.android.apps.tachyon, com.miui.videoplayer, com.google.android.apps.dynamite, eu.livesport.FlashScore_com, clipescola.android, org.chromium.webapk.a6099b4399ecabbdd_v2, com.mfashiongallery.emag, com.google.android.apps.adwords, com.trello, com.google.android.apps.messaging, com.itau, com.infojobs.phone, com.google.android.googlequicksearchbox, com.zhiliaoapp.musically, com.miui.home, com.sgs.emhq.android, org.telegram.messenger, org.chromium.webapk.ab285c8ac57f1800b_v2, br.com.brainweb.ifood, com.android.quicksearchbox, com.miui.weather2, br.gov.caixa.fgts.trabalhador, br.com.gndi.beneficiario.gndieasy, com.miui.miwallpaper, com.google.android.apps.playconsole, com.waze, com.android.mms, com.android.thememanager, com.disney.disneyplus, com.android.camera, com.android.incallui, br.gov.economia.receita.rfb, com.android.settings, com.xiaomi.glgm, br.gov.serpro.cnhe, com.android.soundrecorder, bet.esportiva.twa, org.chromium.webapk.a043e767a9d696710_v2, br.com.serasaexperian.consumidor, com.google.android.apps.youtube.music, com.instagram.android, br.gov.meugovbr, com.linkedin.android, burgerking.com.br.appandroid, br.com.catho.app.vagas.empregos, br.gov.fazenda.receita.eprocesso, br.com.quintoandar.inquilinos, com.microsoft.office.outlook, com.mercadopago.wallet, com.miui.mishare.connectivity, org.chromium.webapk.a95192ad2b8bacedc_v2, com.duosecurity.duomobile, com.google.android.apps.docs.editors.docs, com.xiaomi.scanner, com.xiaomi.midrop, com.miui.securitycenter, com.njj.mactivepro, br.com.zuldigital, br.gov.caixa.loterias.apostas, com.android.vending, com.studiosol.afinadorlite, br.socialcondo.app, com.google.android.apps.nbu.files, com.cubostecnologia.zigcliente, com.android.chrome, com.binance.dev, com.studiosol.cifraclub, com.android.stk, com.betfair.sportsbook, com.mi.android.globalFileexplorer, com.openai.chatgpt, com.google.android.apps.docs, com.google.android.apps.chromecast.app, com.miui.gallery, com.br.crmbonus.app, com.google.android.youtube, com.google.android.apps.subscriptions.red, com.companyname2.BioSaude, br.jus.tse.eleitoral.etitulo, com.netflix.mediaclient, com.azure.authenticator, com.google.android.apps.adm, org.chromium.webapk.a379d01b2037ebcad_v2, com.investidor10app, com.spotify.music, com.mi.globalbrowser, com.whatsapp.w4b, com.google.android.apps.classroom, com.google.android.videos, com.miui.notes, com.sofascore.results, com.miui.miservice, com.bet365SportsBR.Bet365_Application, com.google.android.contacts, br.bet.betnacional, br.com.portoseguro.saudeodonto, com.nu.production, br.com.dietaetreino, com.google.android.apps.enterprise.cpanel, com.whatsapp, br.com.gabba.Caixa, br.com.melhorafotoai.twa, br.com.vivo, com.google.android.apps.fitness, com.mi.android.globallauncher, com.android.providers.downloads.ui, br.gov.dataprev.carteiradigital, com.google.android.apps.docs.editors.sheets, com.xiaomi.calendar, com.google.android.dialer, com.cerveceriamodelo.modelonow, com.kick.mobile, com.google.android.gm, com.com2ususa.mlbpiul.android.google.global.normal, com.mi.globalminusscreen, com.google.android.apps.authenticator2, com.google.a
09-16 17:08:43.726  1808  2292 W MiuiMemoryService: com.android.vending:instant_app_installer changed, compaction skipped.
09-16 17:08:43.729  1808  2292 W MiuiMemoryService: com.android.vending:background changed, compaction skipped.
09-16 17:08:53.915  2387  2387 D TaskView: TaskView bind task, task=[TaskKey{id=153, stackId=0, baseIntent=Intent { act=android.intent.action.MAIN cat=[android.intent.category.LAUNCHER] flg=0x10200000 cmp=br.com.melhorafotoai.twa/.LauncherActivity }, userId=0, lastActiveTime=23709006, windowingMode=1, isThumbnailBlur=false, isScreening=false, topActivity=ComponentInfo{com.android.vending/com.google.android.finsky.billing.acquire.LockToPortraitUiBuilderHostActivity}, mHashCode=5481575}, title=MelhoraFoto, titleDescription=MelhoraFotoAI MelhoraFoto, bounds=null, isLaunchTarget=false, isStackTask=true, isSystemApp=false, isDockable=true, baseActivity=ComponentInfo{br.com.melhorafotoai.twa/br.com.melhorafotoai.twa.LauncherActivity}, isLocked=false, isAccessLocked=false, mNeedHide=false, hasMultipleTasks=false, cti1Key=, cti2Key=] , isLock=false, is9_1Task= false
09-16 17:08:53.915  2387  2387 D TaskViewThumbnail: setThumbnail, t=[TaskKey{id=153, stackId=0, baseIntent=Intent { act=android.intent.action.MAIN cat=[android.intent.category.LAUNCHER] flg=0x10200000 cmp=br.com.melhorafotoai.twa/.LauncherActivity }, userId=0, lastActiveTime=23709006, windowingMode=1, isThumbnailBlur=false, isScreening=false, topActivity=ComponentInfo{com.android.vending/com.google.android.finsky.billing.acquire.LockToPortraitUiBuilderHostActivity}, mHashCode=5481575}, title=MelhoraFoto, titleDescription=MelhoraFotoAI MelhoraFoto, bounds=null, isLaunchTarget=false, isStackTask=true, isSystemApp=false, isDockable=true, baseActivity=ComponentInfo{br.com.melhorafotoai.twa/br.com.melhorafotoai.twa.LauncherActivity}, isLocked=false, isAccessLocked=false, mNeedHide=false, hasMultipleTasks=false, cti1Key=, cti2Key=] , mThumbnailInfo=TaskThumbnailInfo{isSnapshotInvalidate=false}, mThumbnailBitmapRect=Rect(0, 0 - 1220, 2570)
09-16 17:08:53.915  2387  2387 D TaskViewThumbnail: updateThumbnailScale, t=[TaskKey{id=153, stackId=0, baseIntent=Intent { act=android.intent.action.MAIN cat=[android.intent.category.LAUNCHER] flg=0x10200000 cmp=br.com.melhorafotoai.twa/.LauncherActivity }, userId=0, lastActiveTime=23709006, windowingMode=1, isThumbnailBlur=false, isScreening=false, topActivity=ComponentInfo{com.android.vending/com.google.android.finsky.billing.acquire.LockToPortraitUiBuilderHostActivity}, mHashCode=5481575}, title=MelhoraFoto, titleDescription=MelhoraFotoAI MelhoraFoto, bounds=null, isLaunchTarget=false, isStackTask=true, isSystemApp=false, isDockable=true, baseActivity=ComponentInfo{br.com.melhorafotoai.twa/br.com.melhorafotoai.twa.LauncherActivity}, isLocked=false, isAccessLocked=false, mNeedHide=false, hasMultipleTasks=false, cti1Key=, cti2Key=] , mThumbnailBitmapSizeAfterScaled=(529, 1115)
09-16 17:08:53.915  2387  2387 D TaskView: TaskView bind task, task=[TaskKey{id=153, stackId=0, baseIntent=Intent { act=android.intent.action.MAIN cat=[android.intent.category.LAUNCHER] flg=0x10200000 cmp=br.com.melhorafotoai.twa/.LauncherActivity }, userId=0, lastActiveTime=23709006, windowingMode=1, isThumbnailBlur=false, isScreening=false, topActivity=ComponentInfo{com.android.vending/com.google.android.finsky.billing.acquire.LockToPortraitUiBuilderHostActivity}, mHashCode=5481575}, title=MelhoraFoto, titleDescription=MelhoraFotoAI MelhoraFoto, bounds=null, isLaunchTarget=false, isStackTask=true, isSystemApp=false, isDockable=true, baseActivity=ComponentInfo{br.com.melhorafotoai.twa/br.com.melhorafotoai.twa.LauncherActivity}, isLocked=false, isAccessLocked=false, mNeedHide=false, hasMultipleTasks=false, cti1Key=, cti2Key=] , isLock=false, is9_1Task= false
09-16 17:08:53.915  2387  2387 D TaskViewThumbnail: setThumbnail, t=[TaskKey{id=153, stackId=0, baseIntent=Intent { act=android.intent.action.MAIN cat=[android.intent.category.LAUNCHER] flg=0x10200000 cmp=br.com.melhorafotoai.twa/.LauncherActivity }, userId=0, lastActiveTime=23709006, windowingMode=1, isThumbnailBlur=false, isScreening=false, topActivity=ComponentInfo{com.android.vending/com.google.android.finsky.billing.acquire.LockToPortraitUiBuilderHostActivity}, mHashCode=5481575}, title=MelhoraFoto, titleDescription=MelhoraFotoAI MelhoraFoto, bounds=null, isLaunchTarget=false, isStackTask=true, isSystemApp=false, isDockable=true, baseActivity=ComponentInfo{br.com.melhorafotoai.twa/br.com.melhorafotoai.twa.LauncherActivity}, isLocked=false, isAccessLocked=false, mNeedHide=false, hasMultipleTasks=false, cti1Key=, cti2Key=] , mThumbnailInfo=TaskThumbnailInfo{isSnapshotInvalidate=false}, mThumbnailBitmapRect=Rect(0, 0 - 1220, 2570)
09-16 17:08:53.915  2387  2387 D TaskViewThumbnail: updateThumbnailScale, t=[TaskKey{id=153, stackId=0, baseIntent=Intent { act=android.intent.action.MAIN cat=[android.intent.category.LAUNCHER] flg=0x10200000 cmp=br.com.melhorafotoai.twa/.LauncherActivity }, userId=0, lastActiveTime=23709006, windowingMode=1, isThumbnailBlur=false, isScreening=false, topActivity=ComponentInfo{com.android.vending/com.google.android.finsky.billing.acquire.LockToPortraitUiBuilderHostActivity}, mHashCode=5481575}, title=MelhoraFoto, titleDescription=MelhoraFotoAI MelhoraFoto, bounds=null, isLaunchTarget=false, isStackTask=true, isSystemApp=false, isDockable=true, baseActivity=ComponentInfo{br.com.melhorafotoai.twa/br.com.melhorafotoai.twa.LauncherActivity}, isLocked=false, isAccessLocked=false, mNeedHide=false, hasMultipleTasks=false, cti1Key=, cti2Key=] , mThumbnailBitmapSizeAfterScaled=(529, 1115)
09-16 17:08:53.919  2387  2387 D TaskViewThumbnail: updateThumbnailScale, t=[TaskKey{id=153, stackId=0, baseIntent=Intent { act=android.intent.action.MAIN cat=[android.intent.category.LAUNCHER] flg=0x10200000 cmp=br.com.melhorafotoai.twa/.LauncherActivity }, userId=0, lastActiveTime=23709006, windowingMode=1, isThumbnailBlur=false, isScreening=false, topActivity=ComponentInfo{com.android.vending/com.google.android.finsky.billing.acquire.LockToPortraitUiBuilderHostActivity}, mHashCode=5481575}, title=MelhoraFoto, titleDescription=MelhoraFotoAI MelhoraFoto, bounds=null, isLaunchTarget=false, isStackTask=true, isSystemApp=false, isDockable=true, baseActivity=ComponentInfo{br.com.melhorafotoai.twa/br.com.melhorafotoai.twa.LauncherActivity}, isLocked=false, isAccessLocked=false, mNeedHide=false, hasMultipleTasks=false, cti1Key=, cti2Key=] , mThumbnailBitmapSizeAfterScaled=(530, 1116)
09-16 17:08:53.920  2387  2387 D TaskViewThumbnail: updateThumbnailScale, t=[TaskKey{id=153, stackId=0, baseIntent=Intent { act=android.intent.action.MAIN cat=[android.intent.category.LAUNCHER] flg=0x10200000 cmp=br.com.melhorafotoai.twa/.LauncherActivity }, userId=0, lastActiveTime=23709006, windowingMode=1, isThumbnailBlur=false, isScreening=false, topActivity=ComponentInfo{com.android.vending/com.google.android.finsky.billing.acquire.LockToPortraitUiBuilderHostActivity}, mHashCode=5481575}, title=MelhoraFoto, titleDescription=MelhoraFotoAI MelhoraFoto, bounds=null, isLaunchTarget=false, isStackTask=true, isSystemApp=false, isDockable=true, baseActivity=ComponentInfo{br.com.melhorafotoai.twa/br.com.melhorafotoai.twa.LauncherActivity}, isLocked=false, isAccessLocked=false, mNeedHide=false, hasMultipleTasks=false, cti1Key=, cti2Key=] , mThumbnailBitmapSizeAfterScaled=(529, 1115)
09-16 17:08:54.797  2387  2387 D TaskViewThumbnail: updateThumbnailScale, t=[TaskKey{id=153, stackId=0, baseIntent=Intent { act=android.intent.action.MAIN cat=[android.intent.category.LAUNCHER] flg=0x10200000 cmp=br.com.melhorafotoai.twa/.LauncherActivity }, userId=0, lastActiveTime=23709006, windowingMode=1, isThumbnailBlur=false, isScreening=false, topActivity=ComponentInfo{com.android.vending/com.google.android.finsky.billing.acquire.LockToPortraitUiBuilderHostActivity}, mHashCode=5481575}, title=MelhoraFoto, titleDescription=MelhoraFotoAI MelhoraFoto, bounds=null, isLaunchTarget=false, isStackTask=true, isSystemApp=false, isDockable=true, baseActivity=ComponentInfo{br.com.melhorafotoai.twa/br.com.melhorafotoai.twa.LauncherActivity}, isLocked=false, isAccessLocked=false, mNeedHide=false, hasMultipleTasks=false, cti1Key=, cti2Key=] , mThumbnailBitmapSizeAfterScaled=(530, 1116)
09-16 17:08:54.814  2387  2387 D TaskViewThumbnail: updateThumbnailScale, t=[TaskKey{id=153, stackId=0, baseIntent=Intent { act=android.intent.action.MAIN cat=[android.intent.category.LAUNCHER] flg=0x10200000 cmp=br.com.melhorafotoai.twa/.LauncherActivity }, userId=0, lastActiveTime=23709006, windowingMode=1, isThumbnailBlur=false, isScreening=false, topActivity=ComponentInfo{com.android.vending/com.google.android.finsky.billing.acquire.LockToPortraitUiBuilderHostActivity}, mHashCode=5481575}, title=MelhoraFoto, titleDescription=MelhoraFotoAI MelhoraFoto, bounds=null, isLaunchTarget=false, isStackTask=true, isSystemApp=false, isDockable=true, baseActivity=ComponentInfo{br.com.melhorafotoai.twa/br.com.melhorafotoai.twa.LauncherActivity}, isLocked=false, isAccessLocked=false, mNeedHide=false, hasMultipleTasks=false, cti1Key=, cti2Key=] , mThumbnailBitmapSizeAfterScaled=(529, 1115)
09-16 17:08:54.822  2387  2387 D TaskViewThumbnail: updateThumbnailScale, t=[TaskKey{id=153, stackId=0, baseIntent=Intent { act=android.intent.action.MAIN cat=[android.intent.category.LAUNCHER] flg=0x10200000 cmp=br.com.melhorafotoai.twa/.LauncherActivity }, userId=0, lastActiveTime=23709006, windowingMode=1, isThumbnailBlur=false, isScreening=false, topActivity=ComponentInfo{com.android.vending/com.google.android.finsky.billing.acquire.LockToPortraitUiBuilderHostActivity}, mHashCode=5481575}, title=MelhoraFoto, titleDescription=MelhoraFotoAI MelhoraFoto, bounds=null, isLaunchTarget=false, isStackTask=true, isSystemApp=false, isDockable=true, baseActivity=ComponentInfo{br.com.melhorafotoai.twa/br.com.melhorafotoai.twa.LauncherActivity}, isLocked=false, isAccessLocked=false, mNeedHide=false, hasMultipleTasks=false, cti1Key=, cti2Key=] , mThumbnailBitmapSizeAfterScaled=(530, 1116)
09-16 17:08:54.830  2387  2387 D TaskViewThumbnail: updateThumbnailScale, t=[TaskKey{id=153, stackId=0, baseIntent=Intent { act=android.intent.action.MAIN cat=[android.intent.category.LAUNCHER] flg=0x10200000 cmp=br.com.melhorafotoai.twa/.LauncherActivity }, userId=0, lastActiveTime=23709006, windowingMode=1, isThumbnailBlur=false, isScreening=false, topActivity=ComponentInfo{com.android.vending/com.google.android.finsky.billing.acquire.LockToPortraitUiBuilderHostActivity}, mHashCode=5481575}, title=MelhoraFoto, titleDescription=MelhoraFotoAI MelhoraFoto, bounds=null, isLaunchTarget=false, isStackTask=true, isSystemApp=false, isDockable=true, baseActivity=ComponentInfo{br.com.melhorafotoai.twa/br.com.melhorafotoai.twa.LauncherActivity}, isLocked=false, isAccessLocked=false, mNeedHide=false, hasMultipleTasks=false, cti1Key=, cti2Key=] , mThumbnailBitmapSizeAfterScaled=(529, 1115)
09-16 17:08:54.855  2387  2387 D TaskViewThumbnail: updateThumbnailScale, t=[TaskKey{id=153, stackId=0, baseIntent=Intent { act=android.intent.action.MAIN cat=[android.intent.category.LAUNCHER] flg=0x10200000 cmp=br.com.melhorafotoai.twa/.LauncherActivity }, userId=0, lastActiveTime=23709006, windowingMode=1, isThumbnailBlur=false, isScreening=false, topActivity=ComponentInfo{com.android.vending/com.google.android.finsky.billing.acquire.LockToPortraitUiBuilderHostActivity}, mHashCode=5481575}, title=MelhoraFoto, titleDescription=MelhoraFotoAI MelhoraFoto, bounds=null, isLaunchTarget=false, isStackTask=true, isSystemApp=false, isDockable=true, baseActivity=ComponentInfo{br.com.melhorafotoai.twa/br.com.melhorafotoai.twa.LauncherActivity}, isLocked=false, isAccessLocked=false, mNeedHide=false, hasMultipleTasks=false, cti1Key=, cti2Key=] , mThumbnailBitmapSizeAfterScaled=(530, 1116)
09-16 17:08:54.886  2387  2942 W RecentsModel: getRunningTask   taskInfo=TaskInfo{userId=0 taskId=153 displayId=0 isRunning=true baseIntent=Intent { act=android.intent.action.MAIN cat=[android.intent.category.LAUNCHER] flg=0x10200000 cmp=br.com.melhorafotoai.twa/.LauncherActivity } baseActivity=ComponentInfo{br.com.melhorafotoai.twa/br.com.melhorafotoai.twa.LauncherActivity} topActivity=ComponentInfo{com.android.vending/com.google.android.finsky.billing.acquire.LockToPortraitUiBuilderHostActivity} origActivity=null realActivity=ComponentInfo{br.com.melhorafotoai.twa/br.com.melhorafotoai.twa.LauncherActivity} numActivities=5 lastActiveTime=23709006 supportsSplitScreenMultiWindow=true supportsMultiWindow=true resizeMode=1 isResizeable=true minWidth=-1 minHeight=-1 defaultMinSize=200 token=WCT{android.window.IWindowContainerToken$Stub$Proxy@1b346a8} topActivityType=1 pictureInPictureParams=null shouldDockBigOverlays=false launchIntoPipHostTaskId=-1 lastParentTaskIdBeforePip=-1 displayCutoutSafeInsets=Rect(0, 102 - 0, 0) topActivityInfo=ActivityInfo{6cc75c1 com.google.android.finsky.billing.acquire.LockToPortraitUiBuilderHostActivity} launchCookies=[] positionInParent=Point(0, 0) parentTaskId=-1 isFocused=false isVisible=false isVisibleRequested=false isSleeping=false locusId=null displayAreaFeatureId=1 isTopActivityTransparent=true appCompatTaskInfo=AppCompatTaskInfo { topActivityInSizeCompat=false topActivityEligibleForLetterboxEducation= falseisLetterboxEducationEnabled= false isLetterboxDoubleTapEnabled= false topActivityEligibleForUserAspectRatioButton= false topActivityBoundsLetterboxed= false isFromLetterboxDoubleTap= false topActivityLetterboxVerticalPosition= -1 topActivityLetterboxHorizontalPosition= -1 topActivityLetterboxWidth=1220 topActivityLetterboxHeight=2712 isUserFullscreenOverrideEnabled=false isSystemFullscreenOverrideEnabled=false cameraCompatTaskInfo=CameraCompatTaskInfo { cameraCompatControlState=hidden freeformCameraCompatMode=inactive}} isImmersive=false mTopActivityRequestOrientation=-2 mBehindAppLockPkg=null mOriginatingUid=0 isEmbedded=false shouldBeVisible=false mIsCastMode=false mTopActivityMediaSize=null mTopActivityRecordName=ActivityRecord{1b856b u0 com.android.vending/com.google.android.finsky.billing.acquire.LockToPortraitUiBuilderHostActivity t153} mTopActivityOrientation=-2}
09-16 17:08:54.970  2387  2942 W RecentsModel: getRunningTask   taskInfo=TaskInfo{userId=0 taskId=153 displayId=0 isRunning=true baseIntent=Intent { act=android.intent.action.MAIN cat=[android.intent.category.LAUNCHER] flg=0x10200000 cmp=br.com.melhorafotoai.twa/.LauncherActivity } baseActivity=ComponentInfo{br.com.melhorafotoai.twa/br.com.melhorafotoai.twa.LauncherActivity} topActivity=ComponentInfo{com.android.vending/com.google.android.finsky.billing.acquire.LockToPortraitUiBuilderHostActivity} origActivity=null realActivity=ComponentInfo{br.com.melhorafotoai.twa/br.com.melhorafotoai.twa.LauncherActivity} numActivities=5 lastActiveTime=23709006 supportsSplitScreenMultiWindow=true supportsMultiWindow=true resizeMode=1 isResizeable=true minWidth=-1 minHeight=-1 defaultMinSize=200 token=WCT{android.window.IWindowContainerToken$Stub$Proxy@ea91bf9} topActivityType=1 pictureInPictureParams=null shouldDockBigOverlays=false launchIntoPipHostTaskId=-1 lastParentTaskIdBeforePip=-1 displayCutoutSafeInsets=Rect(0, 102 - 0, 0) topActivityInfo=ActivityInfo{1cf73e com.google.android.finsky.billing.acquire.LockToPortraitUiBuilderHostActivity} launchCookies=[] positionInParent=Point(0, 0) parentTaskId=-1 isFocused=false isVisible=false isVisibleRequested=false isSleeping=false locusId=null displayAreaFeatureId=1 isTopActivityTransparent=true appCompatTaskInfo=AppCompatTaskInfo { topActivityInSizeCompat=false topActivityEligibleForLetterboxEducation= falseisLetterboxEducationEnabled= false isLetterboxDoubleTapEnabled= false topActivityEligibleForUserAspectRatioButton= false topActivityBoundsLetterboxed= false isFromLetterboxDoubleTap= false topActivityLetterboxVerticalPosition= -1 topActivityLetterboxHorizontalPosition= -1 topActivityLetterboxWidth=1220 topActivityLetterboxHeight=2712 isUserFullscreenOverrideEnabled=false isSystemFullscreenOverrideEnabled=false cameraCompatTaskInfo=CameraCompatTaskInfo { cameraCompatControlState=hidden freeformCameraCompatMode=inactive}} isImmersive=false mTopActivityRequestOrientation=-2 mBehindAppLockPkg=null mOriginatingUid=0 isEmbedded=false shouldBeVisible=false mIsCastMode=false mTopActivityMediaSize=null mTopActivityRecordName=ActivityRecord{1b856b u0 com.android.vending/com.google.android.finsky.billing.acquire.LockToPortraitUiBuilderHostActivity t153} mTopActivityOrientation=-2}
09-16 17:08:54.986  2387  2942 W RecentsModel: getRunningTask   taskInfo=TaskInfo{userId=0 taskId=153 displayId=0 isRunning=true baseIntent=Intent { act=android.intent.action.MAIN cat=[android.intent.category.LAUNCHER] flg=0x10200000 cmp=br.com.melhorafotoai.twa/.LauncherActivity } baseActivity=ComponentInfo{br.com.melhorafotoai.twa/br.com.melhorafotoai.twa.LauncherActivity} topActivity=ComponentInfo{com.android.vending/com.google.android.finsky.billing.acquire.LockToPortraitUiBuilderHostActivity} origActivity=null realActivity=ComponentInfo{br.com.melhorafotoai.twa/br.com.melhorafotoai.twa.LauncherActivity} numActivities=5 lastActiveTime=23709006 supportsSplitScreenMultiWindow=true supportsMultiWindow=true resizeMode=1 isResizeable=true minWidth=-1 minHeight=-1 defaultMinSize=200 token=WCT{android.window.IWindowContainerToken$Stub$Proxy@db4caec} topActivityType=1 pictureInPictureParams=null shouldDockBigOverlays=false launchIntoPipHostTaskId=-1 lastParentTaskIdBeforePip=-1 displayCutoutSafeInsets=Rect(0, 102 - 0, 0) topActivityInfo=ActivityInfo{a567eb5 com.google.android.finsky.billing.acquire.LockToPortraitUiBuilderHostActivity} launchCookies=[] positionInParent=Point(0, 0) parentTaskId=-1 isFocused=false isVisible=false isVisibleRequested=false isSleeping=false locusId=null displayAreaFeatureId=1 isTopActivityTransparent=true appCompatTaskInfo=AppCompatTaskInfo { topActivityInSizeCompat=false topActivityEligibleForLetterboxEducation= falseisLetterboxEducationEnabled= false isLetterboxDoubleTapEnabled= false topActivityEligibleForUserAspectRatioButton= false topActivityBoundsLetterboxed= false isFromLetterboxDoubleTap= false topActivityLetterboxVerticalPosition= -1 topActivityLetterboxHorizontalPosition= -1 topActivityLetterboxWidth=1220 topActivityLetterboxHeight=2712 isUserFullscreenOverrideEnabled=false isSystemFullscreenOverrideEnabled=false cameraCompatTaskInfo=CameraCompatTaskInfo { cameraCompatControlState=hidden freeformCameraCompatMode=inactive}} isImmersive=false mTopActivityRequestOrientation=-2 mBehindAppLockPkg=null mOriginatingUid=0 isEmbedded=false shouldBeVisible=false mIsCastMode=false mTopActivityMediaSize=null mTopActivityRecordName=ActivityRecord{1b856b u0 com.android.vending/com.google.android.finsky.billing.acquire.LockToPortraitUiBuilderHostActivity t153} mTopActivityOrientation=-2}
09-16 17:08:54.991  2387  2942 W RecentsModel: getRunningTask   taskInfo=TaskInfo{userId=0 taskId=153 displayId=0 isRunning=true baseIntent=Intent { act=android.intent.action.MAIN cat=[android.intent.category.LAUNCHER] flg=0x10200000 cmp=br.com.melhorafotoai.twa/.LauncherActivity } baseActivity=ComponentInfo{br.com.melhorafotoai.twa/br.com.melhorafotoai.twa.LauncherActivity} topActivity=ComponentInfo{com.android.vending/com.google.android.finsky.billing.acquire.LockToPortraitUiBuilderHostActivity} origActivity=null realActivity=ComponentInfo{br.com.melhorafotoai.twa/br.com.melhorafotoai.twa.LauncherActivity} numActivities=5 lastActiveTime=23709006 supportsSplitScreenMultiWindow=true supportsMultiWindow=true resizeMode=1 isResizeable=true minWidth=-1 minHeight=-1 defaultMinSize=200 token=WCT{android.window.IWindowContainerToken$Stub$Proxy@218f0bb} topActivityType=1 pictureInPictureParams=null shouldDockBigOverlays=false launchIntoPipHostTaskId=-1 lastParentTaskIdBeforePip=-1 displayCutoutSafeInsets=Rect(0, 102 - 0, 0) topActivityInfo=ActivityInfo{999a9d8 com.google.android.finsky.billing.acquire.LockToPortraitUiBuilderHostActivity} launchCookies=[] positionInParent=Point(0, 0) parentTaskId=-1 isFocused=false isVisible=false isVisibleRequested=false isSleeping=false locusId=null displayAreaFeatureId=1 isTopActivityTransparent=true appCompatTaskInfo=AppCompatTaskInfo { topActivityInSizeCompat=false topActivityEligibleForLetterboxEducation= falseisLetterboxEducationEnabled= false isLetterboxDoubleTapEnabled= false topActivityEligibleForUserAspectRatioButton= false topActivityBoundsLetterboxed= false isFromLetterboxDoubleTap= false topActivityLetterboxVerticalPosition= -1 topActivityLetterboxHorizontalPosition= -1 topActivityLetterboxWidth=1220 topActivityLetterboxHeight=2712 isUserFullscreenOverrideEnabled=false isSystemFullscreenOverrideEnabled=false cameraCompatTaskInfo=CameraCompatTaskInfo { cameraCompatControlState=hidden freeformCameraCompatMode=inactive}} isImmersive=false mTopActivityRequestOrientation=-2 mBehindAppLockPkg=null mOriginatingUid=0 isEmbedded=false shouldBeVisible=false mIsCastMode=false mTopActivityMediaSize=null mTopActivityRecordName=ActivityRecord{1b856b u0 com.android.vending/com.google.android.finsky.billing.acquire.LockToPortraitUiBuilderHostActivity t153} mTopActivityOrientation=-2}
09-16 17:08:55.237  2387  2387 D TaskStackViewTouchHandler: onChildDismissedEnd, taskView = com.miui.home.recents.views.TaskView{2f15747 VFE...CL. .......D 353,877-883,2107} task information: [TaskKey{id=153, stackId=0, baseIntent=Intent { act=android.intent.action.MAIN cat=[android.intent.category.LAUNCHER] flg=0x10200000 cmp=br.com.melhorafotoai.twa/.LauncherActivity }, userId=0, lastActiveTime=23709006, windowingMode=1, isThumbnailBlur=false, isScreening=false, topActivity=ComponentInfo{com.android.vending/com.google.android.finsky.billing.acquire.LockToPortraitUiBuilderHostActivity}, mHashCode=5481575}, title=MelhoraFoto, titleDescription=MelhoraFotoAI MelhoraFoto, bounds=null, isLaunchTarget=false, isStackTask=true, isSystemApp=false, isDockable=true, baseActivity=ComponentInfo{br.com.melhorafotoai.twa/br.com.melhorafotoai.twa.LauncherActivity}, isLocked=false, isAccessLocked=false, mNeedHide=false, hasMultipleTasks=false, cti1Key=, cti2Key=] 
09-16 17:08:55.239  2387  2387 D RecentsContainer: removeTask: [TaskKey{id=153, stackId=0, baseIntent=Intent { act=android.intent.action.MAIN cat=[android.intent.category.LAUNCHER] flg=0x10200000 cmp=br.com.melhorafotoai.twa/.LauncherActivity }, userId=0, lastActiveTime=23709006, windowingMode=1, isThumbnailBlur=false, isScreening=false, topActivity=ComponentInfo{com.android.vending/com.google.android.finsky.billing.acquire.LockToPortraitUiBuilderHostActivity}, mHashCode=5481575}, title=MelhoraFoto, titleDescription=MelhoraFotoAI MelhoraFoto, bounds=null, isLaunchTarget=false, isStackTask=true, isSystemApp=false, isDockable=true, baseActivity=ComponentInfo{br.com.melhorafotoai.twa/br.com.melhorafotoai.twa.LauncherActivity}, isLocked=false, isAccessLocked=false, mNeedHide=false, hasMultipleTasks=false, cti1Key=, cti2Key=] 
09-16 17:08:55.254  1808  1920 I PowerHalWrapper: amsBoostNotify pid:28261,activity:com.google.androidbrowserhelper.playbilling.provider.PaymentActivity, package:br.com.melhorafotoai.twa, mProcessCreatePackbr.com.melhorafotoai.twa 
09-16 17:08:55.254  1808  1920 I mtkpower_client: [PowerHal_Wrap_notifyAppState] br.com.melhorafotoai.twa/com.google.androidbrowserhelper.playbilling.provider.PaymentActivity pid=28261 activityId:182616604 state:0
09-16 17:08:55.257   993  1007 I vendor.mediatek.hardware.mtkpower_applist-service.mediatek: packName: br.com.melhorafotoai.twa actName: com.google.androidbrowserhelper.playbilling.provider.PaymentActivity pid: 28261 uid: 10307 state: 0
09-16 17:08:55.257   993  1007 I MTK_APPList: [notifyAPPstate] br.com.melhorafotoai.twa/com.google.androidbrowserhelper.playbilling.provider.PaymentActivity, pid=28261, uid=10307, state:PAUSED, fps:-1, win:0
09-16 17:08:55.259  1808  1920 I PowerHalWrapper: amsBoostNotify pid:28261,activity:com.android.billingclient.api.ProxyBillingActivity, package:br.com.melhorafotoai.twa, mProcessCreatePackbr.com.melhorafotoai.twa 
09-16 17:08:55.259  1808  1920 I mtkpower_client: [PowerHal_Wrap_notifyAppState] br.com.melhorafotoai.twa/com.android.billingclient.api.ProxyBillingActivity pid=28261 activityId:158163497 state:0
09-16 17:08:55.259  1808  1920 I PowerHalWrapper: amsBoostNotify pid:6607,activity:com.google.android.finsky.billing.acquire.LockToPortraitUiBuilderHostActivity, package:com.android.vending, mProcessCreatePackbr.com.melhorafotoai.twa 
09-16 17:08:55.259  1808  1920 I mtkpower_client: [PowerHal_Wrap_notifyAppState] com.android.vending/com.google.android.finsky.billing.acquire.LockToPortraitUiBuilderHostActivity pid=6607 activityId:1803627 state:0
09-16 17:08:55.260   993  1007 I vendor.mediatek.hardware.mtkpower_applist-service.mediatek: packName: br.com.melhorafotoai.twa actName: com.android.billingclient.api.ProxyBillingActivity pid: 28261 uid: 10307 state: 0
09-16 17:08:55.260   993  1007 I MTK_APPList: [notifyAPPstate] br.com.melhorafotoai.twa/com.android.billingclient.api.ProxyBillingActivity, pid=28261, uid=10307, state:PAUSED, fps:-1, win:0
09-16 17:08:55.262   993  1007 I vendor.mediatek.hardware.mtkpower_applist-service.mediatek: packName: com.android.vending actName: com.google.android.finsky.billing.acquire.LockToPortraitUiBuilderHostActivity pid: 6607 uid: 10154 state: 0
09-16 17:08:55.262   993  1007 I MTK_APPList: [notifyAPPstate] com.android.vending/com.google.android.finsky.billing.acquire.LockToPortraitUiBuilderHostActivity, pid=6607, uid=10154, state:PAUSED, fps:-1, win:0
09-16 17:08:55.274  1808  4861 D CoreBackPreview: Window{ddf670e u0 com.android.vending/com.google.android.finsky.billing.acquire.LockToPortraitUiBuilderHostActivity}: Setting back callback null
09-16 17:08:55.281  1808  5179 W InputManager-JNI: Input channel object 'ddf670e com.android.vending/com.google.android.finsky.billing.acquire.LockToPortraitUiBuilderHostActivity (client)' was disposed without first being removed with the input manager!
09-16 17:08:55.281  1808  5179 D WindowManager: setParent old=ActivityRecord{1b856b u0 com.android.vending/com.google.android.finsky.billing.acquire.LockToPortraitUiBuilderHostActivity t153 f}},new=null,this window=Window{ddf670e u0 com.android.vending/com.google.android.finsky.billing.acquire.LockToPortraitUiBuilderHostActivity},callers=com.android.server.wm.WindowContainer.removeChild:897 com.android.server.wm.ActivityRecord.removeChild:5518 com.android.server.wm.ActivityRecord.removeChild:505 com.android.server.wm.WindowContainer.removeImmediately:967 com.android.server.wm.WindowState.removeImmediately:2526 com.android.server.wm.WindowState.removeIfPossible:2714 
09-16 17:08:55.290  1808  4888 D WindowManager: setParent old=Task{c8b13a0 #153 type=standard A=10307:br.com.melhorafotoai.twa},new=null,this window=ActivityRecord{1b856b u0 com.android.vending/com.google.android.finsky.billing.acquire.LockToPortraitUiBuilderHostActivity t153 f}},callers=com.android.server.wm.WindowContainer.removeChild:897 com.android.server.wm.TaskFragment.removeChild:3337 com.android.server.wm.Task.removeChild:1929 com.android.server.wm.Task.removeChild:1908 com.android.server.wm.WindowContainer.removeImmediately:967 com.android.server.wm.WindowToken.removeImmediately:374 
09-16 17:08:55.291  1808  2061 W UsageStatsService: Unexpected activity event reported! (com.android.vending/com.google.android.finsky.billing.acquire.LockToPortraitUiBuilderHostActivity event : 23 instanceId : 169908424)
09-16 17:08:55.296  1064  1064 I SurfaceFlinger: onHandleDestroyed: name=ddf670e com.android.vending/com.google.android.finsky.billing.acquire.LockToPortraitUiBuilderHostActivity#8503, layerId=8503, parentId=0
09-16 17:08:55.305  1064  1064 I BufferQueueDebug: [ddf670e com.android.vending/com.google.android.finsky.billing.acquire.LockToPortraitUiBuilderHostActivity#8503](this:0xb400007b642d1470,id:-1,api:0,p:-1,c:1064) onDestructor()
09-16 17:08:55.305  1064  1064 I SurfaceFlinger: onHandleDestroyed: name=ActivityRecord{1b856b u0 com.android.vending/com.google.android.finsky.billing.acquire.LockToPortraitUiBuilderHostActivity t153}#8500, layerId=8500, parentId=0
09-16 17:08:55.313  1064  1064 I BufferQueueDebug: [ActivityRecord{1b856b u0 com.android.vending/com.google.android.finsky.billing.acquire.LockToPortraitUiBuilderHostActivity t153}#8500](this:0xb400007b64328180,id:-1,api:0,p:-1,c:1064) onDestructor()
09-16 17:08:55.351  1808  3377 I WindowManager: WIN DEATH: Window{30a7974 u0 br.com.melhorafotoai.twa/com.android.billingclient.api.ProxyBillingActivity}
09-16 17:08:55.352  1808  3377 W InputManager-JNI: Input channel object '30a7974 br.com.melhorafotoai.twa/com.android.billingclient.api.ProxyBillingActivity (client)' was disposed without first being removed with the input manager!
09-16 17:08:55.352  1808  3377 D WindowManager: setParent old=ActivityRecord{96d6229 u0 br.com.melhorafotoai.twa/com.android.billingclient.api.ProxyBillingActivity t153 f}},new=null,this window=Window{30a7974 u0 br.com.melhorafotoai.twa/com.android.billingclient.api.ProxyBillingActivity},callers=com.android.server.wm.WindowContainer.removeChild:897 com.android.server.wm.ActivityRecord.removeChild:5518 com.android.server.wm.ActivityRecord.removeChild:505 com.android.server.wm.WindowContainer.removeImmediately:967 com.android.server.wm.WindowState.removeImmediately:2526 com.android.server.wm.WindowState.removeIfPossible:2714 
09-16 17:08:55.353  1808  3377 I WindowManager: WIN DEATH: Window{30dc74d u0 br.com.melhorafotoai.twa/com.google.androidbrowserhelper.playbilling.provider.PaymentActivity}
09-16 17:08:55.353  1808  3377 W InputManager-JNI: Input channel object '30dc74d br.com.melhorafotoai.twa/com.google.androidbrowserhelper.playbilling.provider.PaymentActivity (client)' was disposed without first being removed with the input manager!
09-16 17:08:55.353  1808  3377 D WindowManager: setParent old=ActivityRecord{ae2821c u0 br.com.melhorafotoai.twa/com.google.androidbrowserhelper.playbilling.provider.PaymentActivity t153 f}},new=null,this window=Window{30dc74d u0 br.com.melhorafotoai.twa/com.google.androidbrowserhelper.playbilling.provider.PaymentActivity},callers=com.android.server.wm.WindowContainer.removeChild:897 com.android.server.wm.ActivityRecord.removeChild:5518 com.android.server.wm.ActivityRecord.removeChild:505 com.android.server.wm.WindowContainer.removeImmediately:967 com.android.server.wm.WindowState.removeImmediately:2526 com.android.server.wm.WindowState.removeIfPossible:2714 
09-16 17:08:55.358  1808  2957 I SmartPower: com.android.vending/10154(6607): idle->background(353271ms) R(service unbind com.android.vending/com.google.android.finsky.billing.iab.InAppBillingService) adj=0.
09-16 17:08:55.360  1808  2957 D WindowManager: setParent old=Task{c8b13a0 #153 type=standard A=10307:br.com.melhorafotoai.twa},new=null,this window=ActivityRecord{96d6229 u0 br.com.melhorafotoai.twa/com.android.billingclient.api.ProxyBillingActivity t153 f}},callers=com.android.server.wm.WindowContainer.removeChild:897 com.android.server.wm.TaskFragment.removeChild:3337 com.android.server.wm.Task.removeChild:1929 com.android.server.wm.Task.removeChild:1908 com.android.server.wm.WindowContainer.removeImmediately:967 com.android.server.wm.WindowToken.removeImmediately:374 
09-16 17:08:55.361  1808  2957 D WindowManager: setParent old=Task{c8b13a0 #153 type=standard A=10307:br.com.melhorafotoai.twa},new=null,this window=ActivityRecord{ae2821c u0 br.com.melhorafotoai.twa/com.google.androidbrowserhelper.playbilling.provider.PaymentActivity t153 f}},callers=com.android.server.wm.WindowContainer.removeChild:897 com.android.server.wm.TaskFragment.removeChild:3337 com.android.server.wm.Task.removeChild:1929 com.android.server.wm.Task.removeChild:1908 com.android.server.wm.WindowContainer.removeImmediately:967 com.android.server.wm.WindowToken.removeImmediately:374 
09-16 17:08:55.363  1064  1064 I SurfaceFlinger: onHandleDestroyed: name=30dc74d br.com.melhorafotoai.twa/com.google.androidbrowserhelper.playbilling.provider.PaymentActivity#8492, layerId=8492, parentId=0
09-16 17:08:55.363  1064  1064 I SurfaceFlinger: onHandleDestroyed: name=30a7974 br.com.melhorafotoai.twa/com.android.billingclient.api.ProxyBillingActivity#8501, layerId=8501, parentId=0
09-16 17:08:55.367  1808  2061 W UsageStatsService: Unexpected activity event reported! (br.com.melhorafotoai.twa/com.android.billingclient.api.ProxyBillingActivity event : 23 instanceId : 204569006)
09-16 17:08:55.369  1808  2061 W UsageStatsService: Unexpected activity event reported! (br.com.melhorafotoai.twa/com.google.androidbrowserhelper.playbilling.provider.PaymentActivity event : 23 instanceId : 62791205)
09-16 17:08:55.371  1064  1064 I BufferQueueDebug: [30dc74d br.com.melhorafotoai.twa/com.google.androidbrowserhelper.playbilling.provider.PaymentActivity#8492](this:0xb400007b642d8390,id:-1,api:0,p:-1,c:1064) onDestructor()
09-16 17:08:55.371  1064  1064 I BufferQueueDebug: [30a7974 br.com.melhorafotoai.twa/com.android.billingclient.api.ProxyBillingActivity#8501](this:0xb400007b64343e00,id:-1,api:0,p:-1,c:1064) onDestructor()
09-16 17:08:55.371  1064  1064 I SurfaceFlinger: onHandleDestroyed: name=ActivityRecord{ae2821c u0 br.com.melhorafotoai.twa/com.google.androidbrowserhelper.playbilling.provider.PaymentActivity t153}#8489, layerId=8489, parentId=0
09-16 17:08:55.371  1064  1064 I SurfaceFlinger: onHandleDestroyed: name=ActivityRecord{96d6229 u0 br.com.melhorafotoai.twa/com.android.billingclient.api.ProxyBillingActivity t153}#8499, layerId=8499, parentId=0
09-16 17:08:55.379  1064  1064 I BufferQueueDebug: [ActivityRecord{96d6229 u0 br.com.melhorafotoai.twa/com.android.billingclient.api.ProxyBillingActivity t153}#8499](this:0xb400007b6415db40,id:-1,api:0,p:-1,c:1064) onDestructor()
09-16 17:08:55.379  1064  1064 I BufferQueueDebug: [ActivityRecord{ae2821c u0 br.com.melhorafotoai.twa/com.google.androidbrowserhelper.playbilling.provider.PaymentActivity t153}#8489](this:0xb400007b6435fa80,id:-1,api:0,p:-1,c:1064) onDestructor()
09-16 17:09:00.363  3431  8878 D TwaBilling.DG: Calling getDetails for credits_10, credits_20, credits_50
09-16 17:09:00.368  3431  8878 D TwaBilling.DG: Calling getDetails for credits_10, credits_20, credits_50
09-16 17:09:00.388  6607  7165 I Finsky  : [3014] br.com.melhorafotoai.twa: Account determined from installer data - [9D1QEleBtuuJ6goBGEaPSyZJc25CWGxq6RZEcxEYgjY]
09-16 17:09:00.389  6607  7165 I Finsky  : [3014] Billing preferred account via installer for br.com.melhorafotoai.twa: [9D1QEleBtuuJ6goBGEaPSyZJc25CWGxq6RZEcxEYgjY]
09-16 17:09:00.389  6607  7165 W Finsky  : [3014] Got api version 25 for account: [9D1QEleBtuuJ6goBGEaPSyZJc25CWGxq6RZEcxEYgjY]
09-16 17:09:00.395  6607  7165 I Finsky  : [3014] br.com.melhorafotoai.twa: Account determined from installer data - [9D1QEleBtuuJ6goBGEaPSyZJc25CWGxq6RZEcxEYgjY]
09-16 17:09:00.395  6607  7165 I Finsky  : [3014] Billing preferred account via installer for br.com.melhorafotoai.twa: [9D1QEleBtuuJ6goBGEaPSyZJc25CWGxq6RZEcxEYgjY]
09-16 17:09:00.396  6607  7165 W Finsky  : [3014] Got api version 25 for account: [9D1QEleBtuuJ6goBGEaPSyZJc25CWGxq6RZEcxEYgjY]
09-16 17:09:00.400  3431  8968 D TwaBilling.DG: Connected to Play Billing library.
09-16 17:09:00.404  6607  7232 I Finsky  : [3015] br.com.melhorafotoai.twa: Account determined from installer data - [9D1QEleBtuuJ6goBGEaPSyZJc25CWGxq6RZEcxEYgjY]
09-16 17:09:00.405  6607  7232 I Finsky  : [3015] Billing preferred account via installer for br.com.melhorafotoai.twa: [9D1QEleBtuuJ6goBGEaPSyZJc25CWGxq6RZEcxEYgjY]
09-16 17:09:00.406  6607  7232 W Finsky  : [3015] Got api version 25 for account: [9D1QEleBtuuJ6goBGEaPSyZJc25CWGxq6RZEcxEYgjY]
09-16 17:09:00.407  6607  7165 I Finsky  : [3014] br.com.melhorafotoai.twa: Account determined from installer data - [9D1QEleBtuuJ6goBGEaPSyZJc25CWGxq6RZEcxEYgjY]
09-16 17:09:00.407  6607  7165 I Finsky  : [3014] Billing preferred account via installer for br.com.melhorafotoai.twa: [9D1QEleBtuuJ6goBGEaPSyZJc25CWGxq6RZEcxEYgjY]
09-16 17:09:00.407  6607  7165 W Finsky  : [3014] Got api version 25 for account: [9D1QEleBtuuJ6goBGEaPSyZJc25CWGxq6RZEcxEYgjY]
09-16 17:09:00.408  6607  6717 I Finsky  : [3005] br.com.melhorafotoai.twa: Account determined from installer data - [9D1QEleBtuuJ6goBGEaPSyZJc25CWGxq6RZEcxEYgjY]
09-16 17:09:00.409  6607  6717 I Finsky  : [3005] Billing preferred account via installer for br.com.melhorafotoai.twa: [9D1QEleBtuuJ6goBGEaPSyZJc25CWGxq6RZEcxEYgjY]
09-16 17:09:00.409  6607  6717 W Finsky  : [3005] Got api version 25 for account: [9D1QEleBtuuJ6goBGEaPSyZJc25CWGxq6RZEcxEYgjY]
09-16 17:09:00.411  6607  6620 I Finsky  : [2942] br.com.melhorafotoai.twa: Account determined from installer data - [9D1QEleBtuuJ6goBGEaPSyZJc25CWGxq6RZEcxEYgjY]
09-16 17:09:00.411  6607  6620 I Finsky  : [2942] Billing preferred account via installer for br.com.melhorafotoai.twa: [9D1QEleBtuuJ6goBGEaPSyZJc25CWGxq6RZEcxEYgjY]
09-16 17:09:00.411  6607  6620 W Finsky  : [2942] Got api version 25 for account: [9D1QEleBtuuJ6goBGEaPSyZJc25CWGxq6RZEcxEYgjY]
09-16 17:09:00.415  3431  8969 D TwaBilling.DG: GetDetails returned: 0
09-16 17:09:00.437  3431  8972 D TwaBilling.DG: GetDetails returned: 0
09-16 17:09:00.934  1808  4055 I ClipboardServiceI: checkProviderWakePathForClipboard: com.android.vendingis not a activePermissionOwner
09-16 17:09:00.997  1808  4055 D BiometricService/PreAuthInfo: Package: com.android.vending Sensor ID: 8 Modality: 8 Status: 4
09-16 17:09:00.999  1808  4055 D BiometricService/PreAuthInfo: Package: com.android.vending Sensor ID: 5 Modality: 2 Status: 1
09-16 17:09:01.001  1808  4055 D BiometricService/PreAuthInfo: Package: com.android.vending Sensor ID: 8 Modality: 8 Status: 4
09-16 17:09:01.003  1808  4055 D BiometricService/PreAuthInfo: Package: com.android.vending Sensor ID: 5 Modality: 2 Status: 1
09-16 17:09:01.005  1808  4055 D BiometricService/PreAuthInfo: Package: com.android.vending Sensor ID: 8 Modality: 8 Status: 4
09-16 17:09:01.007  1808  4055 D BiometricService/PreAuthInfo: Package: com.android.vending Sensor ID: 5 Modality: 2 Status: 1
09-16 17:09:01.030  1808  4055 D BiometricService/PreAuthInfo: Package: com.android.vending Sensor ID: 8 Modality: 8 Status: 4
09-16 17:09:01.033  1808  4055 D BiometricService/PreAuthInfo: Package: com.android.vending Sensor ID: 5 Modality: 2 Status: 1
09-16 17:09:01.041  6607  5451 I Finsky  : [3079] Skipping a request to /bulkAcquire since cache has all the records.
09-16 17:09:03.362  1808  2301 I SmartPower: com.android.vending/10154(6607): background->idle(8004ms) R(remove from whitelist) adj=250.
09-16 17:09:03.375  7072  7072 I cr_PaymentAppFinder: Payment app "br.com.melhorafotoai.twa": "org.chromium.intent.action.IS_READY_TO_PAY" service in "com.google.androidbrowserhelper.playbilling.provider.PaymentService".
09-16 17:09:03.377  7072  7072 I cr_PaymentAppFinder: Activity "com.google.androidbrowserhelper.playbilling.provider.PaymentActivity" in package "br.com.melhorafotoai.twa" validated for "https://play.google.com/billing".
09-16 17:09:03.379  7072  7072 I cr_PaymentAppFinder: "com.google.androidbrowserhelper.playbilling.provider.PaymentActivity" meta-data "org.chromium.default_payment_method_name": "https://play.google.com/billing".
09-16 17:09:03.393  7072  7072 I cr_IsReadyToPayService: Connecting to "com.google.androidbrowserhelper.playbilling.provider.PaymentService".
09-16 17:09:03.396  7072  7072 I cr_PaymentRequestServ: Check can make payment.
09-16 17:09:03.397  7072  7072 I cr_IsReadyToPayService: Querying "com.google.androidbrowserhelper.playbilling.provider.PaymentService".
09-16 17:09:03.398  7072  7440 I cr_IsReadyToPayService: "com.google.androidbrowserhelper.playbilling.provider.PaymentService": Ready to pay.
09-16 17:09:03.398  7072  7440 I cr_IsReadyToPayService: Terminating connection to "com.google.androidbrowserhelper.playbilling.provider.PaymentService".
09-16 17:09:03.399  7072  7072 I cr_PaymentRequestServ: Can make payment: "true".
09-16 17:09:03.449  1808  4055 D WindowManager: Collecting in transition 651: ActivityRecord{c31e6ea u0 br.com.melhorafotoai.twa/com.google.androidbrowserhelper.playbilling.provider.PaymentActivity init visibleRequested:false
09-16 17:09:03.451  1064  4054 I BufferQueueDebug: [ActivityRecord{c31e6ea u0 br.com.melhorafotoai.twa/com.google.androidbrowserhelper.playbilling.provider.PaymentActivity t155}#8667](this:0xb400007b643553d0,id:-1,api:0,p:-1,c:-1) BufferQueue core=(1064:/system/bin/surfaceflinger)
09-16 17:09:03.452  1808  4055 D ActivityTaskManager: Not add starting window, the reason is: windowIsTranslucent = true  windowIsFloating = false  this = ActivityRecord{c31e6ea u0 br.com.melhorafotoai.twa/com.google.androidbrowserhelper.playbilling.provider.PaymentActivity t155} activityName = br.com.melhorafotoai.twa/com.google.androidbrowserhelper.playbilling.provider.PaymentActivity
09-16 17:09:03.453  1808  4055 D WindowManager: All the checks have been done, return STARTING_WINDOW_TYPE_NONE. this = ActivityRecord{c31e6ea u0 br.com.melhorafotoai.twa/com.google.androidbrowserhelper.playbilling.provider.PaymentActivity t155}
09-16 17:09:03.453  1808  4055 I WindowManager: Try to add startingWindow type = STARTING_WINDOW_TYPE_NONE this = ActivityRecord{c31e6ea u0 br.com.melhorafotoai.twa/com.google.androidbrowserhelper.playbilling.provider.PaymentActivity t155} preAllowTaskSnapshot = true afterAllowTaskSnapshot = true newTask = false taskSwitch = false processRunning = true activityCreated = false activityAllDrawn = false isSnapshotCompatible = false resolvedTheme = 0 theme = 16973840
09-16 17:09:03.455  1808  4055 D WindowManager: Collecting in transition 651: ActivityRecord{c31e6ea u0 br.com.melhorafotoai.twa/com.google.androidbrowserhelper.playbilling.provider.PaymentActivity t155} init visibleRequested:false
09-16 17:09:03.455  1808  4055 I ActivityTaskManager: START u0 {act=org.chromium.intent.action.PAY cmp=br.com.melhorafotoai.twa/com.google.androidbrowserhelper.playbilling.provider.PaymentActivity (has extras)} with LAUNCH_MULTIPLE from uid 10172 from pid 7072 callingPackage com.android.chrome (BAL_ALLOW_VISIBLE_WINDOW) result code=0
09-16 17:09:03.461  2628  2725 I SoScStageCoordinator: Transition requested:TransitionRequestInfo { type = OPEN, triggerTask = TaskInfo{userId=0 taskId=155 displayId=0 isRunning=true baseIntent=Intent { act=android.intent.action.MAIN cat=[android.intent.category.LAUNCHER] flg=0x10200000 cmp=br.com.melhorafotoai.twa/.LauncherActivity } baseActivity=ComponentInfo{br.com.melhorafotoai.twa/br.com.melhorafotoai.twa.LauncherActivity} topActivity=ComponentInfo{br.com.melhorafotoai.twa/com.google.androidbrowserhelper.playbilling.provider.PaymentActivity} origActivity=null realActivity=ComponentInfo{br.com.melhorafotoai.twa/br.com.melhorafotoai.twa.LauncherActivity} numActivities=3 lastActiveTime=24080133 supportsSplitScreenMultiWindow=true supportsMultiWindow=true resizeMode=1 isResizeable=true minWidth=-1 minHeight=-1 defaultMinSize=200 token=WCT{android.window.IWindowContainerToken$Stub$Proxy@84cf1fd} topActivityType=1 pictureInPictureParams=null shouldDockBigOverlays=false launchIntoPipHostTaskId=-1 lastParentTaskIdBeforePip=-1 displayCutoutSafeInsets=null topActivityInfo=ActivityInfo{12c4ef2 com.google.androidbrowserhelper.playbilling.provider.PaymentActivity} launchCookies=[] positionInParent=Point(0, 0) parentTaskId=-1 isFocused=true isVisible=true isVisibleRequested=true isSleeping=false locusId=null displayAreaFeatureId=1 isTopActivityTransparent=true appCompatTaskInfo=AppCompatTaskInfo { topActivityInSizeCompat=false topActivityEligibleForLetterboxEducation= falseisLetterboxEducationEnabled= false isLetterboxDoubleTapEnabled= false topActivityEligibleForUserAspectRatioButton= false topActivityBoundsLetterboxed= false isFromLetterboxDoubleTap= false topActivityLetterboxVerticalPosition= -1 topActivityLetterboxHorizontalPosition= -1 topActivityLetterboxWidth=1220 topActivityLetterboxHeight=2712 isUserFullscreenOverrideEnabled=false isSystemFullscreenOverrideEnabled=false cameraCompatTaskInfo=CameraCompatTaskInfo { cameraCompatControlState=hidden freeformCameraCompatMode=inactive}} isImmersive=false mTopActivityRequestOrientation=1 mBehindAppLockPkg=null mOriginatingUid=0 isEmbedded=false shouldBeVisible=true mIsCastMode=false mTopActivityMediaSize=null mTopActivityRecordName=ActivityRecord{c31e6ea u0 br.com.melhorafotoai.twa/com.google.androidbrowserhelper.playbilling.provider.PaymentActivity t155} mTopActivityOrientation=-2}, pipTask = null, remoteTransition = null, displayChange = null, flags = 0, debugId = 651 } isSoScActive:false triggerTask:TaskInfo{userId=0 taskId=155 displayId=0 isRunning=true baseIntent=Intent { act=android.intent.action.MAIN cat=[android.intent.category.LAUNCHER] flg=0x10200000 cmp=br.com.melhorafotoai.twa/.LauncherActivity } baseActivity=ComponentInfo{br.com.melhorafotoai.twa/br.com.melhorafotoai.twa.LauncherActivity} topActivity=ComponentInfo{br.com.melhorafotoai.twa/com.google.androidbrowserhelper.playbilling.provider.PaymentActivity} origActivity=null realActivity=ComponentInfo{br.com.melhorafotoai.twa/br.com.melhorafotoai.twa.LauncherActivity} numActivities=3 lastActiveTime=24080133 supportsSplitScreenMultiWindow=true supportsMultiWindow=true resizeMode=1 isResizeable=true minWidth=-1 minHeight=-1 defaultMinSize=200 token=WCT{android.window.IWindowContainerToken$Stub$Proxy@84cf1fd} topActivityType=1 pictureInPictureParams=null shouldDockBigOverlays=false launchIntoPipHostTaskId=-1 lastParentTaskIdBeforePip=-1 displayCutoutSafeInsets=null topActivityInfo=ActivityInfo{12c4ef2 com.google.androidbrowserhelper.playbilling.provider.PaymentActivity} launchCookies=[] positionInParent=Point(0, 0) parentTaskId=-1 isFocused=true isVisible=true isVisibleRequested=true isSleeping=false locusId=null displayAreaFeatureId=1 isTopActivityTransparent=true appCompatTaskInfo=AppCompatTaskInfo { topActivityInSizeCompat=false topActivityEligibleForLetterboxEducation= falseisLetterboxEducationEnabled= false isLetterboxDoubleTapEnabled= false topActivityEligibleForUserAspectRatioButton= false topActivityBoundsLetterboxed= false isFromLetterboxDoubleTap= false topActivityLetterboxVerticalPosition= -1 topActivityLetterbo
09-16 17:09:03.477  1808  4055 D WindowManager: Collecting in transition 651: ActivityRecord{c31e6ea u0 br.com.melhorafotoai.twa/com.google.androidbrowserhelper.playbilling.provider.PaymentActivity t155} init visibleRequested:false
09-16 17:09:03.477  1808  4055 D WindowManager: Collecting in transition 651: ActivityRecord{c31e6ea u0 br.com.melhorafotoai.twa/com.google.androidbrowserhelper.playbilling.provider.PaymentActivity t155} init visibleRequested:true
09-16 17:09:03.479  1808  4055 I PowerHalWrapper: amsBoostNotify pid:3431,activity:com.google.androidbrowserhelper.playbilling.provider.PaymentActivity, package:br.com.melhorafotoai.twa, mProcessCreatePackbr.com.melhorafotoai.twa 
09-16 17:09:03.479  1808  4055 I mtkpower_client: [PowerHal_Wrap_notifyAppState] br.com.melhorafotoai.twa/com.google.androidbrowserhelper.playbilling.provider.PaymentActivity pid=3431 activityId:204596970 state:1
09-16 17:09:03.480   993  1010 I vendor.mediatek.hardware.mtkpower_applist-service.mediatek: packName: br.com.melhorafotoai.twa actName: com.google.androidbrowserhelper.playbilling.provider.PaymentActivity pid: 3431 uid: 10307 state: 1
09-16 17:09:03.480   993  1010 I MTK_APPList: [notifyAPPstate] br.com.melhorafotoai.twa/com.google.androidbrowserhelper.playbilling.provider.PaymentActivity, pid=3431, uid=10307, state:RESUMED, fps:-1, win:0
09-16 17:09:03.480   993  1010 I MTK_APPList: [notifyAPPstate] multi_resumed_app_info[0] br.com.melhorafotoai.twa/com.google.androidbrowserhelper.playbilling.provider.PaymentActivity, pid:3431, fps:-1, isMultiWindow:0
09-16 17:09:03.481  1808  4055 I BLASTSyncEngine: SyncGroup 651:  Unfinished container:ActivityRecord{c31e6ea u0 br.com.melhorafotoai.twa/com.google.androidbrowserhelper.playbilling.provider.PaymentActivity t155}
09-16 17:09:03.481  1808  4055 I BLASTSyncEngine: isActivitySyncFinished isSyncFinished false ActivityRecord{c31e6ea u0 br.com.melhorafotoai.twa/com.google.androidbrowserhelper.playbilling.provider.PaymentActivity t155}
09-16 17:09:03.497  1808  1888 I BLASTSyncEngine: SyncGroup 651:  Unfinished container:ActivityRecord{c31e6ea u0 br.com.melhorafotoai.twa/com.google.androidbrowserhelper.playbilling.provider.PaymentActivity t155}
09-16 17:09:03.497  1808  1888 I BLASTSyncEngine: isActivitySyncFinished isSyncFinished false ActivityRecord{c31e6ea u0 br.com.melhorafotoai.twa/com.google.androidbrowserhelper.playbilling.provider.PaymentActivity t155}
09-16 17:09:03.504  1064  4054 I BufferQueueDebug: [fa9a2c1 br.com.melhorafotoai.twa/com.google.androidbrowserhelper.playbilling.provider.PaymentActivity#8670](this:0xb400007b6434ad20,id:-1,api:0,p:-1,c:-1) BufferQueue core=(1064:/system/bin/surfaceflinger)
09-16 17:09:03.506  2387  2387 D RecentsImpl: mActivityStateObserver com.google.androidbrowserhelper.playbilling.provider.PaymentActivity
09-16 17:09:03.507  3431  3431 D DecorViewImmersiveImpl: onAttachedToWindow:br.com.melhorafotoai.twa/com.google.androidbrowserhelper.playbilling.provider.PaymentActivity
09-16 17:09:03.508  2387  2387 W RecentsImpl: updateStubViewVisibility, className=com.google.androidbrowserhelper.playbilling.provider.PaymentActivity
09-16 17:09:03.508  6607  6717 I Finsky  : [3005] br.com.melhorafotoai.twa: Account determined from installer data - [9D1QEleBtuuJ6goBGEaPSyZJc25CWGxq6RZEcxEYgjY]
09-16 17:09:03.508  6607  6717 I Finsky  : [3005] Billing preferred account via installer for br.com.melhorafotoai.twa: [9D1QEleBtuuJ6goBGEaPSyZJc25CWGxq6RZEcxEYgjY]
09-16 17:09:03.508  6607  6717 W Finsky  : [3005] Got api version 25 for account: [9D1QEleBtuuJ6goBGEaPSyZJc25CWGxq6RZEcxEYgjY]
09-16 17:09:03.508  1064  1285 I BufferQueueDebug: [br.com.melhorafotoai.twa/com.google.androidbrowserhelper.playbilling.provider.PaymentActivity#8671](this:0xb400007b6437ee90,id:-1,api:0,p:-1,c:-1) BufferQueue core=(1064:/system/bin/surfaceflinger)
09-16 17:09:03.509  6607  6717 I Finsky  : [3005] br.com.melhorafotoai.twa: Account determined from installer data - [9D1QEleBtuuJ6goBGEaPSyZJc25CWGxq6RZEcxEYgjY]
09-16 17:09:03.509  6607  6717 I Finsky  : [3005] Billing preferred account via installer for br.com.melhorafotoai.twa: [9D1QEleBtuuJ6goBGEaPSyZJc25CWGxq6RZEcxEYgjY]
09-16 17:09:03.509  6607  6717 W Finsky  : [3005] Got api version 25 for account: [9D1QEleBtuuJ6goBGEaPSyZJc25CWGxq6RZEcxEYgjY]
09-16 17:09:03.510  1808  2941 I BLASTSyncEngine: SyncGroup 651:  Unfinished container:ActivityRecord{c31e6ea u0 br.com.melhorafotoai.twa/com.google.androidbrowserhelper.playbilling.provider.PaymentActivity t155}
09-16 17:09:03.510  1808  2941 I BLASTSyncEngine: isActivitySyncFinished isSyncFinished false ActivityRecord{c31e6ea u0 br.com.melhorafotoai.twa/com.google.androidbrowserhelper.playbilling.provider.PaymentActivity t155}
09-16 17:09:03.510  1808  2941 W WindowManager: Changing focus from null to Window{fa9a2c1 u0 br.com.melhorafotoai.twa/com.google.androidbrowserhelper.playbilling.provider.PaymentActivity} displayId=0 Callers=com.android.server.wm.RootWindowContainer.updateFocusedWindowLocked:602 com.android.server.wm.WindowManagerService.updateFocusedWindowLocked:7168 com.android.server.wm.WindowManagerService.relayoutWindowInner:3076 com.android.server.wm.WindowManagerService.relayoutWindow:2724 
09-16 17:09:03.512  1808  2941 D WindowManager: wms.Input focus has changed to Window{fa9a2c1 u0 br.com.melhorafotoai.twa/com.google.androidbrowserhelper.playbilling.provider.PaymentActivity} display=0 updateInputWindows = true
09-16 17:09:03.512  1808  2941 I WindowManager: Relayout Window{fa9a2c1 u0 br.com.melhorafotoai.twa/com.google.androidbrowserhelper.playbilling.provider.PaymentActivity}: oldVis=4 newVis=0 focusMayChange = true requestedWidth = 1220 requestedHeight = 2712 outFrames = ClientWindowFrames{frame=[0,0][1220,2712] display=[0,0][1220,2712] parentFrame=[0,0][0,0]} outSurfaceControl = Surface(name=br.com.melhorafotoai.twa/com.google.androidbrowserhelper.playbilling.provider.PaymentActivity#8671)/@0x65ee8f9
09-16 17:09:03.512  6607  6717 I Finsky  : [3005] br.com.melhorafotoai.twa: Account determined from installer data - [9D1QEleBtuuJ6goBGEaPSyZJc25CWGxq6RZEcxEYgjY]
09-16 17:09:03.513  6607  6717 I Finsky  : [3005] Billing preferred account via installer for br.com.melhorafotoai.twa: [9D1QEleBtuuJ6goBGEaPSyZJc25CWGxq6RZEcxEYgjY]
09-16 17:09:03.513  6607  6717 W Finsky  : [3005] Got api version 25 for account: [9D1QEleBtuuJ6goBGEaPSyZJc25CWGxq6RZEcxEYgjY]
09-16 17:09:03.513  1808  4889 D CoreBackPreview: Window{fa9a2c1 u0 br.com.melhorafotoai.twa/com.google.androidbrowserhelper.playbilling.provider.PaymentActivity}: Setting back callback OnBackInvokedCallbackInfo{mCallback=android.window.IOnBackInvokedCallback$Stub$Proxy@bae9c84, mPriority=0, mIsAnimationCallback=false}
09-16 17:09:03.514  6607  6620 I Finsky  : [2942] br.com.melhorafotoai.twa: Account determined from installer data - [9D1QEleBtuuJ6goBGEaPSyZJc25CWGxq6RZEcxEYgjY]
09-16 17:09:03.514  6607  6620 I Finsky  : [2942] Billing preferred account via installer for br.com.melhorafotoai.twa: [9D1QEleBtuuJ6goBGEaPSyZJc25CWGxq6RZEcxEYgjY]
09-16 17:09:03.514  6607  6620 W Finsky  : [2942] Got api version 25 for account: [9D1QEleBtuuJ6goBGEaPSyZJc25CWGxq6RZEcxEYgjY]
09-16 17:09:03.515  1808  1888 D SurfaceComposerClient: Transaction::apply InputWindowCommands.focusRequests timestamp=19466780378852, windowName=fa9a2c1 br.com.melhorafotoai.twa/com.google.androidbrowserhelper.playbilling.provider.PaymentActivity
09-16 17:09:03.520  1808  4055 D WindowManager: wms.finishDrawingLocked: mDrawState=COMMIT_DRAW_PENDING Window{fa9a2c1 u0 br.com.melhorafotoai.twa/com.google.androidbrowserhelper.playbilling.provider.PaymentActivity} in Surface(name=br.com.melhorafotoai.twa/com.google.androidbrowserhelper.playbilling.provider.PaymentActivity#8671)/@0x9b723c0
09-16 17:09:03.522  1808  2301 I SmartPower: com.android.vending/10154(6607): idle->background(160ms) R(add to whitelist) adj=250.
09-16 17:09:03.522  1808  1888 I WindowManager: wms.showSurfaceRobustly mWin:Window{fa9a2c1 u0 br.com.melhorafotoai.twa/com.google.androidbrowserhelper.playbilling.provider.PaymentActivity}
09-16 17:09:03.522  1808  1888 D WindowManager: Final targets: [ActivityRecord{c31e6ea u0 br.com.melhorafotoai.twa/com.google.androidbrowserhelper.playbilling.provider.PaymentActivity t155}]
09-16 17:09:03.522  1064  1285 I BufferQueueDebug: [Transition Root #651: ActivityRecord{c31e6ea u0 br.com.melhorafotoai.twa/com.google.androidbrowserhelper.playbilling.provider.PaymentActivity t155}#8674](this:0xb400007b643747e0,id:-1,api:0,p:-1,c:-1) BufferQueue core=(1064:/system/bin/surfaceflinger)
09-16 17:09:03.523  1064  1064 D SurfaceFlinger: Focus addInputWindowCommands timestamp=19466780378852, windowName=fa9a2c1 br.com.melhorafotoai.twa/com.google.androidbrowserhelper.playbilling.provider.PaymentActivity
09-16 17:09:03.525  1064  1716 D SurfaceFlinger: updateWinowInfo=1, setFocusedWindow timestamp=19466780378852, windowName=fa9a2c1 br.com.melhorafotoai.twa/com.google.androidbrowserhelper.playbilling.provider.PaymentActivity
09-16 17:09:03.526  2628  2725 D MiuiFreeformModeAnimation: startAnimation change: {null m=OPEN f=TRANSLUCENT|FILLS_TASK leash=Surface(name=ActivityRecord{c31e6ea u0 br.com.melhorafotoai.twa/com.google.androidbrowserhelper.playbilling.provider.PaymentActivity t155}#8667)/@0x1178943 sb=Rect(0, 0 - 0, 0) eb=Rect(0, 0 - 1220, 2712) d=-1->0 r=-1->0:-1 windowMode=0->1 bc=ff000000 component=br.com.melhorafotoai.twa/com.google.androidbrowserhelper.playbilling.provider.PaymentActivity} info.getType(): 1
09-16 17:09:03.526  1064  1285 I BufferQueueDebug: [9c878c ActivityRecordInputSink br.com.melhorafotoai.twa/com.google.androidbrowserhelper.playbilling.provider.PaymentActivity#8675](this:0xb400007b64340670,id:-1,api:0,p:-1,c:-1) BufferQueue core=(1064:/system/bin/surfaceflinger)
09-16 17:09:03.527  6607  6620 I Finsky  : [2942] br.com.melhorafotoai.twa: Account determined from installer data - [9D1QEleBtuuJ6goBGEaPSyZJc25CWGxq6RZEcxEYgjY]
09-16 17:09:03.527  6607  6620 I Finsky  : [2942] Billing preferred account via installer for br.com.melhorafotoai.twa: [9D1QEleBtuuJ6goBGEaPSyZJc25CWGxq6RZEcxEYgjY]
09-16 17:09:03.527  6607  6620 W Finsky  : [2942] Got api version 25 for account: [9D1QEleBtuuJ6goBGEaPSyZJc25CWGxq6RZEcxEYgjY]
09-16 17:09:03.532  1064  1285 I SurfaceFlinger: onHandleDestroyed: name=Transition Root #651: ActivityRecord{c31e6ea u0 br.com.melhorafotoai.twa/com.google.androidbrowserhelper.playbilling.provider.PaymentActivity t155}#8674, layerId=8674, parentId=0
09-16 17:09:03.536  1808  4055 D WindowManager: Collecting in transition 652: ActivityRecord{b0623ab u0 br.com.melhorafotoai.twa/com.android.billingclient.api.ProxyBillingActivity init visibleRequested:false
09-16 17:09:03.536  1808  4055 D MiuiFreeformServiceImpl: addLaunchFreeformActivityOptionIfNeed skip due to not find sourceTask: null sourceFfas: null sourceFreeFormActivity: ActivityRecord{c31e6ea u0 br.com.melhorafotoai.twa/com.google.androidbrowserhelper.playbilling.provider.PaymentActivity t155}
09-16 17:09:03.536  1808  1864 I ActivityTaskManager: Displayed br.com.melhorafotoai.twa/com.google.androidbrowserhelper.playbilling.provider.PaymentActivity for user 0: +75ms
09-16 17:09:03.537  1064  1285 I BufferQueueDebug: [ActivityRecord{b0623ab u0 br.com.melhorafotoai.twa/com.android.billingclient.api.ProxyBillingActivity t155}#8676](this:0xb400007b64351c40,id:-1,api:0,p:-1,c:-1) BufferQueue core=(1064:/system/bin/surfaceflinger)
09-16 17:09:03.538  1808  4055 D ActivityTaskManager: Not add starting window, the reason is: windowIsTranslucent = true  windowIsFloating = false  this = ActivityRecord{b0623ab u0 br.com.melhorafotoai.twa/com.android.billingclient.api.ProxyBillingActivity t155} activityName = br.com.melhorafotoai.twa/com.android.billingclient.api.ProxyBillingActivity
09-16 17:09:03.538  1808  4055 D WindowManager: All the checks have been done, return STARTING_WINDOW_TYPE_NONE. this = ActivityRecord{b0623ab u0 br.com.melhorafotoai.twa/com.android.billingclient.api.ProxyBillingActivity t155}
09-16 17:09:03.538  1808  4055 I WindowManager: Try to add startingWindow type = STARTING_WINDOW_TYPE_NONE this = ActivityRecord{b0623ab u0 br.com.melhorafotoai.twa/com.android.billingclient.api.ProxyBillingActivity t155} preAllowTaskSnapshot = true afterAllowTaskSnapshot = true newTask = false taskSwitch = false processRunning = true activityCreated = false activityAllDrawn = false isSnapshotCompatible = false resolvedTheme = 0 theme = 16973840
09-16 17:09:03.538  1808  4055 I PowerHalWrapper: amsBoostNotify pid:3431,activity:com.google.androidbrowserhelper.playbilling.provider.PaymentActivity, package:br.com.melhorafotoai.twa, mProcessCreatePackbr.com.melhorafotoai.twa 
09-16 17:09:03.539  1808  4055 I mtkpower_client: [PowerHal_Wrap_notifyAppState] br.com.melhorafotoai.twa/com.google.androidbrowserhelper.playbilling.provider.PaymentActivity pid=3431 activityId:204596970 state:0
09-16 17:09:03.539   993  1010 I MTK_APPList: [getForegroundAPPInfo]  br.com.melhorafotoai.twa/com.google.androidbrowserhelper.playbilling.provider.PaymentActivity (pid=3431)
09-16 17:09:03.539   993  1010 I vendor.mediatek.hardware.mtkpower_applist-service.mediatek: MIUI ADDpackName: br.com.melhorafotoai.twa actName: com.google.androidbrowserhelper.playbilling.provider.PaymentActivity
09-16 17:09:03.539   993  1010 I vendor.mediatek.hardware.mtkpower_applist-service.mediatek: packName: br.com.melhorafotoai.twa actName: com.google.androidbrowserhelper.playbilling.provider.PaymentActivity pid: 3431 uid: 10307 state: 0
09-16 17:09:03.539   993  1010 I MTK_APPList: [notifyAPPstate] br.com.melhorafotoai.twa/com.google.androidbrowserhelper.playbilling.provider.PaymentActivity, pid=3431, uid=10307, state:PAUSED, fps:-1, win:0
09-16 17:09:03.540  1064  1064 I BufferQueueDebug: [Transition Root #651: ActivityRecord{c31e6ea u0 br.com.melhorafotoai.twa/com.google.androidbrowserhelper.playbilling.provider.PaymentActivity t155}#8674](this:0xb400007b643747e0,id:-1,api:0,p:-1,c:1064) onDestructor()
09-16 17:09:03.540  1808  4055 D WindowManager: Collecting in transition 652: ActivityRecord{b0623ab u0 br.com.melhorafotoai.twa/com.android.billingclient.api.ProxyBillingActivity t155} init visibleRequested:false
09-16 17:09:03.541  1808  4055 I ActivityTaskManager: START u0 {cmp=br.com.melhorafotoai.twa/com.android.billingclient.api.ProxyBillingActivity (has extras)} with LAUNCH_MULTIPLE from uid 10307 from pid 3431 callingPackage br.com.melhorafotoai.twa (BAL_ALLOW_VISIBLE_WINDOW) result code=0
09-16 17:09:03.542  3431  8988 D TwaBilling.P: Payment flow launch: 0
09-16 17:09:03.542  2628  2725 I SoScStageCoordinator: Transition requested:TransitionRequestInfo { type = OPEN, triggerTask = TaskInfo{userId=0 taskId=155 displayId=0 isRunning=true baseIntent=Intent { act=android.intent.action.MAIN cat=[android.intent.category.LAUNCHER] flg=0x10200000 cmp=br.com.melhorafotoai.twa/.LauncherActivity } baseActivity=ComponentInfo{br.com.melhorafotoai.twa/br.com.melhorafotoai.twa.LauncherActivity} topActivity=ComponentInfo{br.com.melhorafotoai.twa/com.android.billingclient.api.ProxyBillingActivity} origActivity=null realActivity=ComponentInfo{br.com.melhorafotoai.twa/br.com.melhorafotoai.twa.LauncherActivity} numActivities=4 lastActiveTime=24080219 supportsSplitScreenMultiWindow=true supportsMultiWindow=true resizeMode=1 isResizeable=true minWidth=-1 minHeight=-1 defaultMinSize=200 token=WCT{android.window.IWindowContainerToken$Stub$Proxy@d8eddbb} topActivityType=1 pictureInPictureParams=null shouldDockBigOverlays=false launchIntoPipHostTaskId=-1 lastParentTaskIdBeforePip=-1 displayCutoutSafeInsets=null topActivityInfo=ActivityInfo{70592d8 com.android.billingclient.api.ProxyBillingActivity} launchCookies=[] positionInParent=Point(0, 0) parentTaskId=-1 isFocused=true isVisible=true isVisibleRequested=true isSleeping=false locusId=null displayAreaFeatureId=1 isTopActivityTransparent=true appCompatTaskInfo=AppCompatTaskInfo { topActivityInSizeCompat=false topActivityEligibleForLetterboxEducation= falseisLetterboxEducationEnabled= false isLetterboxDoubleTapEnabled= false topActivityEligibleForUserAspectRatioButton= false topActivityBoundsLetterboxed= false isFromLetterboxDoubleTap= false topActivityLetterboxVerticalPosition= -1 topActivityLetterboxHorizontalPosition= -1 topActivityLetterboxWidth=1220 topActivityLetterboxHeight=2712 isUserFullscreenOverrideEnabled=false isSystemFullscreenOverrideEnabled=false cameraCompatTaskInfo=CameraCompatTaskInfo { cameraCompatControlState=hidden freeformCameraCompatMode=inactive}} isImmersive=false mTopActivityRequestOrientation=1 mBehindAppLockPkg=null mOriginatingUid=0 isEmbedded=false shouldBeVisible=true mIsCastMode=false mTopActivityMediaSize=null mTopActivityRecordName=ActivityRecord{b0623ab u0 br.com.melhorafotoai.twa/com.android.billingclient.api.ProxyBillingActivity t155} mTopActivityOrientation=-2}, pipTask = null, remoteTransition = null, displayChange = null, flags = 0, debugId = 652 } isSoScActive:false triggerTask:TaskInfo{userId=0 taskId=155 displayId=0 isRunning=true baseIntent=Intent { act=android.intent.action.MAIN cat=[android.intent.category.LAUNCHER] flg=0x10200000 cmp=br.com.melhorafotoai.twa/.LauncherActivity } baseActivity=ComponentInfo{br.com.melhorafotoai.twa/br.com.melhorafotoai.twa.LauncherActivity} topActivity=ComponentInfo{br.com.melhorafotoai.twa/com.android.billingclient.api.ProxyBillingActivity} origActivity=null realActivity=ComponentInfo{br.com.melhorafotoai.twa/br.com.melhorafotoai.twa.LauncherActivity} numActivities=4 lastActiveTime=24080219 supportsSplitScreenMultiWindow=true supportsMultiWindow=true resizeMode=1 isResizeable=true minWidth=-1 minHeight=-1 defaultMinSize=200 token=WCT{android.window.IWindowContainerToken$Stub$Proxy@d8eddbb} topActivityType=1 pictureInPictureParams=null shouldDockBigOverlays=false launchIntoPipHostTaskId=-1 lastParentTaskIdBeforePip=-1 displayCutoutSafeInsets=null topActivityInfo=ActivityInfo{70592d8 com.android.billingclient.api.ProxyBillingActivity} launchCookies=[] positionInParent=Point(0, 0) parentTaskId=-1 isFocused=true isVisible=true isVisibleRequested=true isSleeping=false locusId=null displayAreaFeatureId=1 isTopActivityTransparent=true appCompatTaskInfo=AppCompatTaskInfo { topActivityInSizeCompat=false topActivityEligibleForLetterboxEducation= falseisLetterboxEducationEnabled= false isLetterboxDoubleTapEnabled= false topActivityEligibleForUserAspectRatioButton= false topActivityBoundsLetterboxed= false isFromLetterboxDoubleTap= false topActivityLetterboxVerticalPosition= -1 topActivityLetterboxHorizontalPosition= -1 topActivityLetterboxWidth=1220 topActivityLetterboxHeight=2712 isU
09-16 17:09:03.543  1808  4861 D WindowManager: Collecting in transition 652: ActivityRecord{b0623ab u0 br.com.melhorafotoai.twa/com.android.billingclient.api.ProxyBillingActivity t155} init visibleRequested:false
09-16 17:09:03.544  1808  4861 D WindowManager: Collecting in transition 652: ActivityRecord{b0623ab u0 br.com.melhorafotoai.twa/com.android.billingclient.api.ProxyBillingActivity t155} init visibleRequested:true
09-16 17:09:03.545  1808  4861 W WindowManager: Changing focus from Window{fa9a2c1 u0 br.com.melhorafotoai.twa/com.google.androidbrowserhelper.playbilling.provider.PaymentActivity} to null displayId=0 Callers=com.android.server.wm.RootWindowContainer.updateFocusedWindowLocked:602 com.android.server.wm.WindowManagerService.updateFocusedWindowLocked:7168 com.android.server.wm.ActivityTaskManagerService.setLastResumedActivityUncheckLocked:5842 com.android.server.wm.ActivityTaskSupervisor.updateTopResumedActivityIfNeeded:2452 
09-16 17:09:03.545  1808  4861 I PowerHalWrapper: amsBoostNotify pid:3431,activity:com.android.billingclient.api.ProxyBillingActivity, package:br.com.melhorafotoai.twa, mProcessCreatePackbr.com.melhorafotoai.twa 
09-16 17:09:03.545  1808  4861 I mtkpower_client: [PowerHal_Wrap_notifyAppState] br.com.melhorafotoai.twa/com.android.billingclient.api.ProxyBillingActivity pid=3431 activityId:184951723 state:1
09-16 17:09:03.545   993  1010 I MTK_APPList: [getForegroundAPPInfo]  br.com.melhorafotoai.twa/com.google.androidbrowserhelper.playbilling.provider.PaymentActivity (pid=3431)
09-16 17:09:03.545   993  1010 I vendor.mediatek.hardware.mtkpower_applist-service.mediatek: MIUI ADDpackName: br.com.melhorafotoai.twa actName: com.google.androidbrowserhelper.playbilling.provider.PaymentActivity
09-16 17:09:03.545   993  1010 I vendor.mediatek.hardware.mtkpower_applist-service.mediatek: packName: br.com.melhorafotoai.twa actName: com.android.billingclient.api.ProxyBillingActivity pid: 3431 uid: 10307 state: 1
09-16 17:09:03.545   993  1010 I MTK_APPList: [notifyAPPstate] br.com.melhorafotoai.twa/com.android.billingclient.api.ProxyBillingActivity, pid=3431, uid=10307, state:RESUMED, fps:-1, win:0
09-16 17:09:03.545   993  1010 I MTK_APPList: [notifyAPPstate] multi_resumed_app_info[0] br.com.melhorafotoai.twa/com.android.billingclient.api.ProxyBillingActivity, pid:3431, fps:-1, isMultiWindow:0
09-16 17:09:03.546   993  1010 I MTK_APPList: [notifyAPPstate] act org.chromium.chrome.browser.customtabs.TranslucentCustomTabActivity => com.android.billingclient.api.ProxyBillingActivity
09-16 17:09:03.547  1808  4861 I BLASTSyncEngine: SyncGroup 652:  Unfinished container:ActivityRecord{b0623ab u0 br.com.melhorafotoai.twa/com.android.billingclient.api.ProxyBillingActivity t155}
09-16 17:09:03.547  1808  4861 I BLASTSyncEngine: isActivitySyncFinished isSyncFinished false ActivityRecord{b0623ab u0 br.com.melhorafotoai.twa/com.android.billingclient.api.ProxyBillingActivity t155}
09-16 17:09:03.552  1808  4861 I SmartPower: com.android.vending:instant_app_installer/10154(10348): idle->invisible(364467ms) R(become foreground) adj=975.
09-16 17:09:03.552  1808  4861 I SmartPower: com.android.vending/10154(6607): background->invisible(30ms) R(become foreground) adj=250.
09-16 17:09:03.552  1808  4861 I SmartPower: com.android.vending:background/10154(6721): idle->invisible(364466ms) R(become foreground) adj=965.
09-16 17:09:03.552  1808  4861 D WindowManager: Collecting in transition 652: ActivityRecord{2efb59e u0 com.android.vending/com.google.android.finsky.billing.acquire.LockToPortraitUiBuilderHostActivity init visibleRequested:false
09-16 17:09:03.552  1808  4861 D MiuiFreeformServiceImpl: addLaunchFreeformActivityOptionIfNeed skip due to not find sourceTask: null sourceFfas: null sourceFreeFormActivity: ActivityRecord{b0623ab u0 br.com.melhorafotoai.twa/com.android.billingclient.api.ProxyBillingActivity t155}
09-16 17:09:03.553  1064  1285 I BufferQueueDebug: [ActivityRecord{2efb59e u0 com.android.vending/com.google.android.finsky.billing.acquire.LockToPortraitUiBuilderHostActivity t155}#8677](this:0xb400007b643747e0,id:-1,api:0,p:-1,c:-1) BufferQueue core=(1064:/system/bin/surfaceflinger)
09-16 17:09:03.554  1808  4861 D ActivityTaskManager: Not add starting window, the reason is: windowIsTranslucent = true  windowIsFloating = false  this = ActivityRecord{2efb59e u0 com.android.vending/com.google.android.finsky.billing.acquire.LockToPortraitUiBuilderHostActivity t155} activityName = com.android.vending/com.google.android.finsky.billing.acquire.LockToPortraitUiBuilderHostActivity
09-16 17:09:03.554  1808  4861 D WindowManager: All the checks have been done, return STARTING_WINDOW_TYPE_NONE. this = ActivityRecord{2efb59e u0 com.android.vending/com.google.android.finsky.billing.acquire.LockToPortraitUiBuilderHostActivity t155}
09-16 17:09:03.554  1808  4861 I WindowManager: Try to add startingWindow type = STARTING_WINDOW_TYPE_NONE this = ActivityRecord{2efb59e u0 com.android.vending/com.google.android.finsky.billing.acquire.LockToPortraitUiBuilderHostActivity t155} preAllowTaskSnapshot = true afterAllowTaskSnapshot = true newTask = false taskSwitch = false processRunning = true activityCreated = false activityAllDrawn = false isSnapshotCompatible = false resolvedTheme = 0 theme = 2132083198
09-16 17:09:03.555  1808  4861 I PowerHalWrapper: amsBoostNotify pid:3431,activity:com.android.billingclient.api.ProxyBillingActivity, package:br.com.melhorafotoai.twa, mProcessCreatePackbr.com.melhorafotoai.twa 
09-16 17:09:03.555  1808  4861 I mtkpower_client: [PowerHal_Wrap_notifyAppState] br.com.melhorafotoai.twa/com.android.billingclient.api.ProxyBillingActivity pid=3431 activityId:184951723 state:0
09-16 17:09:03.555   993  1010 I MTK_APPList: [getForegroundAPPInfo]  br.com.melhorafotoai.twa/com.android.billingclient.api.ProxyBillingActivity (pid=3431)
09-16 17:09:03.555   993  1010 I vendor.mediatek.hardware.mtkpower_applist-service.mediatek: MIUI ADDpackName: br.com.melhorafotoai.twa actName: com.android.billingclient.api.ProxyBillingActivity
09-16 17:09:03.555   993  1010 I vendor.mediatek.hardware.mtkpower_applist-service.mediatek: packName: br.com.melhorafotoai.twa actName: com.android.billingclient.api.ProxyBillingActivity pid: 3431 uid: 10307 state: 0
09-16 17:09:03.555   993  1010 I MTK_APPList: [notifyAPPstate] br.com.melhorafotoai.twa/com.android.billingclient.api.ProxyBillingActivity, pid=3431, uid=10307, state:PAUSED, fps:-1, win:0
09-16 17:09:03.556  1808  4861 I PowerHalWrapper: <amsBoostResume> last:br.com.melhorafotoai.twa, next:com.android.vendinghasATProcess:false 
09-16 17:09:03.556  1808  4861 D WindowManager: Collecting in transition 652: ActivityRecord{2efb59e u0 com.android.vending/com.google.android.finsky.billing.acquire.LockToPortraitUiBuilderHostActivity t155} init visibleRequested:false
09-16 17:09:03.557  1808  4861 I ActivityTaskManager: START u0 {act=com.google.android.finsky.portrait.UI_BUILDER dat=iabData: pkg=com.android.vending cmp=com.android.vending/com.google.android.finsky.billing.acquire.LockToPortraitUiBuilderHostActivity (has extras)} with LAUNCH_MULTIPLE from uid 10154 from pid -1 callingPackage com.android.vending (realCallingUid=10307) (BAL_ALLOW_VISIBLE_WINDOW) result code=0
09-16 17:09:03.561  3431  3431 D VRI[ProxyBillingActivity]: hardware acceleration = true, forceHwAccelerated = false
09-16 17:09:03.562  1064  1285 I BufferQueueDebug: [8f42911 br.com.melhorafotoai.twa/com.android.billingclient.api.ProxyBillingActivity#8679](this:0xb400007b64316bb0,id:-1,api:0,p:-1,c:-1) BufferQueue core=(1064:/system/bin/surfaceflinger)
09-16 17:09:03.564  2387  2387 D RecentsImpl: mActivityStateObserver com.android.billingclient.api.ProxyBillingActivity
09-16 17:09:03.565  1808  4055 D WindowManager: Collecting in transition 652: ActivityRecord{2efb59e u0 com.android.vending/com.google.android.finsky.billing.acquire.LockToPortraitUiBuilderHostActivity t155} init visibleRequested:false
09-16 17:09:03.566  2387  2387 W RecentsImpl: updateStubViewVisibility, className=com.android.billingclient.api.ProxyBillingActivity
09-16 17:09:03.566  1808  4055 D WindowManager: Collecting in transition 652: ActivityRecord{2efb59e u0 com.android.vending/com.google.android.finsky.billing.acquire.LockToPortraitUiBuilderHostActivity t155} init visibleRequested:true
09-16 17:09:03.567  1808  4055 I PowerHalWrapper: amsBoostNotify pid:6607,activity:com.google.android.finsky.billing.acquire.LockToPortraitUiBuilderHostActivity, package:com.android.vending, mProcessCreatePackbr.com.melhorafotoai.twa 
09-16 17:09:03.567  1808  4055 I mtkpower_client: [PowerHal_Wrap_notifyAppState] com.android.vending/com.google.android.finsky.billing.acquire.LockToPortraitUiBuilderHostActivity pid=6607 activityId:49264030 state:1
09-16 17:09:03.567   993  1010 I MTK_APPList: [getForegroundAPPInfo]  br.com.melhorafotoai.twa/com.android.billingclient.api.ProxyBillingActivity (pid=3431)
09-16 17:09:03.567   993  1010 I vendor.mediatek.hardware.mtkpower_applist-service.mediatek: MIUI ADDpackName: br.com.melhorafotoai.twa actName: com.android.billingclient.api.ProxyBillingActivity
09-16 17:09:03.567   993  1010 I vendor.mediatek.hardware.mtkpower_applist-service.mediatek: packName: com.android.vending actName: com.google.android.finsky.billing.acquire.LockToPortraitUiBuilderHostActivity pid: 6607 uid: 10154 state: 1
09-16 17:09:03.567   993  1010 I MTK_APPList: [notifyAPPstate] com.android.vending/com.google.android.finsky.billing.acquire.LockToPortraitUiBuilderHostActivity, pid=6607, uid=10154, state:RESUMED, fps:-1, win:0
09-16 17:09:03.567   993  1010 I MTK_APPList: [notifyAPPstate] multi_resumed_app_info[0] com.android.vending/com.google.android.finsky.billing.acquire.LockToPortraitUiBuilderHostActivity, pid:6607, fps:-1, isMultiWindow:0
09-16 17:09:03.567   993  1010 I MTK_APPList: [notifyAPPstate] foreground:com.android.vending, pid:6607, uid:10154
09-16 17:09:03.568  1449 20783 D ResourceManagerServiceNew: update package name: com.android.vending
09-16 17:09:03.568   993  1010 I MTK_APPList: [notifyAPPstate] pc:0, br.com.melhorafotoai.twa => com.android.vending
09-16 17:09:03.568  1449 20783 D ResourceManagerServiceNew: packageName: com.android.vending, uid : 10154, hashCode : 261793919
09-16 17:09:03.569  1808  4055 I BLASTSyncEngine: SyncGroup 652:  Unfinished container:ActivityRecord{b0623ab u0 br.com.melhorafotoai.twa/com.android.billingclient.api.ProxyBillingActivity t155}
09-16 17:09:03.569  1808  4055 I BLASTSyncEngine: isActivitySyncFinished isSyncFinished false ActivityRecord{b0623ab u0 br.com.melhorafotoai.twa/com.android.billingclient.api.ProxyBillingActivity t155}
09-16 17:09:03.569  3431  3431 D DecorViewImmersiveImpl: onAttachedToWindow:br.com.melhorafotoai.twa/com.android.billingclient.api.ProxyBillingActivity
09-16 17:09:03.570  1808  4055 D CoreBackPreview: Window{8f42911 u0 br.com.melhorafotoai.twa/com.android.billingclient.api.ProxyBillingActivity}: Setting back callback OnBackInvokedCallbackInfo{mCallback=android.window.IOnBackInvokedCallback$Stub$Proxy@71aace4, mPriority=0, mIsAnimationCallback=false}
09-16 17:09:03.570  1064  1285 I BufferQueueDebug: [br.com.melhorafotoai.twa/com.android.billingclient.api.ProxyBillingActivity#8680](this:0xb400007b64343e00,id:-1,api:0,p:-1,c:-1) BufferQueue core=(1064:/system/bin/surfaceflinger)
09-16 17:09:03.573  1808  4889 I BLASTSyncEngine: SyncGroup 652:  Unfinished container:ActivityRecord{b0623ab u0 br.com.melhorafotoai.twa/com.android.billingclient.api.ProxyBillingActivity t155}
09-16 17:09:03.573  1808  4889 I BLASTSyncEngine: isActivitySyncFinished isSyncFinished false ActivityRecord{b0623ab u0 br.com.melhorafotoai.twa/com.android.billingclient.api.ProxyBillingActivity t155}
09-16 17:09:03.574  1808  4889 I WindowManager: Relayout Window{8f42911 u0 br.com.melhorafotoai.twa/com.android.billingclient.api.ProxyBillingActivity}: oldVis=4 newVis=0 focusMayChange = true requestedWidth = 1220 requestedHeight = 2712 outFrames = ClientWindowFrames{frame=[0,0][1220,2712] display=[0,0][1220,2712] parentFrame=[0,0][0,0]} outSurfaceControl = Surface(name=br.com.melhorafotoai.twa/com.android.billingclient.api.ProxyBillingActivity#8680)/@0x47b350
09-16 17:09:03.575  1808  4889 I ClipboardServiceI: checkProviderWakePathForClipboard: com.android.vendingis not a activePermissionOwner
09-16 17:09:03.576  3431  3431 D BLASTBufferQueue: [VRI[ProxyBillingActivity]#2](f:0,a:0) constructor()
09-16 17:09:03.576  3431  3431 D BLASTBufferQueue: [VRI[ProxyBillingActivity]#2](f:0,a:0) update width=1220 height=2712 format=-2 mTransformHint=0
09-16 17:09:03.576  5936 12018 D PerfEngineController: ForegroundInfo{mForegroundPackageName='com.android.vending', mForegroundUid=10154, mForegroundPid=6607, mLastForegroundPackageName='br.com.melhorafotoai.twa', mLastForegroundUid=10307, mLastForegroundPid=3431, mMultiWindowForegroundPackageName='com.android.vending', mMultiWindowForegroundUid=10154, mFlags=0}
09-16 17:09:03.577  7554  7598 I GST     : forePkg: com.android.vending, preForePkg: br.com.melhorafotoai.twa
09-16 17:09:03.577  3431  3431 D VRI[ProxyBillingActivity]: vri.reportNextDraw android.view.ViewRootImpl.performTraversals:4984 android.view.ViewRootImpl.doTraversal:3564 android.view.ViewRootImpl$TraversalRunnable.run:11781 android.view.Choreographer$CallbackRecord.run:1809 android.view.Choreographer$CallbackRecord.run:1818 
09-16 17:09:03.577  3431  3431 D VRI[ProxyBillingActivity]: Setup new sync=wmsSync-VRI[ProxyBillingActivity]#4
09-16 17:09:03.578  5737  9844 I ProcessMonitor: onForegroundInfoChanged: ForegroundInfo{mForegroundPackageName='com.android.vending', mForegroundUid=10154, mForegroundPid=6607, mLastForegroundPackageName='br.com.melhorafotoai.twa', mLastForegroundUid=10307, mLastForegroundPid=3431, mMultiWindowForegroundPackageName='com.android.vending', mMultiWindowForegroundUid=10154, mFlags=0}
09-16 17:09:03.579  5737  9844 I GameBoosterService: onForegroundInfoChanged: Cur=com.android.vending	 last=br.com.melhorafotoai.twa
09-16 17:09:03.579  5737  9844 D GameBoosterService: onGameStatusChange foreground:ForegroundInfo{mForegroundPackageName='com.android.vending', mForegroundUid=10154, mForegroundPid=6607, mLastForegroundPackageName='br.com.melhorafotoai.twa', mLastForegroundUid=10307, mLastForegroundPid=3431, mMultiWindowForegroundPackageName='com.android.vending', mMultiWindowForegroundUid=10154, mFlags=0}
09-16 17:09:03.580  5737  9844 I BeautyService: onForegroundInfoChanged: Cur=com.android.vending	 last=br.com.melhorafotoai.twa
09-16 17:09:03.580  3431  8888 D BLASTBufferQueue: [VRI[ProxyBillingActivity]#2](f:0,a:1) acquireNextBufferLocked size=1220x2712 mFrameNumber=1 applyTransaction=true mTimestamp=19466847577852(auto) mPendingTransactions.size=0 graphicBufferId=14736032792584 transform=0
09-16 17:09:03.581  3431  3431 D VRI[ProxyBillingActivity]: vri.reportDrawFinished
09-16 17:09:03.581  1808  2941 D WindowManager: wms.finishDrawingLocked: mDrawState=COMMIT_DRAW_PENDING Window{8f42911 u0 br.com.melhorafotoai.twa/com.android.billingclient.api.ProxyBillingActivity} in Surface(name=br.com.melhorafotoai.twa/com.android.billingclient.api.ProxyBillingActivity#8680)/@0xa162802
09-16 17:09:03.582  1808  1888 I BLASTSyncEngine: SyncGroup 652:  Unfinished container:ActivityRecord{2efb59e u0 com.android.vending/com.google.android.finsky.billing.acquire.LockToPortraitUiBuilderHostActivity t155}
09-16 17:09:03.582  1808  1888 I BLASTSyncEngine: isActivitySyncFinished isSyncFinished false ActivityRecord{2efb59e u0 com.android.vending/com.google.android.finsky.billing.acquire.LockToPortraitUiBuilderHostActivity t155}
09-16 17:09:03.583  1808  1888 I BLASTSyncEngine: SyncGroup 652:  Unfinished container:ActivityRecord{2efb59e u0 com.android.vending/com.google.android.finsky.billing.acquire.LockToPortraitUiBuilderHostActivity t155}
09-16 17:09:03.583  1808  1888 I BLASTSyncEngine: isActivitySyncFinished isSyncFinished false ActivityRecord{2efb59e u0 com.android.vending/com.google.android.finsky.billing.acquire.LockToPortraitUiBuilderHostActivity t155}
09-16 17:09:03.587  1064  1731 D MI-SF   : updateScene: module = 258 (TpIdle), value = 1, pkg = com.android.vending
09-16 17:09:03.587  1808  2285 I AudioGameEffect: foreground change to com.android.vending, last foreground is br.com.melhorafotoai.twa
09-16 17:09:03.595  1808  4861 I ClipboardServiceI: checkProviderWakePathForClipboard: com.android.vendingis not a activePermissionOwner
09-16 17:09:03.605  1808  4861 D BiometricService/PreAuthInfo: Package: com.android.vending Sensor ID: 8 Modality: 8 Status: 4
09-16 17:09:03.606  1808  4861 D BiometricService/PreAuthInfo: Package: com.android.vending Sensor ID: 5 Modality: 2 Status: 1
09-16 17:09:03.608  1808  4861 D BiometricService/PreAuthInfo: Package: com.android.vending Sensor ID: 8 Modality: 8 Status: 4
09-16 17:09:03.608  1808  4861 D BiometricService/PreAuthInfo: Package: com.android.vending Sensor ID: 5 Modality: 2 Status: 1
09-16 17:09:03.609  1808  4861 D BiometricService/PreAuthInfo: Package: com.android.vending Sensor ID: 8 Modality: 8 Status: 4
09-16 17:09:03.609  1808  4861 D BiometricService/PreAuthInfo: Package: com.android.vending Sensor ID: 5 Modality: 2 Status: 1
09-16 17:09:03.616  1808  4861 D BiometricService/PreAuthInfo: Package: com.android.vending Sensor ID: 8 Modality: 8 Status: 4
09-16 17:09:03.616  1808  4861 D BiometricService/PreAuthInfo: Package: com.android.vending Sensor ID: 5 Modality: 2 Status: 1
09-16 17:09:03.620  6607  6624 D ActivityThread: the event that target app starts is : AppLaunchEvent{mType='441', mProcessName='com.android.vending', mPackageName='com.android.vending', mIsMainProcess='true', mVersionCode='84793030', mLaunchTime='2025-09-16'}
09-16 17:09:03.621  1064  1285 D SurfaceFlinger: [SF client] NEW(0xb4000079f40d4c30) for (6607:com.android.vending)
09-16 17:09:03.626  1064  1285 I BufferQueueDebug: [969080 com.android.vending/com.google.android.finsky.billing.acquire.LockToPortraitUiBuilderHostActivity#8681](this:0xb400007b6435c2f0,id:-1,api:0,p:-1,c:-1) BufferQueue core=(1064:/system/bin/surfaceflinger)
09-16 17:09:03.629  6607  6607 D DecorViewImmersiveImpl: onAttachedToWindow:com.android.vending/com.google.android.finsky.billing.acquire.LockToPortraitUiBuilderHostActivity
09-16 17:09:03.629  1808  4861 D CoreBackPreview: Window{969080 u0 com.android.vending/com.google.android.finsky.billing.acquire.LockToPortraitUiBuilderHostActivity}: Setting back callback OnBackInvokedCallbackInfo{mCallback=android.window.IOnBackInvokedCallback$Stub$Proxy@216525f, mPriority=-1, mIsAnimationCallback=false}
09-16 17:09:03.630  1808  2779 D CoreBackPreview: Window{969080 u0 com.android.vending/com.google.android.finsky.billing.acquire.LockToPortraitUiBuilderHostActivity}: Setting back callback OnBackInvokedCallbackInfo{mCallback=android.window.IOnBackInvokedCallback$Stub$Proxy@51434ac, mPriority=0, mIsAnimationCallback=true}
09-16 17:09:03.633  1064  1731 I BufferQueueDebug: [com.android.vending/com.google.android.finsky.billing.acquire.LockToPortraitUiBuilderHostActivity#8682](this:0xb400007b6430c500,id:-1,api:0,p:-1,c:-1) BufferQueue core=(1064:/system/bin/surfaceflinger)
09-16 17:09:03.635  1808  2779 I BLASTSyncEngine: SyncGroup 652:  Unfinished container:ActivityRecord{2efb59e u0 com.android.vending/com.google.android.finsky.billing.acquire.LockToPortraitUiBuilderHostActivity t155}
09-16 17:09:03.635  1808  2779 I BLASTSyncEngine: isActivitySyncFinished isSyncFinished false ActivityRecord{2efb59e u0 com.android.vending/com.google.android.finsky.billing.acquire.LockToPortraitUiBuilderHostActivity t155}
09-16 17:09:03.635  1808  2779 W WindowManager: Changing focus from null to Window{969080 u0 com.android.vending/com.google.android.finsky.billing.acquire.LockToPortraitUiBuilderHostActivity} displayId=0 Callers=com.android.server.wm.RootWindowContainer.updateFocusedWindowLocked:602 com.android.server.wm.WindowManagerService.updateFocusedWindowLocked:7168 com.android.server.wm.WindowManagerService.relayoutWindowInner:3076 com.android.server.wm.WindowManagerService.relayoutWindow:2724 
09-16 17:09:03.637  1808  2779 D WindowManager: wms.Input focus has changed to Window{969080 u0 com.android.vending/com.google.android.finsky.billing.acquire.LockToPortraitUiBuilderHostActivity} display=0 updateInputWindows = true
09-16 17:09:03.637  1808  2779 I WindowManager: Relayout Window{969080 u0 com.android.vending/com.google.android.finsky.billing.acquire.LockToPortraitUiBuilderHostActivity}: oldVis=4 newVis=0 focusMayChange = true requestedWidth = 1220 requestedHeight = 2712 outFrames = ClientWindowFrames{frame=[0,0][1220,2712] display=[0,0][1220,2712] parentFrame=[0,0][0,0]} outSurfaceControl = Surface(name=com.android.vending/com.google.android.finsky.billing.acquire.LockToPortraitUiBuilderHostActivity#8682)/@0xcf7b57b
09-16 17:09:03.640  1808  1888 D SurfaceComposerClient: Transaction::apply InputWindowCommands.focusRequests timestamp=19466905067698, windowName=969080 com.android.vending/com.google.android.finsky.billing.acquire.LockToPortraitUiBuilderHostActivity
09-16 17:09:03.647  1064  1064 D SurfaceFlinger: Focus addInputWindowCommands timestamp=19466905067698, windowName=969080 com.android.vending/com.google.android.finsky.billing.acquire.LockToPortraitUiBuilderHostActivity
09-16 17:09:03.650  1064  1716 D SurfaceFlinger: updateWinowInfo=1, setFocusedWindow timestamp=19466905067698, windowName=969080 com.android.vending/com.google.android.finsky.billing.acquire.LockToPortraitUiBuilderHostActivity
09-16 17:09:03.650  1808  4861 D WindowManager: wms.finishDrawingLocked: mDrawState=COMMIT_DRAW_PENDING Window{969080 u0 com.android.vending/com.google.android.finsky.billing.acquire.LockToPortraitUiBuilderHostActivity} in Surface(name=com.android.vending/com.google.android.finsky.billing.acquire.LockToPortraitUiBuilderHostActivity#8682)/@0xdad290a
09-16 17:09:03.651  6607  6607 I Finsky  : [2] Unable to report via RADS flow because the ScionPayloadData is null.
09-16 17:09:03.651  1808  1888 I WindowManager: wms.showSurfaceRobustly mWin:Window{8f42911 u0 br.com.melhorafotoai.twa/com.android.billingclient.api.ProxyBillingActivity}
09-16 17:09:03.652  1808  1888 I SmartPower: com.android.vending/10154(6607): invisible->visible(100ms) R(become visible) adj=0.
09-16 17:09:03.652  1808  1888 I WindowManager: wms.showSurfaceRobustly mWin:Window{969080 u0 com.android.vending/com.google.android.finsky.billing.acquire.LockToPortraitUiBuilderHostActivity}
09-16 17:09:03.652  1808  1888 D WindowManager: Final targets: [ActivityRecord{2efb59e u0 com.android.vending/com.google.android.finsky.billing.acquire.LockToPortraitUiBuilderHostActivity t155}, ActivityRecord{b0623ab u0 br.com.melhorafotoai.twa/com.android.billingclient.api.ProxyBillingActivity t155}]
09-16 17:09:03.652  1064  1731 I BufferQueueDebug: [Transition Root #652: ActivityRecord{2efb59e u0 com.android.vending/com.google.android.finsky.billing.acquire.LockToPortraitUiBuilderHostActivity t155}#8685](this:0xb400007b642e2a40,id:-1,api:0,p:-1,c:-1) BufferQueue core=(1064:/system/bin/surfaceflinger)
09-16 17:09:03.652  6607  6607 I Finsky  : [2] id: c
09-16 17:09:03.658  1808  1864 I ActivityTaskManager: Displayed com.android.vending/com.google.android.finsky.billing.acquire.LockToPortraitUiBuilderHostActivity for user 0: +117ms
09-16 17:09:03.658  2628  2725 D MiuiFreeformModeAnimation: startAnimation change: {null m=OPEN f=TRANSLUCENT|FILLS_TASK leash=Surface(name=ActivityRecord{2efb59e u0 com.android.vending/com.google.android.finsky.billing.acquire.LockToPortraitUiBuilderHostActivity t155}#8677)/@0xb2d8631 sb=Rect(0, 0 - 0, 0) eb=Rect(0, 0 - 1220, 2712) d=-1->0 r=-1->0:-1 windowMode=0->1 bc=fffafafa component=com.android.vending/com.google.android.finsky.billing.acquire.LockToPortraitUiBuilderHostActivity} info.getType(): 1
09-16 17:09:03.659  2628  2725 D MiuiFreeformModeAnimation: startAnimation change: {null m=OPEN f=TRANSLUCENT|FILLS_TASK leash=Surface(name=ActivityRecord{b0623ab u0 br.com.melhorafotoai.twa/com.android.billingclient.api.ProxyBillingActivity t155}#8676)/@0xc2b4116 sb=Rect(0, 0 - 0, 0) eb=Rect(0, 0 - 1220, 2712) d=-1->0 r=-1->0:-1 windowMode=0->1 bc=fffafafa component=br.com.melhorafotoai.twa/com.android.billingclient.api.ProxyBillingActivity} info.getType(): 1
09-16 17:09:03.659  1064  1285 I BufferQueueDebug: [2eaf81c ActivityRecordInputSink br.com.melhorafotoai.twa/com.android.billingclient.api.ProxyBillingActivity#8686](this:0xb400007b64358b60,id:-1,api:0,p:-1,c:-1) BufferQueue core=(1064:/system/bin/surfaceflinger)
09-16 17:09:03.659  1064  1731 I BufferQueueDebug: [3f057d9 ActivityRecordInputSink com.android.vending/com.google.android.finsky.billing.acquire.LockToPortraitUiBuilderHostActivity#8687](this:0xb400007b643249f0,id:-1,api:0,p:-1,c:-1) BufferQueue core=(1064:/system/bin/surfaceflinger)
09-16 17:09:03.666  1064  1731 I SurfaceFlinger: onHandleDestroyed: name=Transition Root #652: ActivityRecord{2efb59e u0 com.android.vending/com.google.android.finsky.billing.acquire.LockToPortraitUiBuilderHostActivity t155}#8685, layerId=8685, parentId=0
09-16 17:09:03.673  1064  1064 I BufferQueueDebug: [Transition Root #652: ActivityRecord{2efb59e u0 com.android.vending/com.google.android.finsky.billing.acquire.LockToPortraitUiBuilderHostActivity t155}#8685](this:0xb400007b642e2a40,id:-1,api:0,p:-1,c:1064) onDestructor()
09-16 17:09:03.678  2387  2942 W RecentsModel: getRunningTask   taskInfo=TaskInfo{userId=0 taskId=155 displayId=0 isRunning=true baseIntent=Intent { act=android.intent.action.MAIN cat=[android.intent.category.LAUNCHER] flg=0x10200000 cmp=br.com.melhorafotoai.twa/.LauncherActivity } baseActivity=ComponentInfo{br.com.melhorafotoai.twa/br.com.melhorafotoai.twa.LauncherActivity} topActivity=ComponentInfo{com.android.vending/com.google.android.finsky.billing.acquire.LockToPortraitUiBuilderHostActivity} origActivity=null realActivity=ComponentInfo{br.com.melhorafotoai.twa/br.com.melhorafotoai.twa.LauncherActivity} numActivities=5 lastActiveTime=24080360 supportsSplitScreenMultiWindow=true supportsMultiWindow=true resizeMode=1 isResizeable=true minWidth=-1 minHeight=-1 defaultMinSize=200 token=WCT{android.window.IWindowContainerToken$Stub$Proxy@b210e2f} topActivityType=1 pictureInPictureParams=null shouldDockBigOverlays=false launchIntoPipHostTaskId=-1 lastParentTaskIdBeforePip=-1 displayCutoutSafeInsets=null topActivityInfo=ActivityInfo{6bf8c3c com.google.android.finsky.billing.acquire.LockToPortraitUiBuilderHostActivity} launchCookies=[] positionInParent=Point(0, 0) parentTaskId=-1 isFocused=true isVisible=true isVisibleRequested=true isSleeping=false locusId=null displayAreaFeatureId=1 isTopActivityTransparent=true appCompatTaskInfo=AppCompatTaskInfo { topActivityInSizeCompat=false topActivityEligibleForLetterboxEducation= falseisLetterboxEducationEnabled= false isLetterboxDoubleTapEnabled= false topActivityEligibleForUserAspectRatioButton= false topActivityBoundsLetterboxed= false isFromLetterboxDoubleTap= false topActivityLetterboxVerticalPosition= -1 topActivityLetterboxHorizontalPosition= -1 topActivityLetterboxWidth=1220 topActivityLetterboxHeight=2712 isUserFullscreenOverrideEnabled=false isSystemFullscreenOverrideEnabled=false cameraCompatTaskInfo=CameraCompatTaskInfo { cameraCompatControlState=hidden freeformCameraCompatMode=inactive}} isImmersive=false mTopActivityRequestOrientation=1 mBehindAppLockPkg=null mOriginatingUid=0 isEmbedded=false shouldBeVisible=true mIsCastMode=false mTopActivityMediaSize=null mTopActivityRecordName=ActivityRecord{2efb59e u0 com.android.vending/com.google.android.finsky.billing.acquire.LockToPortraitUiBuilderHostActivity t155} mTopActivityOrientation=1}
09-16 17:09:03.708  2628  2628 D KeyguardEditorHelper: onTopActivityMayChanged, topActivity=ComponentInfo{com.android.vending/com.google.android.finsky.billing.acquire.LockToPortraitUiBuilderHostActivity}; mState=IDEL
09-16 17:09:03.735  6607  6607 I Finsky  : [2] Scion Payload refresh for Scion gets completed.
09-16 17:09:03.737  1808  2170 I ImeTracker: com.android.vending:2dafa5cd: onRequestHide at ORIGIN_SERVER reason HIDE_UNSPECIFIED_WINDOW fromUser false
09-16 17:09:03.738  1808  2170 I ImeTracker: com.android.vending:2dafa5cd: onCancelled at PHASE_SERVER_SHOULD_HIDE
09-16 17:09:03.742  4088  4088 I GoogleInputMethodService: GoogleInputMethodService.onStartInput():1318 onStartInput(EditorInfo{EditorInfo{packageName=com.android.vending, inputType=0, inputTypeString=NULL, enableLearning=false, autoCorrection=false, autoComplete=false, imeOptions=0, privateImeOptions=null, actionName=UNSPECIFIED, actionLabel=null, initialSelStart=-1, initialSelEnd=-1, initialCapsMode=0, label=null, fieldId=0, fieldName=null, extras=Bundle[mParcelledData.dataSize=72], hintText=null, hintLocales=[]}}, false)
09-16 17:09:03.743  1808  2941 W PackageConfigPersister: App-specific configuration not found for packageName: com.android.vending and userId: 0
09-16 17:09:03.778  7554  7623 I HeavyPackageIdentify: splitMode: false, splitPackages: null, foregroundPkg: com.android.vending
09-16 17:09:03.854  6607  9011 I Finsky  : [3115] Successfully fetched DroidGuard token for DG flow name phonesky_acquire_flow.
09-16 17:09:04.039  1808  2941 D BiometricService/PreAuthInfo: Package: com.android.vending Sensor ID: 8 Modality: 8 Status: 4
09-16 17:09:04.040  1808  2941 D BiometricService/PreAuthInfo: Package: com.android.vending Sensor ID: 5 Modality: 2 Status: 1
09-16 17:09:04.041  1808  2941 D BiometricService/PreAuthInfo: Package: com.android.vending Sensor ID: 8 Modality: 8 Status: 4
09-16 17:09:04.042  1808  2941 D BiometricService/PreAuthInfo: Package: com.android.vending Sensor ID: 5 Modality: 2 Status: 1
09-16 17:09:04.044  1808  2941 D BiometricService/PreAuthInfo: Package: com.android.vending Sensor ID: 8 Modality: 8 Status: 4
09-16 17:09:04.046  1808  2941 D BiometricService/PreAuthInfo: Package: com.android.vending Sensor ID: 5 Modality: 2 Status: 1
09-16 17:09:04.052  1808  2941 D BiometricService/PreAuthInfo: Package: com.android.vending Sensor ID: 8 Modality: 8 Status: 4
09-16 17:09:04.054  1808  2941 D BiometricService/PreAuthInfo: Package: com.android.vending Sensor ID: 5 Modality: 2 Status: 1
09-16 17:09:04.055  6607  6730 I Finsky  : [3008] Skipping a request to /bulkAcquire since cache has all the records.
09-16 17:09:04.652  1064  1064 I BufferQueueProducer: [com.android.vending/com.google.android.finsky.billing.acquire.LockToPortraitUiBuilderHostActivity#8682](this:0xb400007b6430c500,id:-1,api:0,p:-1,c:1064) queueBuffer: fps=65.68 dur=1004.85 max=315.18 min=7.86
09-16 17:09:05.657  1064  1064 I BufferQueueProducer: [com.android.vending/com.google.android.finsky.billing.acquire.LockToPortraitUiBuilderHostActivity#8682](this:0xb400007b6430c500,id:-1,api:0,p:-1,c:1064) queueBuffer: fps=52.77 dur=1004.37 max=522.93 min=7.84
09-16 17:09:08.045  1808  2159 I MIUIInput: [MotionEvent] publisher action=0x0, deviceId=6, 19471308, channel '969080 com.android.vending/com.google.android.finsky.billing.acquire.LockToPortraitUiBuilderHostActivity (server)'
09-16 17:09:08.047  6607  6607 I MIUIInput: [MotionEvent] ViewRootImpl windowName 'com.android.vending/com.google.android.finsky.billing.acquire.LockToPortraitUiBuilderHostActivity', { action=ACTION_DOWN, id[0]=0, pointerCount=1, eventTime=19471308, downTime=19471308, phoneEventTime=17:09:08.041 } moveCount:0
09-16 17:09:08.077  1808  2159 I MIUIInput: [MotionEvent] publisher action=0x1, deviceId=6, 19471343, channel '969080 com.android.vending/com.google.android.finsky.billing.acquire.LockToPortraitUiBuilderHostActivity (server)'
09-16 17:09:08.077  6607  6607 I MIUIInput: [MotionEvent] ViewRootImpl windowName 'com.android.vending/com.google.android.finsky.billing.acquire.LockToPortraitUiBuilderHostActivity', { action=ACTION_UP, id[0]=0, pointerCount=1, eventTime=19471343, downTime=19471308, phoneEventTime=17:09:08.076 } moveCount:0
09-16 17:09:08.090  6607  6607 I Finsky  : [2] id: bp
09-16 17:09:08.097  1064  1064 I BufferQueueProducer: [com.android.vending/com.googl